transaction_id,user_id,account_id,category_id,transaction_date,amount,running_balance,transaction_type,merchant_name,description
aa2a2b19-556b-4b7d-a64f-906fa26912f3,fa1aa036-57fe-468f-a774-776251cf3890,00169f9e-d9f0-4a7d-ada0-cc6c3eb72c25,aea49b50-348f-446b-9a35-c970ed3e3a8a,2025-01-01,14368.73,615545.1,expense,Housing Society,Rent payment
a05957c8-f7cd-440b-8aa5-3adc49d6d216,fa1aa036-57fe-468f-a774-776251cf3890,00169f9e-d9f0-4a7d-ada0-cc6c3eb72c25,0d3983fc-2dc6-40e8-898b-3e446f9ffcb2,2025-01-03,38111.04,653656.14,income,Company,Salary transfer
1ba8c1dc-fd92-4938-a922-ddf0531bbd0d,fa1aa036-57fe-468f-a774-776251cf3890,00169f9e-d9f0-4a7d-ada0-cc6c3eb72c25,9b12be40-523e-43ac-b1e0-56b200b39928,2025-01-04,35943.76,617712.38,expense,ICICI Lombard,Property insurance premium
78a74f05-f941-406d-babe-9178eee3626a,fa1aa036-57fe-468f-a774-776251cf3890,00169f9e-d9f0-4a7d-ada0-cc6c3eb72c25,08661166-7a9f-4744-8d50-d84bca0b6ebc,2025-01-04,17874.57,599837.81,expense,Adidas,Sports shoes
3e60f722-5f2f-4757-8085-d878eaa787c7,fa1aa036-57fe-468f-a774-776251cf3890,00169f9e-d9f0-4a7d-ada0-cc6c3eb72c25,aea49b50-348f-446b-9a35-c970ed3e3a8a,2025-01-05,8100.0,591737.81,expense,NoBroker,Monthly rent payment
35c3d827-63a3-471b-896d-3b83d40b6d58,fa1aa036-57fe-468f-a774-776251cf3890,00169f9e-d9f0-4a7d-ada0-cc6c3eb72c25,2240f66e-6ba1-4bb3-9578-9f6dd6e71363,2025-01-06,26040.88,565696.93,expense,ACT Fibernet,Internet payment
6529c7f8-ea19-4f04-806b-bd6171808da5,fa1aa036-57fe-468f-a774-776251cf3890,00169f9e-d9f0-4a7d-ada0-cc6c3eb72c25,24e016a3-fafe-4519-8295-2f5f87ed7005,2025-01-07,1978.42,563718.51,expense,Starbucks,Coffee
49a8fbe0-6794-41f3-9951-ec2bec262e3b,fa1aa036-57fe-468f-a774-776251cf3890,00169f9e-d9f0-4a7d-ada0-cc6c3eb72c25,c1794d38-04bb-436c-a349-b7efa2949d59,2025-01-09,499.0,563219.51,expense,Airtel Broadband,Monthly subscription
cc4dfe11-c24f-44d7-90ba-9f732d69f4df,fa1aa036-57fe-468f-a774-776251cf3890,00169f9e-d9f0-4a7d-ada0-cc6c3eb72c25,ba7b532e-605d-4ad5-b9b6-3155499c93eb,2025-01-09,1945.76,561273.75,expense,LIC,Life insurance premium
5e411691-f04d-4d1a-8471-9dd113395e1b,fa1aa036-57fe-468f-a774-776251cf3890,00169f9e-d9f0-4a7d-ada0-cc6c3eb72c25,c1794d38-04bb-436c-a349-b7efa2949d59,2025-01-10,99.0,561174.75,expense,Apple Music,Monthly subscription
5a196794-e225-474a-84a8-a2f0f643afca,fa1aa036-57fe-468f-a774-776251cf3890,00169f9e-d9f0-4a7d-ada0-cc6c3eb72c25,02b93640-5ea9-4023-9ca5-12aaa253ea5b,2025-01-14,56.52,561118.23,expense,BSNL Broadband,Internet bill
9c3d0cd4-fd27-4db7-a307-0cecfc28ee0e,fa1aa036-57fe-468f-a774-776251cf3890,00169f9e-d9f0-4a7d-ada0-cc6c3eb72c25,1936a4f4-2484-487e-9de0-bd4773f631e7,2025-01-20,70.28,561047.95,expense,Vi,Phone bill
c19769d9-ea1b-4371-ba0c-c677ef4c5a09,fa1aa036-57fe-468f-a774-776251cf3890,00169f9e-d9f0-4a7d-ada0-cc6c3eb72c25,2240f66e-6ba1-4bb3-9578-9f6dd6e71363,2025-01-23,31303.75,529744.2,expense,ACT Fibernet,Internet payment
4777b7ba-cce4-4821-9450-005f8ef6dbbb,fa1aa036-57fe-468f-a774-776251cf3890,00169f9e-d9f0-4a7d-ada0-cc6c3eb72c25,197c9f3f-79b3-4a17-b0c4-57701d9daa96,2025-01-25,11717.39,518026.81,expense,Gold's Gym,Monthly gym fee
b534174a-979d-4110-bd74-6034608340d6,fa1aa036-57fe-468f-a774-776251cf3890,00169f9e-d9f0-4a7d-ada0-cc6c3eb72c25,43dc3332-707c-42c3-b0d9-0f067489a82d,2025-01-26,12872.74,505154.07,expense,HP Petrol,Diesel refill
625d2a1d-e4db-44ae-b801-d25528444aa7,fa1aa036-57fe-468f-a774-776251cf3890,00169f9e-d9f0-4a7d-ada0-cc6c3eb72c25,820faeca-f72b-4444-b3ed-cc4b2457b6fa,2025-01-27,10428.96,494725.11,expense,Flipkart,Online purchase
ed2cc92a-7fde-4c18-ad66-c4c87e5c3b91,fa1aa036-57fe-468f-a774-776251cf3890,00169f9e-d9f0-4a7d-ada0-cc6c3eb72c25,7b4b3f22-72da-46c4-913d-6c0f0486886f,2025-01-30,4710.41,490014.7,expense,NetMeds,Online medicine order
007f0b0b-ed24-4cfd-8f77-1244c292d2e3,fa1aa036-57fe-468f-a774-776251cf3890,00169f9e-d9f0-4a7d-ada0-cc6c3eb72c25,aea49b50-348f-446b-9a35-c970ed3e3a8a,2025-02-02,8100.0,481914.7,expense,NoBroker,Monthly rent payment
e515761b-d625-4067-a7ae-19adcbfb2184,fa1aa036-57fe-468f-a774-776251cf3890,00169f9e-d9f0-4a7d-ada0-cc6c3eb72c25,773ee99e-f4ff-4162-87c7-19387a9ebb97,2025-02-03,1018.97,480895.73,expense,Mainland China,Anniversary dinner
f782ff53-5620-4157-a9f7-ee17e4d6f102,fa1aa036-57fe-468f-a774-776251cf3890,00169f9e-d9f0-4a7d-ada0-cc6c3eb72c25,c1794d38-04bb-436c-a349-b7efa2949d59,2025-02-03,499.0,480396.73,expense,Airtel Broadband,Monthly subscription
4e3df5ad-207b-4b81-a097-75650d02d212,fa1aa036-57fe-468f-a774-776251cf3890,00169f9e-d9f0-4a7d-ada0-cc6c3eb72c25,aa200b24-ef0e-410d-9a5e-5cd5e6eb5584,2025-02-04,18711.36,461685.37,expense,UrbanClap,Home service
595539a1-25e6-4420-9cd7-91b592af76bc,fa1aa036-57fe-468f-a774-776251cf3890,00169f9e-d9f0-4a7d-ada0-cc6c3eb72c25,aa200b24-ef0e-410d-9a5e-5cd5e6eb5584,2025-02-04,32588.17,429097.2,expense,Carpenter,Carpentry work
6f959f22-051a-42c5-aa35-6897deb0d651,fa1aa036-57fe-468f-a774-776251cf3890,00169f9e-d9f0-4a7d-ada0-cc6c3eb72c25,f89d39f0-2919-467d-9eae-73947cd92572,2025-02-04,1237.67,427859.53,expense,Subway,Sandwich
4b2407bb-6261-42c5-9cdd-fee85879197f,fa1aa036-57fe-468f-a774-776251cf3890,00169f9e-d9f0-4a7d-ada0-cc6c3eb72c25,489f5d0e-1a15-4527-bbe0-a4d15d125f35,2025-02-05,4882.71,422976.82,expense,PetSmart,Pet supplies
27cfa644-9485-4447-aadd-e03c86705f80,fa1aa036-57fe-468f-a774-776251cf3890,00169f9e-d9f0-4a7d-ada0-cc6c3eb72c25,2240f66e-6ba1-4bb3-9578-9f6dd6e71363,2025-02-06,506.15,422470.67,expense,Airtel,Broadband bill
d01ec72f-01e3-468b-bee8-1b339587b8a5,fa1aa036-57fe-468f-a774-776251cf3890,00169f9e-d9f0-4a7d-ada0-cc6c3eb72c25,3d010285-23fe-4f66-9e98-091ac1adb6a3,2025-02-12,13718.17,408752.5,expense,OYO,Accommodation
35f6a6c8-22e9-4a5c-a192-22adc0c0964f,fa1aa036-57fe-468f-a774-776251cf3890,00169f9e-d9f0-4a7d-ada0-cc6c3eb72c25,f89d39f0-2919-467d-9eae-73947cd92572,2025-02-15,2388.86,406363.64,expense,Subway,Sandwich
01cd624e-dba4-4890-b496-9cb68c60b741,fa1aa036-57fe-468f-a774-776251cf3890,00169f9e-d9f0-4a7d-ada0-cc6c3eb72c25,aea49b50-348f-446b-9a35-c970ed3e3a8a,2025-02-20,32822.7,373540.94,expense,Housing Society,Rent payment
b6a24ace-b740-4cc2-b4f4-9b35fb5fe9c9,fa1aa036-57fe-468f-a774-776251cf3890,00169f9e-d9f0-4a7d-ada0-cc6c3eb72c25,352e3807-c4b8-4f2f-b4a0-11f0a676a889,2025-02-21,1431.32,372109.62,expense,Blinkit,Instant delivery
9fff4ccb-c3cc-4ef1-99a9-33ccb73a174e,fa1aa036-57fe-468f-a774-776251cf3890,00169f9e-d9f0-4a7d-ada0-cc6c3eb72c25,aea49b50-348f-446b-9a35-c970ed3e3a8a,2025-02-23,20551.43,351558.19,expense,Landlord,Monthly rent payment
0d0ea689-b83a-4496-91c4-ebbd6bf10bb9,fa1aa036-57fe-468f-a774-776251cf3890,00169f9e-d9f0-4a7d-ada0-cc6c3eb72c25,52f50416-8d6b-4f79-aa1e-87189fe727cf,2025-02-24,14627.35,336930.84,expense,Purplle,Cosmetics
42864191-73ad-41e5-81ec-6151f7008868,fa1aa036-57fe-468f-a774-776251cf3890,00169f9e-d9f0-4a7d-ada0-cc6c3eb72c25,4e6141b4-8b08-4a48-92e3-00a3aed708d1,2025-02-26,28579.63,308351.21,expense,Tata Power,Power bill
8585c60e-46bc-42b4-9722-fe6b41168fe6,fa1aa036-57fe-468f-a774-776251cf3890,00169f9e-d9f0-4a7d-ada0-cc6c3eb72c25,1936a4f4-2484-487e-9de0-bd4773f631e7,2025-03-03,942.88,307408.33,expense,BSNL,Mobile bill
9de1cb26-0f3d-493c-8acc-1aa8455bde86,fa1aa036-57fe-468f-a774-776251cf3890,00169f9e-d9f0-4a7d-ada0-cc6c3eb72c25,aea49b50-348f-446b-9a35-c970ed3e3a8a,2025-03-04,8100.0,299308.33,expense,Landlord,Monthly rent payment
41ec4942-629f-435e-9989-3a1330aea2ef,fa1aa036-57fe-468f-a774-776251cf3890,00169f9e-d9f0-4a7d-ada0-cc6c3eb72c25,94943a15-5000-4909-864f-c229ccc559c2,2025-03-06,10235.6,289072.73,expense,Pepperfry,Furniture order
8d10a720-83e4-4908-a5c5-b9765b5c5f47,fa1aa036-57fe-468f-a774-776251cf3890,00169f9e-d9f0-4a7d-ada0-cc6c3eb72c25,4e6141b4-8b08-4a48-92e3-00a3aed708d1,2025-03-14,2582.54,286490.19,expense,BSES,Power bill
b62a32ea-3daa-4d56-b258-0eb9778ae697,fa1aa036-57fe-468f-a774-776251cf3890,00169f9e-d9f0-4a7d-ada0-cc6c3eb72c25,43dc3332-707c-42c3-b0d9-0f067489a82d,2025-03-14,11818.89,274671.3,expense,Indian Oil,Fuel top-up
1216ce76-51fd-4053-84dc-adeabaa638e2,fa1aa036-57fe-468f-a774-776251cf3890,00169f9e-d9f0-4a7d-ada0-cc6c3eb72c25,43dc3332-707c-42c3-b0d9-0f067489a82d,2025-03-17,15517.22,259154.08,expense,HPCL,Petrol pump
2899a711-be3c-43ba-a1c4-ffe9fc5402a0,fa1aa036-57fe-468f-a774-776251cf3890,00169f9e-d9f0-4a7d-ada0-cc6c3eb72c25,773ee99e-f4ff-4162-87c7-19387a9ebb97,2025-03-19,2570.14,256583.94,expense,Mainland China,Anniversary dinner
23466b43-8b54-4b99-9e4f-d3aa726a18f3,fa1aa036-57fe-468f-a774-776251cf3890,00169f9e-d9f0-4a7d-ada0-cc6c3eb72c25,9824533c-e6eb-43ff-b2d1-9724f9f59c75,2025-03-20,31424.93,225159.01,expense,Watchman,Security tip
bf291003-156a-47b3-a26c-6db7d26e0ee7,fa1aa036-57fe-468f-a774-776251cf3890,00169f9e-d9f0-4a7d-ada0-cc6c3eb72c25,9824533c-e6eb-43ff-b2d1-9724f9f59c75,2025-03-26,28054.76,197104.25,expense,Maid,Maid salary
56d98eab-8841-42d1-a4eb-6e4b288ad66a,fa1aa036-57fe-468f-a774-776251cf3890,00169f9e-d9f0-4a7d-ada0-cc6c3eb72c25,2240f66e-6ba1-4bb3-9578-9f6dd6e71363,2025-03-27,16706.34,180397.91,expense,Gas Agency,LPG cylinder
64b9105b-c597-4817-ae47-fcf646a05b38,fa1aa036-57fe-468f-a774-776251cf3890,00169f9e-d9f0-4a7d-ada0-cc6c3eb72c25,ba7b532e-605d-4ad5-b9b6-3155499c93eb,2025-03-27,5241.6,175156.31,expense,SBI Life,Insurance payment
b9684029-d397-4f7a-97c6-3ec3c708d2ce,fa1aa036-57fe-468f-a774-776251cf3890,00169f9e-d9f0-4a7d-ada0-cc6c3eb72c25,2240f66e-6ba1-4bb3-9578-9f6dd6e71363,2025-03-27,5993.65,169162.66,expense,Gas Agency,LPG cylinder
9917264e-5b2a-4148-9cc0-a52bcbbc446a,fa1aa036-57fe-468f-a774-776251cf3890,00169f9e-d9f0-4a7d-ada0-cc6c3eb72c25,352e3807-c4b8-4f2f-b4a0-11f0a676a889,2025-03-31,273.74,168888.92,expense,DMart,Supermarket shopping
246d57ae-9f43-433c-936c-f85ab448a932,fa1aa036-57fe-468f-a774-776251cf3890,00169f9e-d9f0-4a7d-ada0-cc6c3eb72c25,0d3983fc-2dc6-40e8-898b-3e446f9ffcb2,2025-04-03,38621.63,207510.55,income,Company,Salary transfer
36edcd8a-a466-4fa3-9e84-afb984bebb32,fa1aa036-57fe-468f-a774-776251cf3890,00169f9e-d9f0-4a7d-ada0-cc6c3eb72c25,85035d91-6985-446f-90d5-16e1b52a5e52,2025-04-04,24349.29,183161.26,expense,Airtel DTH,DTH payment
eb61d7c1-4356-485a-8596-aed2f562888d,fa1aa036-57fe-468f-a774-776251cf3890,00169f9e-d9f0-4a7d-ada0-cc6c3eb72c25,9b12be40-523e-43ac-b1e0-56b200b39928,2025-04-05,19550.59,163610.67,expense,ICICI Lombard,Property insurance premium
f97af49a-d08d-4124-a53a-1fcd0bafac4c,fa1aa036-57fe-468f-a774-776251cf3890,00169f9e-d9f0-4a7d-ada0-cc6c3eb72c25,4e6141b4-8b08-4a48-92e3-00a3aed708d1,2025-04-05,4240.03,159370.64,expense,Tata Power,Power bill
492c49b5-d3a6-4356-a2b9-32fba9b3f41f,fa1aa036-57fe-468f-a774-776251cf3890,00169f9e-d9f0-4a7d-ada0-cc6c3eb72c25,c1794d38-04bb-436c-a349-b7efa2949d59,2025-04-06,99.0,159271.64,expense,Apple Music,Monthly subscription
10c0330c-5fc2-4ab9-bfc3-b79e0cd6ab7a,fa1aa036-57fe-468f-a774-776251cf3890,00169f9e-d9f0-4a7d-ada0-cc6c3eb72c25,4e6141b4-8b08-4a48-92e3-00a3aed708d1,2025-04-07,2377.77,156893.87,expense,Tata Power,Power bill
804fcabb-9fd6-4c97-bf50-2fbd10d1f921,fa1aa036-57fe-468f-a774-776251cf3890,00169f9e-d9f0-4a7d-ada0-cc6c3eb72c25,aa200b24-ef0e-410d-9a5e-5cd5e6eb5584,2025-04-08,31383.08,125510.79,expense,Painting Service,Wall painting
8b5c5bd1-5a7e-4cc8-9668-c6ce3379bc09,fa1aa036-57fe-468f-a774-776251cf3890,00169f9e-d9f0-4a7d-ada0-cc6c3eb72c25,c1794d38-04bb-436c-a349-b7efa2949d59,2025-04-08,499.0,125011.79,expense,Airtel Broadband,Monthly subscription
1d9ec3e4-8bfd-40d7-8527-f59fbc5a0a25,fa1aa036-57fe-468f-a774-776251cf3890,00169f9e-d9f0-4a7d-ada0-cc6c3eb72c25,ba7b532e-605d-4ad5-b9b6-3155499c93eb,2025-04-10,4196.63,120815.16,expense,LIC,Life insurance premium
2cc2cb57-a322-4a94-82b4-26b648f7ecc3,fa1aa036-57fe-468f-a774-776251cf3890,00169f9e-d9f0-4a7d-ada0-cc6c3eb72c25,c70299e8-74c3-48e3-832d-a15ca45f9d40,2025-04-10,7390.57,113424.59,expense,Vistara,Air travel
75a71377-5972-43b5-abe6-0b9157bfa421,fa1aa036-57fe-468f-a774-776251cf3890,00169f9e-d9f0-4a7d-ada0-cc6c3eb72c25,19a947a7-2996-47c2-bc43-72e18eabee1f,2025-04-10,1673.73,111750.86,expense,Kotak Bank,FD booking
ffaec3de-ef4c-4d76-a70e-07032933bd81,fa1aa036-57fe-468f-a774-776251cf3890,00169f9e-d9f0-4a7d-ada0-cc6c3eb72c25,ee7c44a4-b997-4955-8565-e0095cc9a643,2025-04-11,3417.72,108333.14,expense,IndiGo,Business travel flight
8e92e5a8-beb1-4d13-a5a5-f2f276b892c2,fa1aa036-57fe-468f-a774-776251cf3890,00169f9e-d9f0-4a7d-ada0-cc6c3eb72c25,9824533c-e6eb-43ff-b2d1-9724f9f59c75,2025-04-22,29363.47,78969.67,expense,Watchman,Security tip
c00d91fd-942d-4e58-b00e-9de1421f4308,fa1aa036-57fe-468f-a774-776251cf3890,00169f9e-d9f0-4a7d-ada0-cc6c3eb72c25,352e3807-c4b8-4f2f-b4a0-11f0a676a889,2025-04-22,1302.14,77667.53,expense,DMart,Supermarket shopping
d47afcca-cc9c-4f45-bb83-b5140e8e0f83,fa1aa036-57fe-468f-a774-776251cf3890,00169f9e-d9f0-4a7d-ada0-cc6c3eb72c25,c7f7365c-5b40-4bbe-8a90-fd79b4fb99be,2025-04-22,10963.75,66703.78,expense,Apartment,Society bill
e08b048f-e0c8-4539-9511-2868d13b4537,fa1aa036-57fe-468f-a774-776251cf3890,00169f9e-d9f0-4a7d-ada0-cc6c3eb72c25,c1794d38-04bb-436c-a349-b7efa2949d59,2025-04-28,17704.77,48999.01,expense,Netflix,Monthly subscription
629a5b74-1aea-4b1a-9477-a3d9c9ee3596,fa1aa036-57fe-468f-a774-776251cf3890,00169f9e-d9f0-4a7d-ada0-cc6c3eb72c25,2240f66e-6ba1-4bb3-9578-9f6dd6e71363,2025-04-30,18102.74,30896.27,expense,ACT Fibernet,Internet payment
00ce2ed2-566a-4fb8-b15a-d9d3b9107a64,403c9a03-94c0-4e66-8a78-1e99096b3202,04bbee4b-50c4-4229-86c1-d93908671c0d,0d3983fc-2dc6-40e8-898b-3e446f9ffcb2,2025-01-01,32643.08,1894206.83,income,Employer,Monthly salary credit
39f8454c-c0fb-4188-a7f2-352e3459dd80,403c9a03-94c0-4e66-8a78-1e99096b3202,04bbee4b-50c4-4229-86c1-d93908671c0d,773ee99e-f4ff-4162-87c7-19387a9ebb97,2025-01-01,671.2,1893535.63,expense,Punjab Grill,Business dinner
61ea7549-8028-40bb-b557-390b425ff144,403c9a03-94c0-4e66-8a78-1e99096b3202,04bbee4b-50c4-4229-86c1-d93908671c0d,b44b3d71-0880-41d9-8f85-0348da9b0531,2025-01-01,17907.18,1875628.45,expense,Malabar Gold,Jewellery
6dbed047-6342-4bd7-ae5a-99e238508e5d,403c9a03-94c0-4e66-8a78-1e99096b3202,04bbee4b-50c4-4229-86c1-d93908671c0d,baf0d272-8682-41c0-acfb-c78f1f2cd9a1,2025-01-01,11570.37,1864058.08,expense,Croma,Electronics purchase
13c151cb-3d0d-4ca9-9154-f71fff2cf3af,403c9a03-94c0-4e66-8a78-1e99096b3202,04bbee4b-50c4-4229-86c1-d93908671c0d,60260042-9174-4f85-82fc-aed9fb085bca,2025-01-02,7844.24,1856213.84,expense,Local Store,Accessories purchase
53fd7338-3225-45e2-9604-5e906b338b2e,403c9a03-94c0-4e66-8a78-1e99096b3202,04bbee4b-50c4-4229-86c1-d93908671c0d,62f6b8d3-1048-4d35-8644-028a80420f06,2025-01-02,13330.45,1842883.39,expense,Archies,Gift item
8ab082b1-9c8a-4564-b3a9-9aa5c3d91955,403c9a03-94c0-4e66-8a78-1e99096b3202,04bbee4b-50c4-4229-86c1-d93908671c0d,c1794d38-04bb-436c-a349-b7efa2949d59,2025-01-03,299.0,1842584.39,expense,Amazon Prime,Monthly subscription
0084d35f-fea8-45c4-848e-a8fe9af52744,403c9a03-94c0-4e66-8a78-1e99096b3202,04bbee4b-50c4-4229-86c1-d93908671c0d,c1794d38-04bb-436c-a349-b7efa2949d59,2025-01-05,119.0,1842465.39,expense,Spotify,Monthly subscription
7b5f7e27-e931-4fe7-b6cf-594f89e83d53,403c9a03-94c0-4e66-8a78-1e99096b3202,04bbee4b-50c4-4229-86c1-d93908671c0d,aea49b50-348f-446b-9a35-c970ed3e3a8a,2025-01-05,6200.0,1836265.39,expense,NoBroker,Monthly rent payment
ef2080d6-2c49-45b4-998d-0fa0333c01d9,403c9a03-94c0-4e66-8a78-1e99096b3202,04bbee4b-50c4-4229-86c1-d93908671c0d,1936a4f4-2484-487e-9de0-bd4773f631e7,2025-01-05,646.83,1835618.56,expense,BSNL,Mobile bill
fcb27424-b682-473a-8bb6-329e49259f8d,403c9a03-94c0-4e66-8a78-1e99096b3202,04bbee4b-50c4-4229-86c1-d93908671c0d,02b93640-5ea9-4023-9ca5-12aaa253ea5b,2025-01-06,1488.77,1834129.79,expense,ACT Fibernet,Internet payment
7bc16d81-8f8f-4728-9b4c-5a624201bf99,403c9a03-94c0-4e66-8a78-1e99096b3202,04bbee4b-50c4-4229-86c1-d93908671c0d,f89d39f0-2919-467d-9eae-73947cd92572,2025-01-07,871.02,1833258.77,expense,McDonald's,Quick meal
908440fa-60a1-47bc-b5d3-35800e5b939c,403c9a03-94c0-4e66-8a78-1e99096b3202,04bbee4b-50c4-4229-86c1-d93908671c0d,85035d91-6985-446f-90d5-16e1b52a5e52,2025-01-07,13699.63,1819559.14,expense,Dish TV,DTH subscription
add99a9f-ddb6-499c-9ce5-f4bc1be7660c,403c9a03-94c0-4e66-8a78-1e99096b3202,04bbee4b-50c4-4229-86c1-d93908671c0d,c1794d38-04bb-436c-a349-b7efa2949d59,2025-01-07,299.0,1819260.14,expense,Hotstar,Monthly subscription
6e4f580c-2a31-4866-ab90-f30a3c9cb0dd,403c9a03-94c0-4e66-8a78-1e99096b3202,04bbee4b-50c4-4229-86c1-d93908671c0d,aa200b24-ef0e-410d-9a5e-5cd5e6eb5584,2025-01-08,9386.26,1809873.88,expense,Local Plumber,Plumbing repair
e4ef7df4-d2b6-468b-819e-ee47e68c1146,403c9a03-94c0-4e66-8a78-1e99096b3202,04bbee4b-50c4-4229-86c1-d93908671c0d,abe7e3b4-e94a-47f4-bb4c-ee2b5dfb1afb,2025-01-08,586.19,1809287.69,expense,Zerodha,Stock purchase
3accf8d4-0130-4d1c-9e29-f7a2cdc875cd,403c9a03-94c0-4e66-8a78-1e99096b3202,04bbee4b-50c4-4229-86c1-d93908671c0d,4e6141b4-8b08-4a48-92e3-00a3aed708d1,2025-01-09,2160.01,1807127.68,expense,BESCOM,Electricity bill
4e8c7605-130b-4467-b8ca-109188d9427d,403c9a03-94c0-4e66-8a78-1e99096b3202,04bbee4b-50c4-4229-86c1-d93908671c0d,aa200b24-ef0e-410d-9a5e-5cd5e6eb5584,2025-01-09,11344.68,1795783.0,expense,Painting Service,Wall painting
8b28e0d8-507f-4e7b-a387-5e7004aed64d,403c9a03-94c0-4e66-8a78-1e99096b3202,04bbee4b-50c4-4229-86c1-d93908671c0d,62f6b8d3-1048-4d35-8644-028a80420f06,2025-01-09,5438.5,1790344.5,expense,Local Gift Shop,Gift
48cdf4b4-6767-48f2-966b-f011ca960177,403c9a03-94c0-4e66-8a78-1e99096b3202,04bbee4b-50c4-4229-86c1-d93908671c0d,773ee99e-f4ff-4162-87c7-19387a9ebb97,2025-01-11,500.84,1789843.66,expense,Mainland China,Anniversary dinner
2f61a1a6-a2d3-4d0a-96e2-a03002d69120,403c9a03-94c0-4e66-8a78-1e99096b3202,04bbee4b-50c4-4229-86c1-d93908671c0d,eb6cafa9-5129-4c5f-a238-d432e93d5710,2025-01-14,1899.75,1787943.91,expense,Toll Plaza,Highway toll
958e81c2-b14f-4948-9760-afb3020f7f57,403c9a03-94c0-4e66-8a78-1e99096b3202,04bbee4b-50c4-4229-86c1-d93908671c0d,2240f66e-6ba1-4bb3-9578-9f6dd6e71363,2025-01-14,411.93,1787531.98,expense,Jio Fiber,Internet bill
6dcf0908-08df-4937-af87-a56729f80c35,403c9a03-94c0-4e66-8a78-1e99096b3202,04bbee4b-50c4-4229-86c1-d93908671c0d,49b46c39-e438-4284-95c0-8dd9c25bbe33,2025-01-15,871.62,1786660.36,expense,Zomato,Meal delivery
c789f963-562b-433e-a74a-e1dddb3ff6ee,403c9a03-94c0-4e66-8a78-1e99096b3202,04bbee4b-50c4-4229-86c1-d93908671c0d,baf0d272-8682-41c0-acfb-c78f1f2cd9a1,2025-01-15,13428.68,1773231.68,expense,Amazon,Electronics order
349166d9-f2c2-4ec7-845c-7a7481750086,403c9a03-94c0-4e66-8a78-1e99096b3202,04bbee4b-50c4-4229-86c1-d93908671c0d,afb11444-5eb7-49e4-adb0-6e90808b3f69,2025-01-16,23478.25,1749753.43,expense,SBI,Service charge
2f778b74-1a7d-4bd3-a66e-eb3a9ad685b6,403c9a03-94c0-4e66-8a78-1e99096b3202,04bbee4b-50c4-4229-86c1-d93908671c0d,aa200b24-ef0e-410d-9a5e-5cd5e6eb5584,2025-01-18,11173.21,1738580.22,expense,Painting Service,Wall painting
0faa8a16-7d53-4829-bb0c-051bc2a789ba,403c9a03-94c0-4e66-8a78-1e99096b3202,04bbee4b-50c4-4229-86c1-d93908671c0d,3e870dc4-9bcb-4d85-a0ed-817b2217e50b,2025-01-19,30601.39,1707978.83,expense,Axis Bank,Loan repayment
51dd96f2-db5e-4f1e-b0a8-6b8e85bf6c30,403c9a03-94c0-4e66-8a78-1e99096b3202,04bbee4b-50c4-4229-86c1-d93908671c0d,197c9f3f-79b3-4a17-b0c4-57701d9daa96,2025-01-19,16964.22,1691014.61,expense,Yoga Studio,Yoga classes
a6dc480a-9870-4b80-a84c-949d7b969b14,403c9a03-94c0-4e66-8a78-1e99096b3202,04bbee4b-50c4-4229-86c1-d93908671c0d,352e3807-c4b8-4f2f-b4a0-11f0a676a889,2025-01-19,677.95,1690336.66,expense,JioMart,Online grocery order
b100a05b-6b34-4abf-b067-10cbd5df4574,403c9a03-94c0-4e66-8a78-1e99096b3202,04bbee4b-50c4-4229-86c1-d93908671c0d,aea49b50-348f-446b-9a35-c970ed3e3a8a,2025-01-19,31063.17,1659273.49,expense,Housing Society,Rent payment
dc214840-a619-4565-aafa-a5691f37f093,403c9a03-94c0-4e66-8a78-1e99096b3202,04bbee4b-50c4-4229-86c1-d93908671c0d,352e3807-c4b8-4f2f-b4a0-11f0a676a889,2025-01-19,235.02,1659038.47,expense,BigBasket,Weekly grocery order
e1eeca55-910a-49d5-998f-ddb07f388aa4,403c9a03-94c0-4e66-8a78-1e99096b3202,04bbee4b-50c4-4229-86c1-d93908671c0d,a9ffe6eb-4506-488f-8aae-77f81d637f71,2025-01-19,3033.33,1656005.14,expense,H&M,Fashion purchase
7c3159c2-54fa-4c6b-b0d4-9cfac2a1ec59,403c9a03-94c0-4e66-8a78-1e99096b3202,04bbee4b-50c4-4229-86c1-d93908671c0d,9824533c-e6eb-43ff-b2d1-9724f9f59c75,2025-01-20,16453.21,1639551.93,expense,Laundry,Laundry service
1032c8ed-2b77-482e-b79f-e1f807548a37,403c9a03-94c0-4e66-8a78-1e99096b3202,04bbee4b-50c4-4229-86c1-d93908671c0d,4e6141b4-8b08-4a48-92e3-00a3aed708d1,2025-01-21,32030.14,1607521.79,expense,BSES,Power bill
425c04c1-4b4f-40a5-934e-d812d8e6d280,403c9a03-94c0-4e66-8a78-1e99096b3202,04bbee4b-50c4-4229-86c1-d93908671c0d,9824533c-e6eb-43ff-b2d1-9724f9f59c75,2025-01-21,33278.6,1574243.19,expense,Watchman,Security tip
549c3526-1c41-43ff-ae74-629bd693e15b,403c9a03-94c0-4e66-8a78-1e99096b3202,04bbee4b-50c4-4229-86c1-d93908671c0d,ba7b532e-605d-4ad5-b9b6-3155499c93eb,2025-01-21,3259.68,1570983.51,expense,LIC,Life insurance premium
ad205541-a7ed-4256-a28e-a44255f3b213,403c9a03-94c0-4e66-8a78-1e99096b3202,04bbee4b-50c4-4229-86c1-d93908671c0d,352e3807-c4b8-4f2f-b4a0-11f0a676a889,2025-01-21,1376.52,1569606.99,expense,Blinkit,Instant delivery
6e289ca3-3202-4cf9-9398-da6e55dd8c89,403c9a03-94c0-4e66-8a78-1e99096b3202,04bbee4b-50c4-4229-86c1-d93908671c0d,4e6141b4-8b08-4a48-92e3-00a3aed708d1,2025-01-22,2474.35,1567132.64,expense,Adani Electricity,Electricity payment
1f4f69cf-1087-40f8-bc61-d763456e4d17,403c9a03-94c0-4e66-8a78-1e99096b3202,04bbee4b-50c4-4229-86c1-d93908671c0d,24e016a3-fafe-4519-8295-2f5f87ed7005,2025-01-25,140.58,1566992.06,expense,Blue Tokai,Specialty coffee
3691d1df-7d37-48b8-926c-b4807c21d053,403c9a03-94c0-4e66-8a78-1e99096b3202,04bbee4b-50c4-4229-86c1-d93908671c0d,f9695d76-897b-4d1d-b699-30bdb8c3bd63,2025-01-25,10319.15,1556672.91,expense,InDrive,Cab booking
9ace6398-1392-4492-b2e9-92f4639b678e,403c9a03-94c0-4e66-8a78-1e99096b3202,04bbee4b-50c4-4229-86c1-d93908671c0d,24e016a3-fafe-4519-8295-2f5f87ed7005,2025-01-25,1812.1,1554860.81,expense,The Beer Cafe,Drinks with friends
b5cac607-6423-4977-b653-48a1b3e6a029,403c9a03-94c0-4e66-8a78-1e99096b3202,04bbee4b-50c4-4229-86c1-d93908671c0d,248ccf02-2fad-4a57-8831-52e79f698e4c,2025-01-25,7927.14,1546933.67,expense,BEST,Bus card recharge
0c4fd8a5-c76b-454a-882a-1b67b55b55a9,403c9a03-94c0-4e66-8a78-1e99096b3202,04bbee4b-50c4-4229-86c1-d93908671c0d,52f50416-8d6b-4f79-aa1e-87189fe727cf,2025-01-26,18280.01,1528653.66,expense,Forest Essentials,Skincare
fc2b4393-a120-4287-8493-9c1bac614bca,403c9a03-94c0-4e66-8a78-1e99096b3202,04bbee4b-50c4-4229-86c1-d93908671c0d,60260042-9174-4f85-82fc-aed9fb085bca,2025-01-26,10386.66,1518267.0,expense,Tanishq,Accessories
4eb2bc9e-f95e-4a02-bc4a-c3a7560d4e34,403c9a03-94c0-4e66-8a78-1e99096b3202,04bbee4b-50c4-4229-86c1-d93908671c0d,9824533c-e6eb-43ff-b2d1-9724f9f59c75,2025-01-27,25237.76,1493029.24,expense,Watchman,Security tip
51cff85b-89c2-495a-acc8-7166f40f078d,403c9a03-94c0-4e66-8a78-1e99096b3202,04bbee4b-50c4-4229-86c1-d93908671c0d,f9695d76-897b-4d1d-b699-30bdb8c3bd63,2025-01-28,2234.95,1490794.29,expense,Rapido,Bike taxi
eb737026-b2b0-4f37-9a41-4e55ebf4a097,403c9a03-94c0-4e66-8a78-1e99096b3202,04bbee4b-50c4-4229-86c1-d93908671c0d,24e016a3-fafe-4519-8295-2f5f87ed7005,2025-01-28,1850.38,1488943.91,expense,Blue Tokai,Specialty coffee
9378c014-46ad-4b8b-88a3-5d6f804730d1,403c9a03-94c0-4e66-8a78-1e99096b3202,04bbee4b-50c4-4229-86c1-d93908671c0d,773ee99e-f4ff-4162-87c7-19387a9ebb97,2025-01-29,864.96,1488078.95,expense,Barbeque Nation,Dinner with family
4628741e-c656-4cc2-beb2-5c4ec9d9c627,403c9a03-94c0-4e66-8a78-1e99096b3202,04bbee4b-50c4-4229-86c1-d93908671c0d,248ccf02-2fad-4a57-8831-52e79f698e4c,2025-01-30,14718.2,1473360.75,expense,Mumbai Metro,Metro fare
597d3154-9728-434e-a456-639ebdad0c6b,403c9a03-94c0-4e66-8a78-1e99096b3202,04bbee4b-50c4-4229-86c1-d93908671c0d,c70299e8-74c3-48e3-832d-a15ca45f9d40,2025-01-30,13124.37,1460236.38,expense,Akasa Air,Flight
8d0d826e-675a-4b47-bcce-425476fe2454,403c9a03-94c0-4e66-8a78-1e99096b3202,04bbee4b-50c4-4229-86c1-d93908671c0d,9824533c-e6eb-43ff-b2d1-9724f9f59c75,2025-01-30,11160.57,1449075.81,expense,Cook,Cook wages
3a0a217a-8e24-4e4e-bb41-d92cd10ab9e7,403c9a03-94c0-4e66-8a78-1e99096b3202,04bbee4b-50c4-4229-86c1-d93908671c0d,773ee99e-f4ff-4162-87c7-19387a9ebb97,2025-01-31,453.95,1448621.86,expense,Mainland China,Anniversary dinner
3fd85081-049e-4fba-af8c-0bc370b30f7f,403c9a03-94c0-4e66-8a78-1e99096b3202,04bbee4b-50c4-4229-86c1-d93908671c0d,c70299e8-74c3-48e3-832d-a15ca45f9d40,2025-01-31,2696.12,1445925.74,expense,SpiceJet,Domestic flight
692778ab-7690-4b7b-bbc2-160da80ff429,403c9a03-94c0-4e66-8a78-1e99096b3202,04bbee4b-50c4-4229-86c1-d93908671c0d,352e3807-c4b8-4f2f-b4a0-11f0a676a889,2025-01-31,1889.35,1444036.39,expense,Blinkit,Instant delivery
80d486f6-4905-40dc-a180-7dfac245fdf1,403c9a03-94c0-4e66-8a78-1e99096b3202,04bbee4b-50c4-4229-86c1-d93908671c0d,24e016a3-fafe-4519-8295-2f5f87ed7005,2025-01-31,716.34,1443320.05,expense,The Beer Cafe,Drinks with friends
06d4fb91-5098-418c-8efe-361e4e6213ec,403c9a03-94c0-4e66-8a78-1e99096b3202,04bbee4b-50c4-4229-86c1-d93908671c0d,f89d39f0-2919-467d-9eae-73947cd92572,2025-02-01,1765.44,1441554.61,expense,KFC,Fast food
0c566b5b-8962-444b-a68d-752b9d196adc,403c9a03-94c0-4e66-8a78-1e99096b3202,04bbee4b-50c4-4229-86c1-d93908671c0d,0d3983fc-2dc6-40e8-898b-3e446f9ffcb2,2025-02-01,31850.25,1473404.86,income,Company,Salary transfer
188f39a3-f2a2-4bc0-91f8-dee2e90aae0a,403c9a03-94c0-4e66-8a78-1e99096b3202,04bbee4b-50c4-4229-86c1-d93908671c0d,1936a4f4-2484-487e-9de0-bd4773f631e7,2025-02-01,528.79,1472876.07,expense,BSNL,Mobile bill
2ae54fc2-e17e-4da1-b67b-bf12bf88b9da,403c9a03-94c0-4e66-8a78-1e99096b3202,04bbee4b-50c4-4229-86c1-d93908671c0d,3d010285-23fe-4f66-9e98-091ac1adb6a3,2025-02-01,13796.69,1459079.38,expense,Booking.com,Hotel reservation
df8f4148-8eb8-4ee3-9dc3-a6cbf260e904,403c9a03-94c0-4e66-8a78-1e99096b3202,04bbee4b-50c4-4229-86c1-d93908671c0d,248ccf02-2fad-4a57-8831-52e79f698e4c,2025-02-01,8197.91,1450881.47,expense,BEST,Bus card recharge
f14d5b0d-c724-4f2f-b38c-310a0b274ccf,403c9a03-94c0-4e66-8a78-1e99096b3202,04bbee4b-50c4-4229-86c1-d93908671c0d,aea49b50-348f-446b-9a35-c970ed3e3a8a,2025-02-01,6200.0,1444681.47,expense,NoBroker,Monthly rent payment
a9119b4c-f6f4-4ccf-a5d8-fc7fff8d5367,403c9a03-94c0-4e66-8a78-1e99096b3202,04bbee4b-50c4-4229-86c1-d93908671c0d,c1794d38-04bb-436c-a349-b7efa2949d59,2025-02-02,119.0,1444562.47,expense,Spotify,Monthly subscription
dd06911b-b1b1-4335-9e5b-37894781e62a,403c9a03-94c0-4e66-8a78-1e99096b3202,04bbee4b-50c4-4229-86c1-d93908671c0d,2240f66e-6ba1-4bb3-9578-9f6dd6e71363,2025-02-02,6713.35,1437849.12,expense,Jio Fiber,Internet bill
67033af1-b787-4a1d-9443-f288b56503d7,403c9a03-94c0-4e66-8a78-1e99096b3202,04bbee4b-50c4-4229-86c1-d93908671c0d,aea49b50-348f-446b-9a35-c970ed3e3a8a,2025-02-04,32787.11,1405062.01,expense,Housing Society,Rent payment
67b08fc5-73c8-4912-9f33-e0dbd3802e8f,403c9a03-94c0-4e66-8a78-1e99096b3202,04bbee4b-50c4-4229-86c1-d93908671c0d,aea49b50-348f-446b-9a35-c970ed3e3a8a,2025-02-04,18251.41,1386810.6,expense,Landlord,Monthly rent payment
6957d7bf-e1d5-4dbc-af16-472b692d52fd,403c9a03-94c0-4e66-8a78-1e99096b3202,04bbee4b-50c4-4229-86c1-d93908671c0d,c1794d38-04bb-436c-a349-b7efa2949d59,2025-02-04,299.0,1386511.6,expense,Amazon Prime,Monthly subscription
6b1f02ad-3aec-4715-bc15-0af1709b369e,403c9a03-94c0-4e66-8a78-1e99096b3202,04bbee4b-50c4-4229-86c1-d93908671c0d,eb6cafa9-5129-4c5f-a238-d432e93d5710,2025-02-04,7524.83,1378986.77,expense,Toll Plaza,Highway toll
8acc855b-1e12-4c10-90d0-c6bcdc476680,403c9a03-94c0-4e66-8a78-1e99096b3202,04bbee4b-50c4-4229-86c1-d93908671c0d,43dc3332-707c-42c3-b0d9-0f067489a82d,2025-02-04,456.83,1378529.94,expense,Shell,Fuel refill
a19a9be1-6175-4e16-883a-64be933f1f44,403c9a03-94c0-4e66-8a78-1e99096b3202,04bbee4b-50c4-4229-86c1-d93908671c0d,9824533c-e6eb-43ff-b2d1-9724f9f59c75,2025-02-04,2264.16,1376265.78,expense,Cook,Cook wages
8109b80b-031a-48fd-a64c-49c08e272cf0,403c9a03-94c0-4e66-8a78-1e99096b3202,04bbee4b-50c4-4229-86c1-d93908671c0d,773ee99e-f4ff-4162-87c7-19387a9ebb97,2025-02-05,656.99,1375608.79,expense,Local Restaurant,Quick lunch
829008a5-d120-4210-91ea-ed628610fa30,403c9a03-94c0-4e66-8a78-1e99096b3202,04bbee4b-50c4-4229-86c1-d93908671c0d,352e3807-c4b8-4f2f-b4a0-11f0a676a889,2025-02-06,1363.8,1374244.99,expense,JioMart,Online grocery order
7c1566c9-59b4-42bb-97f0-b387da87e5ce,403c9a03-94c0-4e66-8a78-1e99096b3202,04bbee4b-50c4-4229-86c1-d93908671c0d,06112ebb-b73c-40a0-aaba-87c783f69c60,2025-02-07,15212.93,1359032.06,expense,Amazon,Hobby supplies
87fedb79-fb3a-400c-9deb-d3db67f0a235,403c9a03-94c0-4e66-8a78-1e99096b3202,04bbee4b-50c4-4229-86c1-d93908671c0d,773ee99e-f4ff-4162-87c7-19387a9ebb97,2025-02-07,2296.99,1356735.07,expense,Local Restaurant,Quick lunch
920f2fca-92a5-4d68-8306-825090ad4bed,403c9a03-94c0-4e66-8a78-1e99096b3202,04bbee4b-50c4-4229-86c1-d93908671c0d,773ee99e-f4ff-4162-87c7-19387a9ebb97,2025-02-07,1201.62,1355533.45,expense,Mainland China,Anniversary dinner
ba41a776-4352-46ff-af8f-f1dbd9bb74c1,403c9a03-94c0-4e66-8a78-1e99096b3202,04bbee4b-50c4-4229-86c1-d93908671c0d,352e3807-c4b8-4f2f-b4a0-11f0a676a889,2025-02-07,317.03,1355216.42,expense,JioMart,Online grocery order
bb97e3eb-f89b-470d-876e-e7f9ea74f42c,403c9a03-94c0-4e66-8a78-1e99096b3202,04bbee4b-50c4-4229-86c1-d93908671c0d,4e6141b4-8b08-4a48-92e3-00a3aed708d1,2025-02-07,2506.33,1352710.09,expense,BSES,Power bill
ad9c7f2e-66c5-4f30-9d53-a58eda457c31,403c9a03-94c0-4e66-8a78-1e99096b3202,04bbee4b-50c4-4229-86c1-d93908671c0d,24e016a3-fafe-4519-8295-2f5f87ed7005,2025-02-08,1250.96,1351459.13,expense,Third Wave Coffee,Evening coffee
1ceae0ef-6654-4a81-b7b4-fc934a38459c,403c9a03-94c0-4e66-8a78-1e99096b3202,04bbee4b-50c4-4229-86c1-d93908671c0d,abe7e3b4-e94a-47f4-bb4c-ee2b5dfb1afb,2025-02-09,600.24,1350858.89,expense,Zerodha,Stock purchase
fad14512-f767-4490-82d7-ab0cf02fc0c8,403c9a03-94c0-4e66-8a78-1e99096b3202,04bbee4b-50c4-4229-86c1-d93908671c0d,773ee99e-f4ff-4162-87c7-19387a9ebb97,2025-02-09,371.75,1350487.14,expense,Haldiram's,Lunch
2600651e-137e-4e3f-9874-5126d586bba5,403c9a03-94c0-4e66-8a78-1e99096b3202,04bbee4b-50c4-4229-86c1-d93908671c0d,c1794d38-04bb-436c-a349-b7efa2949d59,2025-02-10,299.0,1350188.14,expense,Hotstar,Monthly subscription
d27a6f12-20a7-43a5-ae0f-67486a6f9622,403c9a03-94c0-4e66-8a78-1e99096b3202,04bbee4b-50c4-4229-86c1-d93908671c0d,c1794d38-04bb-436c-a349-b7efa2949d59,2025-02-10,17078.54,1333109.6,expense,Sony LIV,Streaming subscription
4cbec369-f10d-4863-8116-0fdfc000646a,403c9a03-94c0-4e66-8a78-1e99096b3202,04bbee4b-50c4-4229-86c1-d93908671c0d,aea49b50-348f-446b-9a35-c970ed3e3a8a,2025-02-11,33372.3,1299737.3,expense,Landlord,Monthly rent payment
5b9dd335-fd69-46a3-93a7-678883e6df5e,403c9a03-94c0-4e66-8a78-1e99096b3202,04bbee4b-50c4-4229-86c1-d93908671c0d,2240f66e-6ba1-4bb3-9578-9f6dd6e71363,2025-02-11,217.8,1299519.5,expense,Jio Fiber,Internet bill
67f0a39e-1b58-41b6-b431-0fba5094c4a6,403c9a03-94c0-4e66-8a78-1e99096b3202,04bbee4b-50c4-4229-86c1-d93908671c0d,eb6cafa9-5129-4c5f-a238-d432e93d5710,2025-02-11,12662.86,1286856.64,expense,Parking,Parking charges
ba570811-d583-4471-963a-3a001f99b38e,403c9a03-94c0-4e66-8a78-1e99096b3202,04bbee4b-50c4-4229-86c1-d93908671c0d,2240f66e-6ba1-4bb3-9578-9f6dd6e71363,2025-02-11,22421.01,1264435.63,expense,BWSSB,Water bill
0e0feed2-e034-4953-981a-727702efc75f,403c9a03-94c0-4e66-8a78-1e99096b3202,04bbee4b-50c4-4229-86c1-d93908671c0d,f89d39f0-2919-467d-9eae-73947cd92572,2025-02-12,2271.96,1262163.67,expense,Domino's,Pizza delivery
5ae7ba60-4c2d-406e-a994-d89afed435f3,403c9a03-94c0-4e66-8a78-1e99096b3202,04bbee4b-50c4-4229-86c1-d93908671c0d,9824533c-e6eb-43ff-b2d1-9724f9f59c75,2025-02-12,3051.69,1259111.98,expense,Cook,Cook wages
ab00d2ba-a6a4-4349-a79c-50308f873aa4,403c9a03-94c0-4e66-8a78-1e99096b3202,04bbee4b-50c4-4229-86c1-d93908671c0d,352e3807-c4b8-4f2f-b4a0-11f0a676a889,2025-02-12,96.76,1259015.22,expense,BigBasket,Weekly grocery order
ceca5b43-5991-4dee-bdec-3550bb60c860,403c9a03-94c0-4e66-8a78-1e99096b3202,04bbee4b-50c4-4229-86c1-d93908671c0d,4e6141b4-8b08-4a48-92e3-00a3aed708d1,2025-02-12,32540.5,1226474.72,expense,Tata Power,Power bill
e940a5c0-e851-42a9-ac3e-7031f85c3167,403c9a03-94c0-4e66-8a78-1e99096b3202,04bbee4b-50c4-4229-86c1-d93908671c0d,96425e71-00ab-44ec-b7a5-b7bc7c419b3c,2025-02-13,25163.97,1201310.75,expense,SBI,Housing loan instalment
339037fe-3507-4dfe-b55e-9cfdf077c920,403c9a03-94c0-4e66-8a78-1e99096b3202,04bbee4b-50c4-4229-86c1-d93908671c0d,aea49b50-348f-446b-9a35-c970ed3e3a8a,2025-02-14,6526.86,1194783.89,expense,Landlord,Monthly rent payment
5043043d-1bab-47ec-a7a4-f625376c54db,403c9a03-94c0-4e66-8a78-1e99096b3202,04bbee4b-50c4-4229-86c1-d93908671c0d,197c9f3f-79b3-4a17-b0c4-57701d9daa96,2025-02-15,18898.37,1175885.52,expense,Yoga Studio,Yoga classes
9e49b153-bb60-4467-aad1-34512617a377,403c9a03-94c0-4e66-8a78-1e99096b3202,04bbee4b-50c4-4229-86c1-d93908671c0d,2240f66e-6ba1-4bb3-9578-9f6dd6e71363,2025-02-15,20650.98,1155234.54,expense,ACT Fibernet,Internet payment
39650eb1-7d90-4600-a40e-4051da0ff505,403c9a03-94c0-4e66-8a78-1e99096b3202,04bbee4b-50c4-4229-86c1-d93908671c0d,c70299e8-74c3-48e3-832d-a15ca45f9d40,2025-02-16,3114.35,1152120.19,expense,Air India,Flight booking
1682adeb-ec4c-472e-b0d9-635932a7c8d7,403c9a03-94c0-4e66-8a78-1e99096b3202,04bbee4b-50c4-4229-86c1-d93908671c0d,f89d39f0-2919-467d-9eae-73947cd92572,2025-02-17,2190.36,1149929.83,expense,Subway,Sandwich
7e18e469-37e4-49f5-81c0-14b420cf10be,403c9a03-94c0-4e66-8a78-1e99096b3202,04bbee4b-50c4-4229-86c1-d93908671c0d,2240f66e-6ba1-4bb3-9578-9f6dd6e71363,2025-02-17,33376.54,1116553.29,expense,Gas Agency,LPG cylinder
ff7231e2-bbaa-45c0-9cf5-d9e4a133a22b,403c9a03-94c0-4e66-8a78-1e99096b3202,04bbee4b-50c4-4229-86c1-d93908671c0d,248ccf02-2fad-4a57-8831-52e79f698e4c,2025-02-18,9898.28,1106655.01,expense,DMRC,Metro card top-up
0b356415-1d4f-4bf3-8c55-ec276ae5a6b4,403c9a03-94c0-4e66-8a78-1e99096b3202,04bbee4b-50c4-4229-86c1-d93908671c0d,248ccf02-2fad-4a57-8831-52e79f698e4c,2025-02-20,12341.06,1094313.95,expense,BMTC,Bus pass recharge
5eae954d-e874-4a66-8108-e7fe8b3dc9c4,403c9a03-94c0-4e66-8a78-1e99096b3202,04bbee4b-50c4-4229-86c1-d93908671c0d,2240f66e-6ba1-4bb3-9578-9f6dd6e71363,2025-02-20,14888.5,1079425.45,expense,Gas Agency,LPG cylinder
7e63ee7d-d250-4043-a7cf-d6f68b36b8bb,403c9a03-94c0-4e66-8a78-1e99096b3202,04bbee4b-50c4-4229-86c1-d93908671c0d,aea49b50-348f-446b-9a35-c970ed3e3a8a,2025-02-20,14643.54,1064781.91,expense,Landlord,Monthly rent payment
4ab5e7ca-d2f0-47dc-9855-1682b1b2fe4d,403c9a03-94c0-4e66-8a78-1e99096b3202,04bbee4b-50c4-4229-86c1-d93908671c0d,3d010285-23fe-4f66-9e98-091ac1adb6a3,2025-02-21,8780.5,1056001.41,expense,Goibibo,Travel booking
664bb6a2-1a7c-44be-b733-bb8c9f9d98e6,403c9a03-94c0-4e66-8a78-1e99096b3202,04bbee4b-50c4-4229-86c1-d93908671c0d,ee7c44a4-b997-4955-8565-e0095cc9a643,2025-02-22,10407.33,1045594.08,expense,IRCTC,Business train ticket
2307d76c-ff8d-4084-9e50-92338a595b0f,403c9a03-94c0-4e66-8a78-1e99096b3202,04bbee4b-50c4-4229-86c1-d93908671c0d,02b93640-5ea9-4023-9ca5-12aaa253ea5b,2025-02-23,1712.09,1043881.99,expense,Airtel,Internet bill
3aada001-caa8-4435-b1ca-4dc5c650a825,403c9a03-94c0-4e66-8a78-1e99096b3202,04bbee4b-50c4-4229-86c1-d93908671c0d,a9ffe6eb-4506-488f-8aae-77f81d637f71,2025-02-23,3430.18,1040451.81,expense,Bata,Footwear
4a09608f-1f3a-49dd-8a4f-ce4a487f2621,403c9a03-94c0-4e66-8a78-1e99096b3202,04bbee4b-50c4-4229-86c1-d93908671c0d,62bb0c22-62a3-42ba-a471-bae2976e7fe1,2025-02-23,26956.27,1013495.54,expense,GST Portal,GST payment
595936ec-6caf-4763-b3d4-6a56d704727e,403c9a03-94c0-4e66-8a78-1e99096b3202,04bbee4b-50c4-4229-86c1-d93908671c0d,baf0d272-8682-41c0-acfb-c78f1f2cd9a1,2025-02-23,2939.55,1010555.99,expense,Vijay Sales,Appliance
862ad871-967a-4ccb-9268-11381fd3246a,403c9a03-94c0-4e66-8a78-1e99096b3202,04bbee4b-50c4-4229-86c1-d93908671c0d,773ee99e-f4ff-4162-87c7-19387a9ebb97,2025-02-23,1872.36,1008683.63,expense,Local Restaurant,Quick lunch
29915b82-3092-43a6-9d95-4ab18a6ee549,403c9a03-94c0-4e66-8a78-1e99096b3202,04bbee4b-50c4-4229-86c1-d93908671c0d,2240f66e-6ba1-4bb3-9578-9f6dd6e71363,2025-02-24,32602.25,976081.38,expense,Jio Fiber,Internet bill
403ebfff-d5a4-4932-9ca5-664be46f92bc,403c9a03-94c0-4e66-8a78-1e99096b3202,04bbee4b-50c4-4229-86c1-d93908671c0d,563cfb4f-7726-4895-ade8-5f8358148b40,2025-02-24,1581.38,977662.76,income,Flipkart,Refund credit
364e0a4a-330f-43a7-bf03-285de5d6afac,403c9a03-94c0-4e66-8a78-1e99096b3202,04bbee4b-50c4-4229-86c1-d93908671c0d,52f50416-8d6b-4f79-aa1e-87189fe727cf,2025-02-25,3057.71,974605.05,expense,Purplle,Cosmetics
62f10a19-2304-43c4-846c-a60866386db0,403c9a03-94c0-4e66-8a78-1e99096b3202,04bbee4b-50c4-4229-86c1-d93908671c0d,248ccf02-2fad-4a57-8831-52e79f698e4c,2025-02-25,13871.16,960733.89,expense,DMRC,Metro card top-up
c70dbdb8-b282-43ea-b115-8dfd25f311c7,403c9a03-94c0-4e66-8a78-1e99096b3202,04bbee4b-50c4-4229-86c1-d93908671c0d,24e016a3-fafe-4519-8295-2f5f87ed7005,2025-02-26,1545.26,959188.63,expense,Toit Brewpub,Craft beer
d75e2e33-7e0c-4553-9dea-ba6f8bcabb3e,403c9a03-94c0-4e66-8a78-1e99096b3202,04bbee4b-50c4-4229-86c1-d93908671c0d,02b93640-5ea9-4023-9ca5-12aaa253ea5b,2025-02-26,472.91,958715.72,expense,Jio Fiber,Broadband bill
5e162a72-dcac-4947-8cd2-38ea554e028c,403c9a03-94c0-4e66-8a78-1e99096b3202,04bbee4b-50c4-4229-86c1-d93908671c0d,3a69e27b-2712-47a5-a445-c5d7a978f8c9,2025-02-27,15409.75,943305.97,expense,Amazon,Stationery order
60a31fd0-1fd0-431d-9028-b0c5b612f4d3,403c9a03-94c0-4e66-8a78-1e99096b3202,04bbee4b-50c4-4229-86c1-d93908671c0d,3e870dc4-9bcb-4d85-a0ed-817b2217e50b,2025-02-27,30885.23,912420.74,expense,ICICI Bank,Loan EMI
cffb694e-c71b-4785-a767-c9793402d49e,403c9a03-94c0-4e66-8a78-1e99096b3202,04bbee4b-50c4-4229-86c1-d93908671c0d,f9695d76-897b-4d1d-b699-30bdb8c3bd63,2025-02-27,15069.32,897351.42,expense,Uber,Ride to office
168095cb-d874-44e0-8829-9442b422efb6,403c9a03-94c0-4e66-8a78-1e99096b3202,04bbee4b-50c4-4229-86c1-d93908671c0d,773ee99e-f4ff-4162-87c7-19387a9ebb97,2025-02-28,1582.5,895768.92,expense,Haldiram's,Lunch
52e5b047-63be-4789-8b94-de6752149402,403c9a03-94c0-4e66-8a78-1e99096b3202,04bbee4b-50c4-4229-86c1-d93908671c0d,948ffb81-b520-4b5d-99fe-0e30b14ff505,2025-02-28,13873.65,881895.27,expense,Kindle,eBook
7530fad6-4fae-4187-ac9a-a3d63817c395,403c9a03-94c0-4e66-8a78-1e99096b3202,04bbee4b-50c4-4229-86c1-d93908671c0d,24e016a3-fafe-4519-8295-2f5f87ed7005,2025-03-01,1012.44,880882.83,expense,Toit Brewpub,Craft beer
9d2a9beb-78ce-4c08-8102-997ac2d6dffd,403c9a03-94c0-4e66-8a78-1e99096b3202,04bbee4b-50c4-4229-86c1-d93908671c0d,4e6141b4-8b08-4a48-92e3-00a3aed708d1,2025-03-02,357.34,880525.49,expense,Adani Electricity,Electricity payment
0b37b2c1-72c5-4a0d-89fd-a959da76fdd5,403c9a03-94c0-4e66-8a78-1e99096b3202,04bbee4b-50c4-4229-86c1-d93908671c0d,0d3983fc-2dc6-40e8-898b-3e446f9ffcb2,2025-03-03,32108.6,912634.09,income,Payroll,Salary deposit
efa3fcd9-d423-4e45-9913-82e52ef7c5e1,403c9a03-94c0-4e66-8a78-1e99096b3202,04bbee4b-50c4-4229-86c1-d93908671c0d,c1794d38-04bb-436c-a349-b7efa2949d59,2025-03-03,299.0,912335.09,expense,Hotstar,Monthly subscription
0c70294a-f3ba-43ff-abac-f2c04c962e6e,403c9a03-94c0-4e66-8a78-1e99096b3202,04bbee4b-50c4-4229-86c1-d93908671c0d,f89d39f0-2919-467d-9eae-73947cd92572,2025-03-04,1939.54,910395.55,expense,McDonald's,Quick meal
1e65f04d-a5ca-4ab3-afba-48e9d8007a94,403c9a03-94c0-4e66-8a78-1e99096b3202,04bbee4b-50c4-4229-86c1-d93908671c0d,aea49b50-348f-446b-9a35-c970ed3e3a8a,2025-03-04,6200.0,904195.55,expense,Housing Society,Monthly rent payment
9e366edd-c641-415b-a490-19161ffbeda0,403c9a03-94c0-4e66-8a78-1e99096b3202,04bbee4b-50c4-4229-86c1-d93908671c0d,94943a15-5000-4909-864f-c229ccc559c2,2025-03-04,11121.63,893073.92,expense,Pepperfry,Furniture order
f5b4d55e-3a72-4fb7-9f36-f3dda330de74,403c9a03-94c0-4e66-8a78-1e99096b3202,04bbee4b-50c4-4229-86c1-d93908671c0d,c1794d38-04bb-436c-a349-b7efa2949d59,2025-03-04,299.0,892774.92,expense,Amazon Prime,Monthly subscription
f963aa65-9c23-48c2-8df2-65ca9888726e,403c9a03-94c0-4e66-8a78-1e99096b3202,04bbee4b-50c4-4229-86c1-d93908671c0d,aa200b24-ef0e-410d-9a5e-5cd5e6eb5584,2025-03-04,23371.47,869403.45,expense,UrbanClap,Home service
9aa21ee1-0d4a-4747-a81b-c9724176cd4c,403c9a03-94c0-4e66-8a78-1e99096b3202,04bbee4b-50c4-4229-86c1-d93908671c0d,62f6b8d3-1048-4d35-8644-028a80420f06,2025-03-05,10727.28,858676.17,expense,Flipkart,Gift order
55c823e7-70e9-422f-b9f0-a7659b917d9b,403c9a03-94c0-4e66-8a78-1e99096b3202,04bbee4b-50c4-4229-86c1-d93908671c0d,1936a4f4-2484-487e-9de0-bd4773f631e7,2025-03-06,630.89,858045.28,expense,Jio,Mobile recharge
ee47ba2c-1ead-43bc-b5ad-0694e6ad79d6,403c9a03-94c0-4e66-8a78-1e99096b3202,04bbee4b-50c4-4229-86c1-d93908671c0d,a0f82fa6-1252-4e6c-8a29-a1761d72d10c,2025-03-06,9518.21,848527.07,expense,Indian Railways,Train booking
0a85a76d-ee71-45a8-bf9f-2ced4a68f0a2,403c9a03-94c0-4e66-8a78-1e99096b3202,04bbee4b-50c4-4229-86c1-d93908671c0d,52f50416-8d6b-4f79-aa1e-87189fe727cf,2025-03-07,7265.06,841262.01,expense,Forest Essentials,Skincare
1b26be59-1467-42f2-b357-9f85177ca212,403c9a03-94c0-4e66-8a78-1e99096b3202,04bbee4b-50c4-4229-86c1-d93908671c0d,aa200b24-ef0e-410d-9a5e-5cd5e6eb5584,2025-03-07,19903.19,821358.82,expense,UrbanClap,Home service
d42c16ec-66e7-46e6-896d-6a4de6899854,403c9a03-94c0-4e66-8a78-1e99096b3202,04bbee4b-50c4-4229-86c1-d93908671c0d,c1794d38-04bb-436c-a349-b7efa2949d59,2025-03-07,119.0,821239.82,expense,Spotify,Monthly subscription
444cec85-f63d-44b0-91fa-e2e48279bc41,403c9a03-94c0-4e66-8a78-1e99096b3202,04bbee4b-50c4-4229-86c1-d93908671c0d,abe7e3b4-e94a-47f4-bb4c-ee2b5dfb1afb,2025-03-10,611.46,820628.36,expense,Zerodha,Stock purchase
611206b8-5953-458d-a67a-b1c01415cd45,403c9a03-94c0-4e66-8a78-1e99096b3202,04bbee4b-50c4-4229-86c1-d93908671c0d,96425e71-00ab-44ec-b7a5-b7bc7c419b3c,2025-03-10,32971.07,787657.29,expense,HDFC Bank,Home loan EMI
45bad2a7-3b90-4a1f-9d4c-5d071c78b82d,403c9a03-94c0-4e66-8a78-1e99096b3202,04bbee4b-50c4-4229-86c1-d93908671c0d,52f50416-8d6b-4f79-aa1e-87189fe727cf,2025-03-12,9395.29,778262.0,expense,Purplle,Cosmetics
506d2726-4315-4651-8147-cce3aa1a19e8,403c9a03-94c0-4e66-8a78-1e99096b3202,04bbee4b-50c4-4229-86c1-d93908671c0d,a0f82fa6-1252-4e6c-8a29-a1761d72d10c,2025-03-12,10829.83,767432.17,expense,IRCTC,Train ticket
517250bb-0d6a-4b94-978a-90f04643f73d,403c9a03-94c0-4e66-8a78-1e99096b3202,04bbee4b-50c4-4229-86c1-d93908671c0d,248ccf02-2fad-4a57-8831-52e79f698e4c,2025-03-12,5322.41,762109.76,expense,BEST,Bus card recharge
82fe5523-3be0-4024-a35e-1988b55638cb,403c9a03-94c0-4e66-8a78-1e99096b3202,04bbee4b-50c4-4229-86c1-d93908671c0d,afb11444-5eb7-49e4-adb0-6e90808b3f69,2025-03-12,26047.68,736062.08,expense,SBI,Service charge
8959e90b-09d0-4b6c-83fe-20a9d616aa94,403c9a03-94c0-4e66-8a78-1e99096b3202,04bbee4b-50c4-4229-86c1-d93908671c0d,a0f82fa6-1252-4e6c-8a29-a1761d72d10c,2025-03-12,9597.19,726464.89,expense,IRCTC,Train ticket
8cf47686-67c6-466c-9b44-053c3cd28f4e,403c9a03-94c0-4e66-8a78-1e99096b3202,04bbee4b-50c4-4229-86c1-d93908671c0d,24e016a3-fafe-4519-8295-2f5f87ed7005,2025-03-12,980.4,725484.49,expense,Chaayos,Tea
56fb46d1-2c58-4ce0-ba36-13983a7b55d8,403c9a03-94c0-4e66-8a78-1e99096b3202,04bbee4b-50c4-4229-86c1-d93908671c0d,aea49b50-348f-446b-9a35-c970ed3e3a8a,2025-03-13,7004.48,718480.01,expense,NoBroker,Rent via NoBroker
44d4e5cb-a913-4643-8774-32243e3322c3,403c9a03-94c0-4e66-8a78-1e99096b3202,04bbee4b-50c4-4229-86c1-d93908671c0d,4e6141b4-8b08-4a48-92e3-00a3aed708d1,2025-03-14,1776.03,716703.98,expense,BESCOM,Electricity bill
e8c3d8da-872c-4ace-a133-785c17688b05,403c9a03-94c0-4e66-8a78-1e99096b3202,04bbee4b-50c4-4229-86c1-d93908671c0d,1936a4f4-2484-487e-9de0-bd4773f631e7,2025-03-15,1378.75,715325.23,expense,Airtel,Postpaid bill
039add82-6026-489e-9c99-4c87a71d1c7d,403c9a03-94c0-4e66-8a78-1e99096b3202,04bbee4b-50c4-4229-86c1-d93908671c0d,9824533c-e6eb-43ff-b2d1-9724f9f59c75,2025-03-16,11040.35,704284.88,expense,Maid,Maid salary
0eb2acaf-5864-4f95-a244-eb3ef2a52ba7,403c9a03-94c0-4e66-8a78-1e99096b3202,04bbee4b-50c4-4229-86c1-d93908671c0d,a0f82fa6-1252-4e6c-8a29-a1761d72d10c,2025-03-16,3533.93,700750.95,expense,IRCTC,Train ticket
1dc26d2d-140b-4382-a28c-27c8e31fc655,403c9a03-94c0-4e66-8a78-1e99096b3202,04bbee4b-50c4-4229-86c1-d93908671c0d,96425e71-00ab-44ec-b7a5-b7bc7c419b3c,2025-03-16,33377.84,667373.11,expense,Axis Bank,Home loan EMI
702237c1-023c-45f2-99a3-c251b9abef41,403c9a03-94c0-4e66-8a78-1e99096b3202,04bbee4b-50c4-4229-86c1-d93908671c0d,2240f66e-6ba1-4bb3-9578-9f6dd6e71363,2025-03-17,721.07,666652.04,expense,ACT Fibernet,Internet payment
8705397c-a4c3-420e-85ff-5a6102c276c9,403c9a03-94c0-4e66-8a78-1e99096b3202,04bbee4b-50c4-4229-86c1-d93908671c0d,24e016a3-fafe-4519-8295-2f5f87ed7005,2025-03-17,2610.39,664041.65,expense,Blue Tokai,Specialty coffee
a4c5052c-3cc1-4c4f-89ea-bd93e1cf26e7,403c9a03-94c0-4e66-8a78-1e99096b3202,04bbee4b-50c4-4229-86c1-d93908671c0d,96425e71-00ab-44ec-b7a5-b7bc7c419b3c,2025-03-17,2208.56,661833.09,expense,SBI,Housing loan instalment
38d87c15-e23f-4331-b959-cab0e9176a29,403c9a03-94c0-4e66-8a78-1e99096b3202,04bbee4b-50c4-4229-86c1-d93908671c0d,9824533c-e6eb-43ff-b2d1-9724f9f59c75,2025-03-18,23727.39,638105.7,expense,Cook,Cook wages
5fb2b724-df1d-4816-b851-82f4de9f2807,403c9a03-94c0-4e66-8a78-1e99096b3202,04bbee4b-50c4-4229-86c1-d93908671c0d,f89d39f0-2919-467d-9eae-73947cd92572,2025-03-19,2592.17,635513.53,expense,Burger King,Burger meal
7ca773ed-35f0-4691-b4e7-edb4903f2eff,403c9a03-94c0-4e66-8a78-1e99096b3202,04bbee4b-50c4-4229-86c1-d93908671c0d,02b93640-5ea9-4023-9ca5-12aaa253ea5b,2025-03-19,1206.06,634307.47,expense,Airtel,Internet bill
c75941f0-301d-47bb-a5a3-0051969f2121,403c9a03-94c0-4e66-8a78-1e99096b3202,04bbee4b-50c4-4229-86c1-d93908671c0d,f9695d76-897b-4d1d-b699-30bdb8c3bd63,2025-03-19,312.18,633995.29,expense,Ola,Cab ride
ae5eaa87-2082-40c4-bb55-b1ade879d35a,403c9a03-94c0-4e66-8a78-1e99096b3202,04bbee4b-50c4-4229-86c1-d93908671c0d,352e3807-c4b8-4f2f-b4a0-11f0a676a889,2025-03-20,2513.98,631481.31,expense,Zepto,Quick grocery delivery
ceb074b9-8dae-428a-a42c-36f0f142de99,403c9a03-94c0-4e66-8a78-1e99096b3202,04bbee4b-50c4-4229-86c1-d93908671c0d,8020f28e-d18c-4677-a747-5497f031a5d2,2025-03-20,1218.43,630262.88,expense,Nykaa,Beauty products
5ee28844-c0f0-4a94-a0c0-da6445181e94,403c9a03-94c0-4e66-8a78-1e99096b3202,04bbee4b-50c4-4229-86c1-d93908671c0d,d926a624-ee93-4c92-bd0e-202091a8548e,2025-03-21,39258.15,591004.73,expense,SBI Card,Card payment
d02f1521-755a-4a12-b176-bd6a0b715360,403c9a03-94c0-4e66-8a78-1e99096b3202,04bbee4b-50c4-4229-86c1-d93908671c0d,773ee99e-f4ff-4162-87c7-19387a9ebb97,2025-03-21,1712.85,589291.88,expense,Haldiram's,Lunch
b4a0a03d-7c90-4520-8910-3db18eb4ed61,403c9a03-94c0-4e66-8a78-1e99096b3202,04bbee4b-50c4-4229-86c1-d93908671c0d,c70299e8-74c3-48e3-832d-a15ca45f9d40,2025-03-23,1434.73,587857.15,expense,SpiceJet,Domestic flight
2430149d-c904-4cad-a47d-06e1170c1dfd,403c9a03-94c0-4e66-8a78-1e99096b3202,04bbee4b-50c4-4229-86c1-d93908671c0d,9824533c-e6eb-43ff-b2d1-9724f9f59c75,2025-03-24,32773.86,555083.29,expense,Watchman,Security tip
ee84c2e6-a61a-4626-a9fd-87328cb490e0,403c9a03-94c0-4e66-8a78-1e99096b3202,04bbee4b-50c4-4229-86c1-d93908671c0d,773ee99e-f4ff-4162-87c7-19387a9ebb97,2025-03-24,666.9,554416.39,expense,Local Restaurant,Quick lunch
5790f32d-156f-4320-9215-26ffddde7afe,403c9a03-94c0-4e66-8a78-1e99096b3202,04bbee4b-50c4-4229-86c1-d93908671c0d,eb6cafa9-5129-4c5f-a238-d432e93d5710,2025-03-25,931.29,553485.1,expense,FASTag NHAI,Toll payment
9f312875-bbd5-4948-9f57-bdb1524667d9,403c9a03-94c0-4e66-8a78-1e99096b3202,04bbee4b-50c4-4229-86c1-d93908671c0d,773ee99e-f4ff-4162-87c7-19387a9ebb97,2025-03-25,1478.63,552006.47,expense,Haldiram's,Lunch
300e7dea-1d4d-4730-8e3d-8a989c319dfa,403c9a03-94c0-4e66-8a78-1e99096b3202,04bbee4b-50c4-4229-86c1-d93908671c0d,248ccf02-2fad-4a57-8831-52e79f698e4c,2025-03-26,10032.57,541973.9,expense,DMRC,Metro card top-up
81f7614a-ba72-45c8-8c75-d1c5eaf791d3,403c9a03-94c0-4e66-8a78-1e99096b3202,04bbee4b-50c4-4229-86c1-d93908671c0d,9824533c-e6eb-43ff-b2d1-9724f9f59c75,2025-03-26,31683.92,510289.98,expense,Watchman,Security tip
dbfcbc0b-e15c-455c-844f-57c762b97fa7,403c9a03-94c0-4e66-8a78-1e99096b3202,04bbee4b-50c4-4229-86c1-d93908671c0d,76b12465-5eec-4e07-98cb-43137e404dcd,2025-03-26,14803.87,495486.11,expense,BYJU'S,Learning app
f4b774fc-f4b5-44dc-ad50-df81c7095120,403c9a03-94c0-4e66-8a78-1e99096b3202,04bbee4b-50c4-4229-86c1-d93908671c0d,352e3807-c4b8-4f2f-b4a0-11f0a676a889,2025-03-26,2397.34,493088.77,expense,Reliance Fresh,Fresh produce & vegetables
39ff24ad-406d-4ed4-b663-461079829a8c,403c9a03-94c0-4e66-8a78-1e99096b3202,04bbee4b-50c4-4229-86c1-d93908671c0d,3a69e27b-2712-47a5-a445-c5d7a978f8c9,2025-03-27,1887.9,491200.87,expense,Local Bookshop,Stationery
60a10170-f72a-40e6-8a65-88c736a75242,403c9a03-94c0-4e66-8a78-1e99096b3202,04bbee4b-50c4-4229-86c1-d93908671c0d,49b46c39-e438-4284-95c0-8dd9c25bbe33,2025-03-27,2584.14,488616.73,expense,Local Eatery,Food purchase
ac0d9ef5-b44e-4074-8937-2542f09579d2,403c9a03-94c0-4e66-8a78-1e99096b3202,04bbee4b-50c4-4229-86c1-d93908671c0d,f9695d76-897b-4d1d-b699-30bdb8c3bd63,2025-03-27,8929.47,479687.26,expense,Rapido,Bike taxi
af8044bb-ee77-4ee9-b937-9be6b98fa234,403c9a03-94c0-4e66-8a78-1e99096b3202,04bbee4b-50c4-4229-86c1-d93908671c0d,7b4b3f22-72da-46c4-913d-6c0f0486886f,2025-03-27,10359.2,469328.06,expense,1mg,Healthcare products
b9ca7dc2-2883-414f-9fa2-bafb399979cf,403c9a03-94c0-4e66-8a78-1e99096b3202,04bbee4b-50c4-4229-86c1-d93908671c0d,1936a4f4-2484-487e-9de0-bd4773f631e7,2025-03-27,1817.09,467510.97,expense,BSNL,Mobile bill
6ee4331a-b9e5-4b50-a84c-e8505ac04455,403c9a03-94c0-4e66-8a78-1e99096b3202,04bbee4b-50c4-4229-86c1-d93908671c0d,248ccf02-2fad-4a57-8831-52e79f698e4c,2025-03-28,8635.05,458875.92,expense,DMRC,Metro card top-up
8be8a5f3-300d-449e-b4f7-1ecf2623011f,403c9a03-94c0-4e66-8a78-1e99096b3202,04bbee4b-50c4-4229-86c1-d93908671c0d,352e3807-c4b8-4f2f-b4a0-11f0a676a889,2025-03-28,2539.02,456336.9,expense,Blinkit,Instant delivery
69ecfddd-1773-4a65-a28e-9ce9212b03ac,403c9a03-94c0-4e66-8a78-1e99096b3202,04bbee4b-50c4-4229-86c1-d93908671c0d,c70299e8-74c3-48e3-832d-a15ca45f9d40,2025-03-29,2484.21,453852.69,expense,IndiGo,Flight ticket
91f48704-6c5c-4682-8f09-8d8c3e76ac95,403c9a03-94c0-4e66-8a78-1e99096b3202,04bbee4b-50c4-4229-86c1-d93908671c0d,aa200b24-ef0e-410d-9a5e-5cd5e6eb5584,2025-03-29,30854.45,422998.24,expense,Electrician,Electrical work
c21f3048-1e66-424a-b843-ca0885826a6b,403c9a03-94c0-4e66-8a78-1e99096b3202,04bbee4b-50c4-4229-86c1-d93908671c0d,820faeca-f72b-4444-b3ed-cc4b2457b6fa,2025-03-29,11445.07,411553.17,expense,Amazon,Online shopping
64d34fe8-7083-440c-b00c-5cb4c89be122,403c9a03-94c0-4e66-8a78-1e99096b3202,04bbee4b-50c4-4229-86c1-d93908671c0d,02b93640-5ea9-4023-9ca5-12aaa253ea5b,2025-03-30,1321.81,410231.36,expense,Jio Fiber,Broadband bill
c567876f-eb11-43fa-b1bf-010e8cbbc588,403c9a03-94c0-4e66-8a78-1e99096b3202,04bbee4b-50c4-4229-86c1-d93908671c0d,a9ffe6eb-4506-488f-8aae-77f81d637f71,2025-04-01,1370.16,408861.2,expense,FabIndia,Ethnic wear
586e1937-7418-48f6-ae13-e5a3a39fa3dd,403c9a03-94c0-4e66-8a78-1e99096b3202,04bbee4b-50c4-4229-86c1-d93908671c0d,24e016a3-fafe-4519-8295-2f5f87ed7005,2025-04-02,1871.25,406989.95,expense,Chaayos,Tea
60e1e908-43e4-41d7-886a-c2f46635eb30,403c9a03-94c0-4e66-8a78-1e99096b3202,04bbee4b-50c4-4229-86c1-d93908671c0d,0d3983fc-2dc6-40e8-898b-3e446f9ffcb2,2025-04-02,31981.64,438971.59,income,Employer,Monthly salary credit
787cf9ce-8c71-43c3-a5b4-d48e5ef8d1e3,403c9a03-94c0-4e66-8a78-1e99096b3202,04bbee4b-50c4-4229-86c1-d93908671c0d,2240f66e-6ba1-4bb3-9578-9f6dd6e71363,2025-04-02,5642.98,433328.61,expense,BWSSB,Water bill
f2131a5b-ab85-4b07-920b-98ee0c5108a4,403c9a03-94c0-4e66-8a78-1e99096b3202,04bbee4b-50c4-4229-86c1-d93908671c0d,f9695d76-897b-4d1d-b699-30bdb8c3bd63,2025-04-02,11199.57,422129.04,expense,Auto,Auto fare
3ca890dc-c2ef-439d-aa01-626261bb43cf,403c9a03-94c0-4e66-8a78-1e99096b3202,04bbee4b-50c4-4229-86c1-d93908671c0d,f89d39f0-2919-467d-9eae-73947cd92572,2025-04-03,2569.61,419559.43,expense,Pizza Hut,Pizza order
f0a5d075-e8f7-4dc1-af80-5285b6ae03c5,403c9a03-94c0-4e66-8a78-1e99096b3202,04bbee4b-50c4-4229-86c1-d93908671c0d,94943a15-5000-4909-864f-c229ccc559c2,2025-04-03,485.34,419074.09,expense,Pepperfry,Furniture order
b9adbb3e-381e-47bb-85dd-dfbf3c73a60f,403c9a03-94c0-4e66-8a78-1e99096b3202,04bbee4b-50c4-4229-86c1-d93908671c0d,aea49b50-348f-446b-9a35-c970ed3e3a8a,2025-04-04,6200.0,412874.09,expense,NoBroker,Monthly rent payment
d20773cd-1be9-4f85-9aa8-37e62c99b07a,403c9a03-94c0-4e66-8a78-1e99096b3202,04bbee4b-50c4-4229-86c1-d93908671c0d,773ee99e-f4ff-4162-87c7-19387a9ebb97,2025-04-04,291.49,412582.6,expense,Social,Weekend brunch
b1a1b54d-56c3-4a96-9dbf-3940c2384943,403c9a03-94c0-4e66-8a78-1e99096b3202,04bbee4b-50c4-4229-86c1-d93908671c0d,aea49b50-348f-446b-9a35-c970ed3e3a8a,2025-04-05,21567.3,391015.3,expense,NoBroker,Rent via NoBroker
e2c82772-9d6e-4f84-abd6-88934ed4b566,403c9a03-94c0-4e66-8a78-1e99096b3202,04bbee4b-50c4-4229-86c1-d93908671c0d,c1794d38-04bb-436c-a349-b7efa2949d59,2025-04-05,299.0,390716.3,expense,Hotstar,Monthly subscription
391f94ea-f17a-41d2-8974-636d0c5e4183,403c9a03-94c0-4e66-8a78-1e99096b3202,04bbee4b-50c4-4229-86c1-d93908671c0d,4e6141b4-8b08-4a48-92e3-00a3aed708d1,2025-04-06,7883.24,382833.06,expense,BESCOM,Electricity bill
9712cc27-1d68-4104-84a5-c072fead7615,403c9a03-94c0-4e66-8a78-1e99096b3202,04bbee4b-50c4-4229-86c1-d93908671c0d,1936a4f4-2484-487e-9de0-bd4773f631e7,2025-04-06,571.97,382261.09,expense,Vi,Phone bill
a0165b71-7f81-4891-8aae-cbb49d7d714b,403c9a03-94c0-4e66-8a78-1e99096b3202,04bbee4b-50c4-4229-86c1-d93908671c0d,ba7b532e-605d-4ad5-b9b6-3155499c93eb,2025-04-06,1187.1,381073.99,expense,SBI Life,Insurance payment
a5ae02dd-45a0-4030-9824-cf9dc73f502a,403c9a03-94c0-4e66-8a78-1e99096b3202,04bbee4b-50c4-4229-86c1-d93908671c0d,60d066bc-e9ed-4249-b6d9-4da0fa4b9b29,2025-04-06,5023.24,376050.75,expense,PVR Cinemas,Cinema
e0e5db5d-f15e-4ee4-bfa7-b96d78447c42,403c9a03-94c0-4e66-8a78-1e99096b3202,04bbee4b-50c4-4229-86c1-d93908671c0d,4e6141b4-8b08-4a48-92e3-00a3aed708d1,2025-04-06,13045.38,363005.37,expense,BSES,Power bill
1c5816b6-abf5-4307-a14a-1dfb7674e876,403c9a03-94c0-4e66-8a78-1e99096b3202,04bbee4b-50c4-4229-86c1-d93908671c0d,aea49b50-348f-446b-9a35-c970ed3e3a8a,2025-04-07,13838.63,349166.74,expense,NoBroker,Rent via NoBroker
2339e736-4ee7-43de-919b-54ee6b163e21,403c9a03-94c0-4e66-8a78-1e99096b3202,04bbee4b-50c4-4229-86c1-d93908671c0d,2240f66e-6ba1-4bb3-9578-9f6dd6e71363,2025-04-07,30884.95,318281.79,expense,Airtel,Broadband bill
3fa19c0c-52b2-48b1-b681-63a2c0b10cec,403c9a03-94c0-4e66-8a78-1e99096b3202,04bbee4b-50c4-4229-86c1-d93908671c0d,68662b1b-9e19-427c-8a6f-0dea71240479,2025-04-07,817.36,317464.43,expense,Steam,Game purchase
730725f9-fc74-4015-83c0-4fc6607e13e4,403c9a03-94c0-4e66-8a78-1e99096b3202,04bbee4b-50c4-4229-86c1-d93908671c0d,a9ffe6eb-4506-488f-8aae-77f81d637f71,2025-04-07,10702.44,306761.99,expense,Westside,Seasonal shopping
a32e8d09-11f5-4ca6-94d0-8b438d1cb88a,403c9a03-94c0-4e66-8a78-1e99096b3202,04bbee4b-50c4-4229-86c1-d93908671c0d,2240f66e-6ba1-4bb3-9578-9f6dd6e71363,2025-04-07,425.06,306336.93,expense,ACT Fibernet,Internet payment
b4a7c80e-d89c-4bd9-911e-b3678a4d4244,403c9a03-94c0-4e66-8a78-1e99096b3202,04bbee4b-50c4-4229-86c1-d93908671c0d,59617cc5-9fa4-4d85-9493-ae0690ce3405,2025-04-07,2414.28,303922.65,expense,Bosch Car Service,Car repair
d78df65c-b6cf-470d-b80b-5165e046d092,403c9a03-94c0-4e66-8a78-1e99096b3202,04bbee4b-50c4-4229-86c1-d93908671c0d,baf0d272-8682-41c0-acfb-c78f1f2cd9a1,2025-04-08,4697.01,299225.64,expense,Reliance Digital,Gadget purchase
293cedfa-ed7e-450a-949b-7698a54e9fc8,403c9a03-94c0-4e66-8a78-1e99096b3202,04bbee4b-50c4-4229-86c1-d93908671c0d,820faeca-f72b-4444-b3ed-cc4b2457b6fa,2025-04-09,9484.76,289740.88,expense,Amazon,Online shopping
bf20a1c6-aa29-48ac-8e2b-585e172f56b4,403c9a03-94c0-4e66-8a78-1e99096b3202,04bbee4b-50c4-4229-86c1-d93908671c0d,24e016a3-fafe-4519-8295-2f5f87ed7005,2025-04-09,1668.81,288072.07,expense,The Beer Cafe,Drinks with friends
3d4f598f-e0a4-431f-81e6-bf53099fd18c,403c9a03-94c0-4e66-8a78-1e99096b3202,04bbee4b-50c4-4229-86c1-d93908671c0d,c1794d38-04bb-436c-a349-b7efa2949d59,2025-04-10,299.0,287773.07,expense,Amazon Prime,Monthly subscription
e7b5dfba-5a13-4383-a586-4d17148ac647,403c9a03-94c0-4e66-8a78-1e99096b3202,04bbee4b-50c4-4229-86c1-d93908671c0d,abe7e3b4-e94a-47f4-bb4c-ee2b5dfb1afb,2025-04-10,614.41,287158.66,expense,Angel One,Share purchase
0606c20b-1d3f-43f9-b5e4-59ba90edd361,403c9a03-94c0-4e66-8a78-1e99096b3202,04bbee4b-50c4-4229-86c1-d93908671c0d,c1794d38-04bb-436c-a349-b7efa2949d59,2025-04-11,119.0,287039.66,expense,Spotify,Monthly subscription
603d235d-82fd-496c-aa51-a0514955a510,403c9a03-94c0-4e66-8a78-1e99096b3202,04bbee4b-50c4-4229-86c1-d93908671c0d,eb6cafa9-5129-4c5f-a238-d432e93d5710,2025-04-11,290.59,286749.07,expense,Toll Plaza,Highway toll
613b0c78-2b31-4c10-b598-9f78ad89a331,403c9a03-94c0-4e66-8a78-1e99096b3202,04bbee4b-50c4-4229-86c1-d93908671c0d,7b4b3f22-72da-46c4-913d-6c0f0486886f,2025-04-11,8525.46,278223.61,expense,Apollo Pharmacy,Medicine purchase
0f4b3307-9598-4aee-a6b6-50b3ffbe05e9,403c9a03-94c0-4e66-8a78-1e99096b3202,04bbee4b-50c4-4229-86c1-d93908671c0d,1936a4f4-2484-487e-9de0-bd4773f631e7,2025-04-12,528.93,277694.68,expense,Jio,Mobile recharge
a62ddf0c-5de1-49a7-b920-40435f2ad578,403c9a03-94c0-4e66-8a78-1e99096b3202,04bbee4b-50c4-4229-86c1-d93908671c0d,4e6141b4-8b08-4a48-92e3-00a3aed708d1,2025-04-12,597.73,277096.95,expense,BESCOM,Electricity bill
36be2fe1-aea9-4b0c-b9f1-2f6ace239511,403c9a03-94c0-4e66-8a78-1e99096b3202,04bbee4b-50c4-4229-86c1-d93908671c0d,67f170d4-68ec-4828-8164-1ab3ae9440e0,2025-04-13,8468.91,268628.04,expense,BookMyShow,Activity booking
ec5cf323-83d5-45a6-ac7e-7416b388a02c,403c9a03-94c0-4e66-8a78-1e99096b3202,04bbee4b-50c4-4229-86c1-d93908671c0d,c1794d38-04bb-436c-a349-b7efa2949d59,2025-04-13,5483.73,263144.31,expense,Hotstar,OTT subscription
f0b78cf3-ded1-405a-bee2-454926a25334,403c9a03-94c0-4e66-8a78-1e99096b3202,04bbee4b-50c4-4229-86c1-d93908671c0d,9824533c-e6eb-43ff-b2d1-9724f9f59c75,2025-04-13,11269.68,251874.63,expense,Cook,Cook wages
ff88e9f4-30b9-4a98-842c-bd0bdab13e64,403c9a03-94c0-4e66-8a78-1e99096b3202,04bbee4b-50c4-4229-86c1-d93908671c0d,352e3807-c4b8-4f2f-b4a0-11f0a676a889,2025-04-13,396.74,251477.89,expense,DMart,Supermarket shopping
7425def3-93f9-4c22-943c-bb6ffef41518,403c9a03-94c0-4e66-8a78-1e99096b3202,04bbee4b-50c4-4229-86c1-d93908671c0d,1936a4f4-2484-487e-9de0-bd4773f631e7,2025-04-15,575.96,250901.93,expense,Airtel,Postpaid bill
c224c002-cb94-4269-9957-3f7d66351bd5,403c9a03-94c0-4e66-8a78-1e99096b3202,04bbee4b-50c4-4229-86c1-d93908671c0d,c70299e8-74c3-48e3-832d-a15ca45f9d40,2025-04-15,4527.08,246374.85,expense,Air India,Flight booking
fad4cb79-0afa-4ca3-8d44-68e5509f6f62,403c9a03-94c0-4e66-8a78-1e99096b3202,04bbee4b-50c4-4229-86c1-d93908671c0d,9b12be40-523e-43ac-b1e0-56b200b39928,2025-04-16,11747.12,234627.73,expense,ICICI Lombard,Property insurance premium
493d251f-7018-46f0-9af7-bbf6d7ebcf3b,403c9a03-94c0-4e66-8a78-1e99096b3202,04bbee4b-50c4-4229-86c1-d93908671c0d,1936a4f4-2484-487e-9de0-bd4773f631e7,2025-04-17,977.21,233650.52,expense,Jio,Mobile recharge
118a309d-2e49-4cdb-91e5-c3fabfa091b5,403c9a03-94c0-4e66-8a78-1e99096b3202,04bbee4b-50c4-4229-86c1-d93908671c0d,1936a4f4-2484-487e-9de0-bd4773f631e7,2025-04-18,1344.13,232306.39,expense,Vi,Phone bill
97b4a3f0-15cb-4d0c-bc18-6b6e7b0e2ff0,403c9a03-94c0-4e66-8a78-1e99096b3202,04bbee4b-50c4-4229-86c1-d93908671c0d,24e016a3-fafe-4519-8295-2f5f87ed7005,2025-04-20,2426.36,229880.03,expense,Cafe Coffee Day,Coffee and snacks
c3db207f-e58a-4522-b7d7-1c6ba35c91ab,403c9a03-94c0-4e66-8a78-1e99096b3202,04bbee4b-50c4-4229-86c1-d93908671c0d,a4b93f63-6549-4c49-a3c8-3dff01794737,2025-04-20,704.59,229175.44,expense,Amazon,Kids order
1bd446b3-787e-4189-8121-cf040fc3f8ca,403c9a03-94c0-4e66-8a78-1e99096b3202,04bbee4b-50c4-4229-86c1-d93908671c0d,352e3807-c4b8-4f2f-b4a0-11f0a676a889,2025-04-21,272.44,228903.0,expense,DMart,Supermarket shopping
59f2c485-0f37-4db7-80c1-35100c29147a,403c9a03-94c0-4e66-8a78-1e99096b3202,04bbee4b-50c4-4229-86c1-d93908671c0d,eb6cafa9-5129-4c5f-a238-d432e93d5710,2025-04-21,10183.98,218719.02,expense,Toll Plaza,Highway toll
aaf75526-4ab8-4183-aec5-55d2187c7fa8,403c9a03-94c0-4e66-8a78-1e99096b3202,04bbee4b-50c4-4229-86c1-d93908671c0d,9824533c-e6eb-43ff-b2d1-9724f9f59c75,2025-04-21,7723.87,210995.15,expense,Cook,Cook wages
f7d28a3c-b06f-4b85-b49a-a63831040f6c,403c9a03-94c0-4e66-8a78-1e99096b3202,04bbee4b-50c4-4229-86c1-d93908671c0d,2240f66e-6ba1-4bb3-9578-9f6dd6e71363,2025-04-23,1711.38,209283.77,expense,Gas Agency,LPG cylinder
5272bd76-c561-4ff8-b09d-97f1abb973f9,403c9a03-94c0-4e66-8a78-1e99096b3202,04bbee4b-50c4-4229-86c1-d93908671c0d,62f6b8d3-1048-4d35-8644-028a80420f06,2025-04-24,9486.91,199796.86,expense,Local Gift Shop,Gift
dff6ef26-2558-416f-95f4-96fa98f11963,403c9a03-94c0-4e66-8a78-1e99096b3202,04bbee4b-50c4-4229-86c1-d93908671c0d,aa200b24-ef0e-410d-9a5e-5cd5e6eb5584,2025-04-24,18019.72,181777.14,expense,Electrician,Electrical work
f8b3e927-8305-436d-801e-55f1205f44e7,403c9a03-94c0-4e66-8a78-1e99096b3202,04bbee4b-50c4-4229-86c1-d93908671c0d,aea49b50-348f-446b-9a35-c970ed3e3a8a,2025-04-25,22284.97,159492.17,expense,Landlord,Monthly rent payment
2ad103f4-65a5-4759-9aed-d755591404e8,403c9a03-94c0-4e66-8a78-1e99096b3202,04bbee4b-50c4-4229-86c1-d93908671c0d,49b46c39-e438-4284-95c0-8dd9c25bbe33,2025-04-28,1170.23,158321.94,expense,Swiggy,Food order
18cc3c57-54e9-44ab-b966-3d0e2a9bd081,403c9a03-94c0-4e66-8a78-1e99096b3202,04bbee4b-50c4-4229-86c1-d93908671c0d,f9695d76-897b-4d1d-b699-30bdb8c3bd63,2025-04-29,17676.53,140645.41,expense,Auto,Auto fare
bcb75017-1fda-433f-aa2a-e1182de46d2c,403c9a03-94c0-4e66-8a78-1e99096b3202,04bbee4b-50c4-4229-86c1-d93908671c0d,24e016a3-fafe-4519-8295-2f5f87ed7005,2025-04-29,1904.0,138741.41,expense,Toit Brewpub,Craft beer
c8ef5750-2fca-45c0-97b2-a942e2eed258,403c9a03-94c0-4e66-8a78-1e99096b3202,04bbee4b-50c4-4229-86c1-d93908671c0d,773ee99e-f4ff-4162-87c7-19387a9ebb97,2025-04-29,2658.19,136083.22,expense,Social,Weekend brunch
2fad2149-36d6-4a70-b34f-e789b584e6cd,403c9a03-94c0-4e66-8a78-1e99096b3202,04bbee4b-50c4-4229-86c1-d93908671c0d,aea49b50-348f-446b-9a35-c970ed3e3a8a,2025-04-30,3143.99,132939.23,expense,Landlord,Monthly rent payment
8b659c65-c4b6-48c6-866a-8a775ae4eda8,403c9a03-94c0-4e66-8a78-1e99096b3202,04bbee4b-50c4-4229-86c1-d93908671c0d,4e6141b4-8b08-4a48-92e3-00a3aed708d1,2025-04-30,12598.75,120340.48,expense,Tata Power,Power bill
4999ce4c-073a-40f4-be80-827388d72608,bc988342-1383-4a29-b7af-23d779e4f7ec,0e83c0d7-fb5a-4591-b688-27b2274ce752,aea49b50-348f-446b-9a35-c970ed3e3a8a,2025-01-01,16523.9,1038706.82,expense,Landlord,Monthly rent payment
0673fc53-8cb7-415b-820c-89308f13fd86,bc988342-1383-4a29-b7af-23d779e4f7ec,0e83c0d7-fb5a-4591-b688-27b2274ce752,0d3983fc-2dc6-40e8-898b-3e446f9ffcb2,2025-01-02,225685.78,1264392.6,income,Payroll,Salary deposit
5f51d491-9c6a-435a-9ca1-8ccf7fa9c66c,bc988342-1383-4a29-b7af-23d779e4f7ec,0e83c0d7-fb5a-4591-b688-27b2274ce752,02b93640-5ea9-4023-9ca5-12aaa253ea5b,2025-01-02,2917.62,1261474.98,expense,ACT Fibernet,Internet payment
d84a9bdd-633d-4624-ba48-3e8e5637c107,bc988342-1383-4a29-b7af-23d779e4f7ec,0e83c0d7-fb5a-4591-b688-27b2274ce752,aea49b50-348f-446b-9a35-c970ed3e3a8a,2025-01-05,44000.0,1217474.98,expense,Housing Society,Monthly rent payment
24bb4321-a27a-4a39-8fdf-5694d47590c0,bc988342-1383-4a29-b7af-23d779e4f7ec,0e83c0d7-fb5a-4591-b688-27b2274ce752,c1794d38-04bb-436c-a349-b7efa2949d59,2025-01-07,299.0,1217175.98,expense,Amazon Prime,Monthly subscription
bc07329b-25d8-4174-a795-dd51d2c59230,bc988342-1383-4a29-b7af-23d779e4f7ec,0e83c0d7-fb5a-4591-b688-27b2274ce752,59617cc5-9fa4-4d85-9493-ae0690ce3405,2025-01-07,32052.2,1185123.78,expense,Maruti Service,Car service
04490ce3-8565-4ef0-a29c-ba4ec7bceed7,bc988342-1383-4a29-b7af-23d779e4f7ec,0e83c0d7-fb5a-4591-b688-27b2274ce752,76b12465-5eec-4e07-98cb-43137e404dcd,2025-01-08,21342.87,1163780.91,expense,Simplilearn,Certification
b6c6c48e-194f-49cd-b0a0-cb24dc5f74dc,bc988342-1383-4a29-b7af-23d779e4f7ec,0e83c0d7-fb5a-4591-b688-27b2274ce752,06112ebb-b73c-40a0-aaba-87c783f69c60,2025-01-18,15949.75,1147831.16,expense,Art Shop,Art supplies
129e2cca-afec-442f-bdda-1f600591f33d,bc988342-1383-4a29-b7af-23d779e4f7ec,0e83c0d7-fb5a-4591-b688-27b2274ce752,f89d39f0-2919-467d-9eae-73947cd92572,2025-01-19,1649.2,1146181.96,expense,KFC,Fast food
95e92edc-7f95-495a-af5d-3d5ea46442b5,bc988342-1383-4a29-b7af-23d779e4f7ec,0e83c0d7-fb5a-4591-b688-27b2274ce752,76b12465-5eec-4e07-98cb-43137e404dcd,2025-01-19,39710.23,1106471.73,expense,BYJU'S,Learning app
a5c54678-f54d-4e9a-a642-d10540ade365,bc988342-1383-4a29-b7af-23d779e4f7ec,0e83c0d7-fb5a-4591-b688-27b2274ce752,f89d39f0-2919-467d-9eae-73947cd92572,2025-01-23,2355.58,1104116.15,expense,KFC,Fast food
2df169dd-3312-4831-95d0-5655539783bc,bc988342-1383-4a29-b7af-23d779e4f7ec,0e83c0d7-fb5a-4591-b688-27b2274ce752,08661166-7a9f-4744-8d50-d84bca0b6ebc,2025-01-24,6287.25,1097828.9,expense,Sportz Village,Sports facility
d81c7d61-9132-4715-8e19-48dea249d360,bc988342-1383-4a29-b7af-23d779e4f7ec,0e83c0d7-fb5a-4591-b688-27b2274ce752,ba7b532e-605d-4ad5-b9b6-3155499c93eb,2025-01-24,59014.61,1038814.29,expense,SBI Life,Insurance payment
7fa46f83-68d8-4d70-9b72-5077f072f1c0,bc988342-1383-4a29-b7af-23d779e4f7ec,0e83c0d7-fb5a-4591-b688-27b2274ce752,aea49b50-348f-446b-9a35-c970ed3e3a8a,2025-01-26,21345.94,1017468.35,expense,NoBroker,Rent via NoBroker
35406787-b421-45ed-ac80-d391720cec90,bc988342-1383-4a29-b7af-23d779e4f7ec,0e83c0d7-fb5a-4591-b688-27b2274ce752,baf0d272-8682-41c0-acfb-c78f1f2cd9a1,2025-02-01,34749.18,982719.17,expense,Vijay Sales,Appliance
ba4857b5-f1c4-4783-8010-e25ad7cb3fa1,bc988342-1383-4a29-b7af-23d779e4f7ec,0e83c0d7-fb5a-4591-b688-27b2274ce752,0d3983fc-2dc6-40e8-898b-3e446f9ffcb2,2025-02-01,226468.87,1209188.04,income,Company,Salary transfer
019feb02-9e44-4c75-808e-cc2f6bb34086,bc988342-1383-4a29-b7af-23d779e4f7ec,0e83c0d7-fb5a-4591-b688-27b2274ce752,9824533c-e6eb-43ff-b2d1-9724f9f59c75,2025-02-02,17025.15,1192162.89,expense,Laundry,Laundry service
394c0fa2-ec08-445a-8c78-874e0577f4a0,bc988342-1383-4a29-b7af-23d779e4f7ec,0e83c0d7-fb5a-4591-b688-27b2274ce752,3e870dc4-9bcb-4d85-a0ed-817b2217e50b,2025-02-02,19700.0,1172462.89,expense,Bajaj Finance,Consumer loan
165a07af-fa04-436a-a7e3-72e22044c8ba,bc988342-1383-4a29-b7af-23d779e4f7ec,0e83c0d7-fb5a-4591-b688-27b2274ce752,773ee99e-f4ff-4162-87c7-19387a9ebb97,2025-02-03,380.98,1172081.91,expense,Barbeque Nation,Dinner with family
0edca602-bae1-43bc-ac01-506819bc0104,bc988342-1383-4a29-b7af-23d779e4f7ec,0e83c0d7-fb5a-4591-b688-27b2274ce752,aa200b24-ef0e-410d-9a5e-5cd5e6eb5584,2025-02-08,55463.32,1116618.59,expense,UrbanClap,Home service
13847aed-fae6-4a29-be27-c410bf6749b0,bc988342-1383-4a29-b7af-23d779e4f7ec,0e83c0d7-fb5a-4591-b688-27b2274ce752,61afab8e-aacd-41f8-8e63-aed9c88790f3,2025-02-08,2756.98,1113861.61,expense,HDFC Bank,Car loan EMI
4334ffd2-9356-4a81-86aa-2f8bb7228e67,bc988342-1383-4a29-b7af-23d779e4f7ec,0e83c0d7-fb5a-4591-b688-27b2274ce752,d926a624-ee93-4c92-bd0e-202091a8548e,2025-02-09,99656.24,1014205.37,expense,Bank,Bank charges
ca424b6d-9b68-4ced-92de-5da25be0f080,bc988342-1383-4a29-b7af-23d779e4f7ec,0e83c0d7-fb5a-4591-b688-27b2274ce752,4e6141b4-8b08-4a48-92e3-00a3aed708d1,2025-02-09,2568.26,1011637.11,expense,BESCOM,Electricity bill
d0ecb919-31cc-4e3f-9fa8-15c38413dd03,bc988342-1383-4a29-b7af-23d779e4f7ec,0e83c0d7-fb5a-4591-b688-27b2274ce752,76b12465-5eec-4e07-98cb-43137e404dcd,2025-02-14,14720.51,996916.6,expense,Udemy,Online course
da354d15-61ff-41cf-a51d-9a6add4c16ae,bc988342-1383-4a29-b7af-23d779e4f7ec,0e83c0d7-fb5a-4591-b688-27b2274ce752,352e3807-c4b8-4f2f-b4a0-11f0a676a889,2025-02-14,153.42,996763.18,expense,Zepto,Quick grocery delivery
f20db4ca-273e-4604-a6be-1cee5870ef5c,bc988342-1383-4a29-b7af-23d779e4f7ec,0e83c0d7-fb5a-4591-b688-27b2274ce752,c1794d38-04bb-436c-a349-b7efa2949d59,2025-02-15,2315.13,994448.05,expense,Hotstar,OTT subscription
2d515a36-0ce4-45e5-b1c3-b20c13e794d6,bc988342-1383-4a29-b7af-23d779e4f7ec,0e83c0d7-fb5a-4591-b688-27b2274ce752,f89d39f0-2919-467d-9eae-73947cd92572,2025-02-17,4874.44,989573.61,expense,Burger King,Burger meal
3bc53205-9433-4d04-b47b-6a0bbb75f99d,bc988342-1383-4a29-b7af-23d779e4f7ec,0e83c0d7-fb5a-4591-b688-27b2274ce752,96425e71-00ab-44ec-b7a5-b7bc7c419b3c,2025-02-17,37811.31,951762.3,expense,SBI,Housing loan instalment
950e6618-fdc0-4c3a-946e-9a16646f1812,bc988342-1383-4a29-b7af-23d779e4f7ec,0e83c0d7-fb5a-4591-b688-27b2274ce752,ba7b532e-605d-4ad5-b9b6-3155499c93eb,2025-02-18,4043.78,947718.52,expense,ICICI Prudential,Policy premium
ce6e095c-a202-474d-980e-b9b22082e2ea,bc988342-1383-4a29-b7af-23d779e4f7ec,0e83c0d7-fb5a-4591-b688-27b2274ce752,e449546b-a5d2-425f-9873-40aac234c33e,2025-02-18,19145.52,928573.0,expense,Local Entertainment,Entertainment expense
f04301b3-bc9f-4098-b377-91eb456f6f86,bc988342-1383-4a29-b7af-23d779e4f7ec,0e83c0d7-fb5a-4591-b688-27b2274ce752,60d066bc-e9ed-4249-b6d9-4da0fa4b9b29,2025-02-18,16811.01,911761.99,expense,Insider.in,Cultural event
7fff47a3-2e3a-4b89-b3c5-5574b0aaa90c,bc988342-1383-4a29-b7af-23d779e4f7ec,0e83c0d7-fb5a-4591-b688-27b2274ce752,773ee99e-f4ff-4162-87c7-19387a9ebb97,2025-02-20,3793.44,907968.55,expense,Local Restaurant,Quick lunch
bd0fcdb0-bd9a-491f-859d-1f55232b240d,bc988342-1383-4a29-b7af-23d779e4f7ec,0e83c0d7-fb5a-4591-b688-27b2274ce752,62bb0c22-62a3-42ba-a471-bae2976e7fe1,2025-02-22,104083.07,803885.48,expense,Income Tax Portal,Advance tax payment
d3fa8b56-3642-43c1-9357-f8a90ca35e31,bc988342-1383-4a29-b7af-23d779e4f7ec,0e83c0d7-fb5a-4591-b688-27b2274ce752,baf0d272-8682-41c0-acfb-c78f1f2cd9a1,2025-02-23,37331.99,766553.49,expense,Samsung Store,Mobile accessory
dfbe2d6c-c265-49ba-ae7c-7fcaf54fdbf3,bc988342-1383-4a29-b7af-23d779e4f7ec,0e83c0d7-fb5a-4591-b688-27b2274ce752,68662b1b-9e19-427c-8a6f-0dea71240479,2025-02-26,1974.51,764578.98,expense,Microsoft,Software subscription
415af88a-8fff-49fc-9a79-bfa94ba59e94,bc988342-1383-4a29-b7af-23d779e4f7ec,0e83c0d7-fb5a-4591-b688-27b2274ce752,4e6141b4-8b08-4a48-92e3-00a3aed708d1,2025-03-02,22608.18,741970.8,expense,Adani Electricity,Electricity payment
41ef3e21-45ec-4afb-8753-a7d552d8a7c4,bc988342-1383-4a29-b7af-23d779e4f7ec,0e83c0d7-fb5a-4591-b688-27b2274ce752,aea49b50-348f-446b-9a35-c970ed3e3a8a,2025-03-02,44000.0,697970.8,expense,Housing Society,Monthly rent payment
77ba4319-effa-483e-9309-f35c6dba2fb9,bc988342-1383-4a29-b7af-23d779e4f7ec,0e83c0d7-fb5a-4591-b688-27b2274ce752,aa200b24-ef0e-410d-9a5e-5cd5e6eb5584,2025-03-03,61577.99,636392.81,expense,Carpenter,Carpentry work
3927ac26-895e-4712-86cc-c0775b6b52f0,bc988342-1383-4a29-b7af-23d779e4f7ec,0e83c0d7-fb5a-4591-b688-27b2274ce752,245a1bba-ff69-4f13-bb3d-7fff3c2b30be,2025-03-04,2633.47,633759.34,expense,BBMP Parking,Public parking fee
ec0d9069-6777-4b1f-af80-27e2377802eb,bc988342-1383-4a29-b7af-23d779e4f7ec,0e83c0d7-fb5a-4591-b688-27b2274ce752,1936a4f4-2484-487e-9de0-bd4773f631e7,2025-03-04,951.02,632808.32,expense,Airtel,Postpaid bill
5f18c59d-caf2-49a2-bb03-8e9a31ba2bb9,bc988342-1383-4a29-b7af-23d779e4f7ec,0e83c0d7-fb5a-4591-b688-27b2274ce752,68662b1b-9e19-427c-8a6f-0dea71240479,2025-03-06,2761.47,630046.85,expense,Steam,Game purchase
6105b25e-0a5e-46e5-a64f-b5ac98e051e7,bc988342-1383-4a29-b7af-23d779e4f7ec,0e83c0d7-fb5a-4591-b688-27b2274ce752,a0f82fa6-1252-4e6c-8a29-a1761d72d10c,2025-03-07,11669.8,618377.05,expense,IRCTC,Train ticket
a8570ab1-a425-4a4b-ace9-8a6d8c2bebf7,bc988342-1383-4a29-b7af-23d779e4f7ec,0e83c0d7-fb5a-4591-b688-27b2274ce752,61afab8e-aacd-41f8-8e63-aed9c88790f3,2025-03-07,3871.7,614505.35,expense,Kotak Bank,Auto loan EMI
8999a5b6-6e66-41f7-9f64-50467b703d9f,bc988342-1383-4a29-b7af-23d779e4f7ec,0e83c0d7-fb5a-4591-b688-27b2274ce752,ba7b532e-605d-4ad5-b9b6-3155499c93eb,2025-03-08,113901.69,500603.66,expense,HDFC Life,Term plan premium
0e913796-0713-4306-980c-03ab6a096684,bc988342-1383-4a29-b7af-23d779e4f7ec,0e83c0d7-fb5a-4591-b688-27b2274ce752,4e6141b4-8b08-4a48-92e3-00a3aed708d1,2025-03-11,1026.38,499577.28,expense,Adani Electricity,Electricity payment
1523e381-02ac-408d-bdd4-c24d3391a9cb,bc988342-1383-4a29-b7af-23d779e4f7ec,0e83c0d7-fb5a-4591-b688-27b2274ce752,a4b93f63-6549-4c49-a3c8-3dff01794737,2025-03-26,15030.8,484546.48,expense,FirstCry,Kids products
e9880b5d-859b-47b1-86b4-56ef372d5cba,bc988342-1383-4a29-b7af-23d779e4f7ec,0e83c0d7-fb5a-4591-b688-27b2274ce752,ba7b532e-605d-4ad5-b9b6-3155499c93eb,2025-03-28,67695.83,416850.65,expense,Max Life,Premium payment
c7e7e331-118f-48a2-b9f5-03843e8b4883,bc988342-1383-4a29-b7af-23d779e4f7ec,0e83c0d7-fb5a-4591-b688-27b2274ce752,4e6141b4-8b08-4a48-92e3-00a3aed708d1,2025-03-29,40238.14,376612.51,expense,Tata Power,Power bill
91e8bbb1-2a89-492e-b6b4-5fbd2dda5ed4,bc988342-1383-4a29-b7af-23d779e4f7ec,0e83c0d7-fb5a-4591-b688-27b2274ce752,3a69e27b-2712-47a5-a445-c5d7a978f8c9,2025-03-30,2245.06,374367.45,expense,Classmate,Stationery purchase
4774106b-15d5-46ff-bf84-3b0c18f0b9f3,bc988342-1383-4a29-b7af-23d779e4f7ec,0e83c0d7-fb5a-4591-b688-27b2274ce752,197c9f3f-79b3-4a17-b0c4-57701d9daa96,2025-04-01,42569.09,331798.36,expense,Anytime Fitness,Gym membership
e681bb3a-3f8b-46a5-87b4-f27cf86a1e24,bc988342-1383-4a29-b7af-23d779e4f7ec,0e83c0d7-fb5a-4591-b688-27b2274ce752,0d3983fc-2dc6-40e8-898b-3e446f9ffcb2,2025-04-02,232105.32,563903.68,income,Company,Salary transfer
a93820e1-cbae-467d-98b7-35ff6125822b,bc988342-1383-4a29-b7af-23d779e4f7ec,0e83c0d7-fb5a-4591-b688-27b2274ce752,aea49b50-348f-446b-9a35-c970ed3e3a8a,2025-04-03,44000.0,519903.68,expense,Landlord,Monthly rent payment
f77844c9-3e4a-41af-8108-732b4bad0668,bc988342-1383-4a29-b7af-23d779e4f7ec,0e83c0d7-fb5a-4591-b688-27b2274ce752,02b93640-5ea9-4023-9ca5-12aaa253ea5b,2025-04-04,3272.81,516630.87,expense,BSNL Broadband,Internet bill
081646ca-ed34-4b66-8b9f-a80f5ebc9fcc,bc988342-1383-4a29-b7af-23d779e4f7ec,0e83c0d7-fb5a-4591-b688-27b2274ce752,62bb0c22-62a3-42ba-a471-bae2976e7fe1,2025-04-05,54495.24,462135.63,expense,GST Portal,GST payment
d240b6e7-3e10-4b7d-97ea-9d60a551fe16,bc988342-1383-4a29-b7af-23d779e4f7ec,0e83c0d7-fb5a-4591-b688-27b2274ce752,3e870dc4-9bcb-4d85-a0ed-817b2217e50b,2025-04-05,19700.0,442435.63,expense,ICICI Bank,Loan EMI
4132cf7b-4bde-4cae-ae8b-356d2158645d,bc988342-1383-4a29-b7af-23d779e4f7ec,0e83c0d7-fb5a-4591-b688-27b2274ce752,85035d91-6985-446f-90d5-16e1b52a5e52,2025-04-07,35496.68,406938.95,expense,Airtel DTH,DTH payment
510fb440-09dc-432b-91f5-d08da8c4b86f,bc988342-1383-4a29-b7af-23d779e4f7ec,0e83c0d7-fb5a-4591-b688-27b2274ce752,94943a15-5000-4909-864f-c229ccc559c2,2025-04-08,15145.39,391793.56,expense,Urban Ladder,Home decor
5da70a7d-be37-4b01-b5f6-0d9b2fc4225b,bc988342-1383-4a29-b7af-23d779e4f7ec,0e83c0d7-fb5a-4591-b688-27b2274ce752,248ccf02-2fad-4a57-8831-52e79f698e4c,2025-04-09,38201.28,353592.28,expense,KSRTC,Bus ticket
518e858a-f0cf-468e-90e9-9d5819d13a99,bc988342-1383-4a29-b7af-23d779e4f7ec,0e83c0d7-fb5a-4591-b688-27b2274ce752,62bb0c22-62a3-42ba-a471-bae2976e7fe1,2025-04-11,118401.66,235190.62,expense,MCA,Filing fee
9cd79af0-f7ba-49de-b3d1-0b92951c2bf2,bc988342-1383-4a29-b7af-23d779e4f7ec,0e83c0d7-fb5a-4591-b688-27b2274ce752,a9ffe6eb-4506-488f-8aae-77f81d637f71,2025-04-11,8170.64,227019.98,expense,Westside,Seasonal shopping
f5513dba-5b6b-4660-8ed5-af70c6298c2f,bc988342-1383-4a29-b7af-23d779e4f7ec,0e83c0d7-fb5a-4591-b688-27b2274ce752,9824533c-e6eb-43ff-b2d1-9724f9f59c75,2025-04-11,10912.01,216107.97,expense,Laundry,Laundry service
7ffb267c-da7f-4b2c-acee-c63119628c34,bc988342-1383-4a29-b7af-23d779e4f7ec,0e83c0d7-fb5a-4591-b688-27b2274ce752,62bb0c22-62a3-42ba-a471-bae2976e7fe1,2025-04-12,78629.26,137478.71,expense,Income Tax Portal,Advance tax payment
dec262b3-2431-4b7a-af15-309f39e98556,bc988342-1383-4a29-b7af-23d779e4f7ec,0e83c0d7-fb5a-4591-b688-27b2274ce752,85035d91-6985-446f-90d5-16e1b52a5e52,2025-04-17,7599.61,129879.1,expense,Airtel DTH,DTH payment
fdf693b6-0b72-4c74-b918-2b1fee90d39f,bc988342-1383-4a29-b7af-23d779e4f7ec,0e83c0d7-fb5a-4591-b688-27b2274ce752,ba7b532e-605d-4ad5-b9b6-3155499c93eb,2025-04-17,1675.11,128203.99,expense,Max Life,Premium payment
54639656-ab36-4f60-842c-4f0aedee6721,bc988342-1383-4a29-b7af-23d779e4f7ec,0e83c0d7-fb5a-4591-b688-27b2274ce752,352e3807-c4b8-4f2f-b4a0-11f0a676a889,2025-04-19,1362.55,126841.44,expense,DMart,Supermarket shopping
995beb6b-1996-431c-b76b-4290c8c4663a,bc988342-1383-4a29-b7af-23d779e4f7ec,0e83c0d7-fb5a-4591-b688-27b2274ce752,24e016a3-fafe-4519-8295-2f5f87ed7005,2025-04-20,757.7,126083.74,expense,Blue Tokai,Specialty coffee
6f8495d0-4a28-49ea-b93e-fc2ed25e749f,bc988342-1383-4a29-b7af-23d779e4f7ec,0e83c0d7-fb5a-4591-b688-27b2274ce752,820faeca-f72b-4444-b3ed-cc4b2457b6fa,2025-04-23,12054.04,114029.7,expense,Flipkart,Online purchase
8e5532bc-83ba-422b-a8c4-fa4af034d3dd,bc988342-1383-4a29-b7af-23d779e4f7ec,0e83c0d7-fb5a-4591-b688-27b2274ce752,96425e71-00ab-44ec-b7a5-b7bc7c419b3c,2025-04-23,64514.55,49515.15,expense,SBI,Housing loan instalment
98f737a4-76ed-4611-87d0-dc2d15970eaa,bc988342-1383-4a29-b7af-23d779e4f7ec,0e83c0d7-fb5a-4591-b688-27b2274ce752,352e3807-c4b8-4f2f-b4a0-11f0a676a889,2025-04-23,4251.28,45263.87,expense,JioMart,Online grocery order
e1298d9c-e9af-41d6-87eb-f7e7bb257a2c,bc988342-1383-4a29-b7af-23d779e4f7ec,0e83c0d7-fb5a-4591-b688-27b2274ce752,08661166-7a9f-4744-8d50-d84bca0b6ebc,2025-04-27,9356.53,35907.34,expense,Sportz Village,Sports facility
e4c200c7-ab5e-42a3-9afd-c8cfa9ca1ef8,f98fe819-1be6-4325-972b-a4401aceaed6,16536c8d-42b7-4714-9dae-ffd61f064936,c1794d38-04bb-436c-a349-b7efa2949d59,2025-01-02,299.0,2748459.93,expense,Amazon Prime,Monthly subscription
202ffd94-96ac-487d-a15d-d5812b37d932,f98fe819-1be6-4325-972b-a4401aceaed6,16536c8d-42b7-4714-9dae-ffd61f064936,43dc3332-707c-42c3-b0d9-0f067489a82d,2025-01-03,15583.36,2732876.57,expense,BPCL,Petrol refill
462da1f1-1aef-466f-a5d0-cd6b7f09f25e,f98fe819-1be6-4325-972b-a4401aceaed6,16536c8d-42b7-4714-9dae-ffd61f064936,f89d39f0-2919-467d-9eae-73947cd92572,2025-01-03,2444.11,2730432.46,expense,Burger King,Burger meal
a3110d51-b884-4227-843b-9f54459e4a6e,f98fe819-1be6-4325-972b-a4401aceaed6,16536c8d-42b7-4714-9dae-ffd61f064936,afb11444-5eb7-49e4-adb0-6e90808b3f69,2025-01-03,84762.44,2645670.02,expense,Bank,ATM charges
d98afa60-0fc2-4d21-8d50-d65ebe745a86,f98fe819-1be6-4325-972b-a4401aceaed6,16536c8d-42b7-4714-9dae-ffd61f064936,c1794d38-04bb-436c-a349-b7efa2949d59,2025-01-03,299.0,2645371.02,expense,Hotstar,Monthly subscription
9b2ebee3-c32c-4d8f-836d-d25e33d9dced,f98fe819-1be6-4325-972b-a4401aceaed6,16536c8d-42b7-4714-9dae-ffd61f064936,7d54e629-cfd3-42d6-93ed-efbfbbbfa7d6,2025-01-05,15516.74,2629854.28,expense,Legal Services,Legal consultation
e0be702d-f487-449a-a860-e396a727a3c7,f98fe819-1be6-4325-972b-a4401aceaed6,16536c8d-42b7-4714-9dae-ffd61f064936,02b93640-5ea9-4023-9ca5-12aaa253ea5b,2025-01-05,3015.82,2626838.46,expense,Airtel,Internet bill
f2b7419c-0893-4829-9290-7b6d3fd43434,f98fe819-1be6-4325-972b-a4401aceaed6,16536c8d-42b7-4714-9dae-ffd61f064936,a148be30-71e8-4132-be5e-4a91a2095699,2025-01-05,18079.69,2608758.77,expense,Flipkart,Gift order
7a2b4dd1-69c8-4dfb-aaaf-b59c71878bad,f98fe819-1be6-4325-972b-a4401aceaed6,16536c8d-42b7-4714-9dae-ffd61f064936,3e870dc4-9bcb-4d85-a0ed-817b2217e50b,2025-01-07,119858.9,2488899.87,expense,ICICI Bank,Loan EMI
2292bfde-1e54-4fa6-b4ba-b4a270364060,f98fe819-1be6-4325-972b-a4401aceaed6,16536c8d-42b7-4714-9dae-ffd61f064936,773ee99e-f4ff-4162-87c7-19387a9ebb97,2025-01-08,3163.12,2485736.75,expense,Haldiram's,Lunch
431e25a6-5982-41d9-b90a-b238054e6b78,f98fe819-1be6-4325-972b-a4401aceaed6,16536c8d-42b7-4714-9dae-ffd61f064936,820faeca-f72b-4444-b3ed-cc4b2457b6fa,2025-01-09,20498.03,2465238.72,expense,Amazon,Online shopping
5caebbe8-8e46-44ab-a8b6-5c878ef03f04,f98fe819-1be6-4325-972b-a4401aceaed6,16536c8d-42b7-4714-9dae-ffd61f064936,4e6141b4-8b08-4a48-92e3-00a3aed708d1,2025-01-13,1632.05,2463606.67,expense,BSES,Power bill
5d5c2694-8595-48f8-b5d5-067b1a59f331,f98fe819-1be6-4325-972b-a4401aceaed6,16536c8d-42b7-4714-9dae-ffd61f064936,4e6141b4-8b08-4a48-92e3-00a3aed708d1,2025-01-14,59469.79,2404136.88,expense,BESCOM,Electricity bill
16f6f717-efb6-4ce7-8ff7-ef760d138fa1,f98fe819-1be6-4325-972b-a4401aceaed6,16536c8d-42b7-4714-9dae-ffd61f064936,96425e71-00ab-44ec-b7a5-b7bc7c419b3c,2025-01-16,7467.85,2396669.03,expense,LIC HFL,Mortgage payment
e1b62bab-3bdb-499c-b219-f565075024fb,f98fe819-1be6-4325-972b-a4401aceaed6,16536c8d-42b7-4714-9dae-ffd61f064936,60d066bc-e9ed-4249-b6d9-4da0fa4b9b29,2025-01-16,27824.66,2368844.37,expense,BookMyShow,Event tickets
a7e14b63-f203-4578-9e31-1d029ebbce88,f98fe819-1be6-4325-972b-a4401aceaed6,16536c8d-42b7-4714-9dae-ffd61f064936,248ccf02-2fad-4a57-8831-52e79f698e4c,2025-01-23,17981.07,2350863.3,expense,Mumbai Metro,Metro fare
fda5fc33-3ce6-4b30-ab26-7b6e8ddcf1d0,f98fe819-1be6-4325-972b-a4401aceaed6,16536c8d-42b7-4714-9dae-ffd61f064936,ba7b532e-605d-4ad5-b9b6-3155499c93eb,2025-01-23,36286.41,2314576.89,expense,LIC,Life insurance premium
9f376f64-cf7f-405a-be7f-63819e9d83d6,f98fe819-1be6-4325-972b-a4401aceaed6,16536c8d-42b7-4714-9dae-ffd61f064936,4e6141b4-8b08-4a48-92e3-00a3aed708d1,2025-01-24,47079.37,2267497.52,expense,Adani Electricity,Electricity payment
e1a7b588-237b-4c35-bd58-cc6edc30616d,f98fe819-1be6-4325-972b-a4401aceaed6,16536c8d-42b7-4714-9dae-ffd61f064936,1936a4f4-2484-487e-9de0-bd4773f631e7,2025-01-24,3986.31,2263511.21,expense,BSNL,Mobile bill
f82376a6-b575-4220-a657-39f0f62e02c7,f98fe819-1be6-4325-972b-a4401aceaed6,16536c8d-42b7-4714-9dae-ffd61f064936,aa200b24-ef0e-410d-9a5e-5cd5e6eb5584,2025-01-27,22999.35,2240511.86,expense,UrbanClap,Home service
1c1b23c7-2a8f-460c-ac5c-e83d76d1986c,f98fe819-1be6-4325-972b-a4401aceaed6,16536c8d-42b7-4714-9dae-ffd61f064936,8cdb5319-10b2-4cf2-89c8-22fadc1b7858,2025-01-28,67208.52,2173303.34,expense,BBMP,Penalty
492a875c-5f5e-4756-bfc0-dec81bab2ea6,f98fe819-1be6-4325-972b-a4401aceaed6,16536c8d-42b7-4714-9dae-ffd61f064936,9824533c-e6eb-43ff-b2d1-9724f9f59c75,2025-01-30,54839.75,2118463.59,expense,Laundry,Laundry service
f25eaa48-97d4-4a88-af85-d6021b9be0c3,f98fe819-1be6-4325-972b-a4401aceaed6,16536c8d-42b7-4714-9dae-ffd61f064936,248ccf02-2fad-4a57-8831-52e79f698e4c,2025-01-30,26464.91,2091998.68,expense,KSRTC,Bus ticket
cc6ca638-2716-47ac-8953-5efbae381f54,f98fe819-1be6-4325-972b-a4401aceaed6,16536c8d-42b7-4714-9dae-ffd61f064936,c70299e8-74c3-48e3-832d-a15ca45f9d40,2025-01-31,10484.21,2081514.47,expense,Air India,Flight booking
fe0cdce9-9e0f-4264-a930-919277333487,f98fe819-1be6-4325-972b-a4401aceaed6,16536c8d-42b7-4714-9dae-ffd61f064936,afb11444-5eb7-49e4-adb0-6e90808b3f69,2025-01-31,99229.04,1982285.43,expense,SBI,Service charge
8c487d57-7dd9-4651-b9b4-9e0b80486a8d,f98fe819-1be6-4325-972b-a4401aceaed6,16536c8d-42b7-4714-9dae-ffd61f064936,c1794d38-04bb-436c-a349-b7efa2949d59,2025-02-03,299.0,1981986.43,expense,Sony LIV,Monthly subscription
efac8ce6-67e2-4cbb-89a4-f0e5a8a17aa6,f98fe819-1be6-4325-972b-a4401aceaed6,16536c8d-42b7-4714-9dae-ffd61f064936,d926a624-ee93-4c92-bd0e-202091a8548e,2025-02-03,46556.13,1935430.3,expense,SBI Card,Card payment
de7fd9d6-8033-4514-8239-a42865dd984d,f98fe819-1be6-4325-972b-a4401aceaed6,16536c8d-42b7-4714-9dae-ffd61f064936,aa200b24-ef0e-410d-9a5e-5cd5e6eb5584,2025-02-05,50847.53,1884582.77,expense,Local Plumber,Plumbing repair
26fd51c5-07cd-4eb6-a223-0f6c89828966,f98fe819-1be6-4325-972b-a4401aceaed6,16536c8d-42b7-4714-9dae-ffd61f064936,4e6141b4-8b08-4a48-92e3-00a3aed708d1,2025-02-06,54012.62,1830570.15,expense,BSES,Power bill
f4269577-5164-420b-b283-45eb2b62c286,f98fe819-1be6-4325-972b-a4401aceaed6,16536c8d-42b7-4714-9dae-ffd61f064936,62bb0c22-62a3-42ba-a471-bae2976e7fe1,2025-02-06,39982.36,1790587.79,expense,GST Portal,GST payment
ef6e36b7-132d-4296-ab1c-02e207490a07,f98fe819-1be6-4325-972b-a4401aceaed6,16536c8d-42b7-4714-9dae-ffd61f064936,c70299e8-74c3-48e3-832d-a15ca45f9d40,2025-02-07,28049.8,1762537.99,expense,Air India,Flight booking
96decb5b-8133-4647-9af3-332c75e63d46,f98fe819-1be6-4325-972b-a4401aceaed6,16536c8d-42b7-4714-9dae-ffd61f064936,ba7b532e-605d-4ad5-b9b6-3155499c93eb,2025-02-08,60446.26,1702091.73,expense,HDFC Life,Term plan premium
356aaefe-3b2e-4e4d-b7f0-09a892729b04,f98fe819-1be6-4325-972b-a4401aceaed6,16536c8d-42b7-4714-9dae-ffd61f064936,3e870dc4-9bcb-4d85-a0ed-817b2217e50b,2025-02-10,86784.49,1615307.24,expense,SBI,Personal loan EMI
abb10705-14d8-40f0-9dcb-8cce367afedd,f98fe819-1be6-4325-972b-a4401aceaed6,16536c8d-42b7-4714-9dae-ffd61f064936,3d010285-23fe-4f66-9e98-091ac1adb6a3,2025-02-11,11623.28,1603683.96,expense,Goibibo,Travel booking
f848c9ac-d032-42c9-beb6-db8918a76234,f98fe819-1be6-4325-972b-a4401aceaed6,16536c8d-42b7-4714-9dae-ffd61f064936,1936a4f4-2484-487e-9de0-bd4773f631e7,2025-02-12,2460.76,1601223.2,expense,Airtel,Postpaid bill
5c5c96cb-5696-49d1-ab7c-4149294257d0,f98fe819-1be6-4325-972b-a4401aceaed6,16536c8d-42b7-4714-9dae-ffd61f064936,2240f66e-6ba1-4bb3-9578-9f6dd6e71363,2025-02-14,40039.88,1561183.32,expense,ACT Fibernet,Internet payment
7f1f6bb7-e4b4-4cbd-ba50-71c7e920d71c,f98fe819-1be6-4325-972b-a4401aceaed6,16536c8d-42b7-4714-9dae-ffd61f064936,352e3807-c4b8-4f2f-b4a0-11f0a676a889,2025-02-14,1761.51,1559421.81,expense,Blinkit,Instant delivery
cb70ba9f-aa19-4db2-a5b9-8089e442017b,f98fe819-1be6-4325-972b-a4401aceaed6,16536c8d-42b7-4714-9dae-ffd61f064936,a9ffe6eb-4506-488f-8aae-77f81d637f71,2025-02-16,5321.65,1554100.16,expense,Westside,Seasonal shopping
cfeeb67c-6894-4705-a0d3-7619a406662e,f98fe819-1be6-4325-972b-a4401aceaed6,16536c8d-42b7-4714-9dae-ffd61f064936,ba7b532e-605d-4ad5-b9b6-3155499c93eb,2025-02-16,61246.27,1492853.89,expense,Max Life,Premium payment
52b7be4b-48ae-429a-9115-2a8af23320ca,f98fe819-1be6-4325-972b-a4401aceaed6,16536c8d-42b7-4714-9dae-ffd61f064936,24e016a3-fafe-4519-8295-2f5f87ed7005,2025-02-19,432.17,1492421.72,expense,Toit Brewpub,Craft beer
43d9a480-9729-4b5e-ab10-4c4ee66ca355,f98fe819-1be6-4325-972b-a4401aceaed6,16536c8d-42b7-4714-9dae-ffd61f064936,d926a624-ee93-4c92-bd0e-202091a8548e,2025-02-20,81391.05,1411030.67,expense,Bank,Bank charges
7cc31264-21da-472e-9fc3-526ead74e5dc,f98fe819-1be6-4325-972b-a4401aceaed6,16536c8d-42b7-4714-9dae-ffd61f064936,94943a15-5000-4909-864f-c229ccc559c2,2025-02-22,20406.04,1390624.63,expense,Home Centre,Kitchen items
f402a051-42cd-4022-8b51-79588b565908,f98fe819-1be6-4325-972b-a4401aceaed6,16536c8d-42b7-4714-9dae-ffd61f064936,948ffb81-b520-4b5d-99fe-0e30b14ff505,2025-02-24,3055.5,1387569.13,expense,Amazon Books,Book purchase
8aa02e14-418f-4b98-a33c-dfc32c61d6e1,f98fe819-1be6-4325-972b-a4401aceaed6,16536c8d-42b7-4714-9dae-ffd61f064936,2240f66e-6ba1-4bb3-9578-9f6dd6e71363,2025-02-26,69780.38,1317788.75,expense,Gas Agency,LPG cylinder
75d13f42-1cf7-4e13-9cba-de242525ac41,f98fe819-1be6-4325-972b-a4401aceaed6,16536c8d-42b7-4714-9dae-ffd61f064936,62bb0c22-62a3-42ba-a471-bae2976e7fe1,2025-02-28,117259.09,1200529.66,expense,MCA,Filing fee
890c8889-c72d-48f1-b5ef-0fb310cd48d6,f98fe819-1be6-4325-972b-a4401aceaed6,16536c8d-42b7-4714-9dae-ffd61f064936,d926a624-ee93-4c92-bd0e-202091a8548e,2025-03-02,20457.32,1180072.34,expense,Bank,Bank charges
9f85b20f-da51-4efa-8773-505ada7b775d,f98fe819-1be6-4325-972b-a4401aceaed6,16536c8d-42b7-4714-9dae-ffd61f064936,68662b1b-9e19-427c-8a6f-0dea71240479,2025-03-04,1323.02,1178749.32,expense,Steam,Game purchase
62919a49-4cb1-435e-8ef6-62f3732b8d82,f98fe819-1be6-4325-972b-a4401aceaed6,16536c8d-42b7-4714-9dae-ffd61f064936,afb11444-5eb7-49e4-adb0-6e90808b3f69,2025-03-07,80865.54,1097883.78,expense,Axis Bank,Processing fee
6c6fb03c-0bc9-4d2d-a159-30ccc673dc0b,f98fe819-1be6-4325-972b-a4401aceaed6,16536c8d-42b7-4714-9dae-ffd61f064936,02b93640-5ea9-4023-9ca5-12aaa253ea5b,2025-03-07,562.29,1097321.49,expense,Jio Fiber,Broadband bill
debf1b8b-d5c2-49f8-91aa-f60691635cf5,f98fe819-1be6-4325-972b-a4401aceaed6,16536c8d-42b7-4714-9dae-ffd61f064936,d926a624-ee93-4c92-bd0e-202091a8548e,2025-03-07,109220.91,988100.58,expense,Axis Card,Card outstanding
2e3b7d04-e3e7-47c9-b852-4952516d402b,f98fe819-1be6-4325-972b-a4401aceaed6,16536c8d-42b7-4714-9dae-ffd61f064936,9cc575a8-fc65-4f4a-abf5-8594a4d342a0,2025-03-08,611.38,987489.2,expense,Amazon,Tech accessories
e5858dbf-05c4-4eb3-a49f-59e0694ff265,f98fe819-1be6-4325-972b-a4401aceaed6,16536c8d-42b7-4714-9dae-ffd61f064936,96425e71-00ab-44ec-b7a5-b7bc7c419b3c,2025-03-10,13958.57,973530.63,expense,LIC HFL,Mortgage payment
4d7f9c63-bfa7-4125-be69-59ecccba28c3,f98fe819-1be6-4325-972b-a4401aceaed6,16536c8d-42b7-4714-9dae-ffd61f064936,2240f66e-6ba1-4bb3-9578-9f6dd6e71363,2025-03-13,894.67,972635.96,expense,Gas Agency,LPG cylinder
63b0b763-24d9-484c-9f54-955052903800,f98fe819-1be6-4325-972b-a4401aceaed6,16536c8d-42b7-4714-9dae-ffd61f064936,d926a624-ee93-4c92-bd0e-202091a8548e,2025-03-13,33008.3,939627.66,expense,HDFC CC,Credit card bill
214ef99f-c8ba-4844-b0e8-a17cc9501602,f98fe819-1be6-4325-972b-a4401aceaed6,16536c8d-42b7-4714-9dae-ffd61f064936,3e870dc4-9bcb-4d85-a0ed-817b2217e50b,2025-03-14,112936.63,826691.03,expense,ICICI Bank,Loan EMI
4c643723-60e5-473c-a455-a4cc6028e221,f98fe819-1be6-4325-972b-a4401aceaed6,16536c8d-42b7-4714-9dae-ffd61f064936,3e870dc4-9bcb-4d85-a0ed-817b2217e50b,2025-03-15,2671.39,824019.64,expense,SBI,Personal loan EMI
a3f7509b-a3d4-42eb-bd2a-bddf6e715a93,f98fe819-1be6-4325-972b-a4401aceaed6,16536c8d-42b7-4714-9dae-ffd61f064936,2240f66e-6ba1-4bb3-9578-9f6dd6e71363,2025-03-20,67752.38,756267.26,expense,Airtel,Broadband bill
898ff355-2133-4ef8-936b-ddcc3414be9a,f98fe819-1be6-4325-972b-a4401aceaed6,16536c8d-42b7-4714-9dae-ffd61f064936,02b93640-5ea9-4023-9ca5-12aaa253ea5b,2025-03-22,1337.43,754929.83,expense,Jio Fiber,Broadband bill
da7eb2e5-f990-4c1d-b90d-3609a035da8e,f98fe819-1be6-4325-972b-a4401aceaed6,16536c8d-42b7-4714-9dae-ffd61f064936,7b4b3f22-72da-46c4-913d-6c0f0486886f,2025-03-22,7769.15,747160.68,expense,MedPlus,Pharmacy
bdb80989-7d15-4056-8c55-6186b9009386,f98fe819-1be6-4325-972b-a4401aceaed6,16536c8d-42b7-4714-9dae-ffd61f064936,1936a4f4-2484-487e-9de0-bd4773f631e7,2025-03-23,1940.16,745220.52,expense,Airtel,Postpaid bill
ac2ace40-5fec-4d00-9236-9dc5b2ad4db7,f98fe819-1be6-4325-972b-a4401aceaed6,16536c8d-42b7-4714-9dae-ffd61f064936,ba7b532e-605d-4ad5-b9b6-3155499c93eb,2025-03-24,110050.88,635169.64,expense,ICICI Prudential,Policy premium
ad636d12-9849-4c85-b2db-7cdcefe5a658,f98fe819-1be6-4325-972b-a4401aceaed6,16536c8d-42b7-4714-9dae-ffd61f064936,ba7b532e-605d-4ad5-b9b6-3155499c93eb,2025-03-24,11004.99,624164.65,expense,LIC,Life insurance premium
30026325-03e3-436f-9679-5fa5cac996c0,f98fe819-1be6-4325-972b-a4401aceaed6,16536c8d-42b7-4714-9dae-ffd61f064936,67f170d4-68ec-4828-8164-1ab3ae9440e0,2025-03-26,13502.98,610661.67,expense,Decathlon,Sports & leisure gear
5f6daac5-7ba4-45f2-8ff2-85e144039b15,f98fe819-1be6-4325-972b-a4401aceaed6,16536c8d-42b7-4714-9dae-ffd61f064936,f9695d76-897b-4d1d-b699-30bdb8c3bd63,2025-03-26,1488.48,609173.19,expense,Uber,Ride to office
cf5d8b47-6eca-4463-b382-57110baa58ea,f98fe819-1be6-4325-972b-a4401aceaed6,16536c8d-42b7-4714-9dae-ffd61f064936,02b93640-5ea9-4023-9ca5-12aaa253ea5b,2025-04-02,1219.12,607954.07,expense,ACT Fibernet,Internet payment
11fa77ac-c2f0-4273-8ea3-2fe0f3442942,f98fe819-1be6-4325-972b-a4401aceaed6,16536c8d-42b7-4714-9dae-ffd61f064936,c70299e8-74c3-48e3-832d-a15ca45f9d40,2025-04-03,30563.95,577390.12,expense,Akasa Air,Flight
3eb09649-39c6-40e4-9e88-ff93214f06b1,f98fe819-1be6-4325-972b-a4401aceaed6,16536c8d-42b7-4714-9dae-ffd61f064936,8cdb5319-10b2-4cf2-89c8-22fadc1b7858,2025-04-03,34949.16,542440.96,expense,BBMP,Penalty
d0032669-0c32-4851-9849-8b3e8bb2a8c8,f98fe819-1be6-4325-972b-a4401aceaed6,16536c8d-42b7-4714-9dae-ffd61f064936,2240f66e-6ba1-4bb3-9578-9f6dd6e71363,2025-04-03,9386.63,533054.33,expense,Gas Agency,LPG cylinder
21d12c0b-e5be-4bc7-b04c-61e5cf916f6c,f98fe819-1be6-4325-972b-a4401aceaed6,16536c8d-42b7-4714-9dae-ffd61f064936,85035d91-6985-446f-90d5-16e1b52a5e52,2025-04-05,47244.48,485809.85,expense,Tata Sky,DTH recharge
8b0f191b-1209-4af9-8b2b-e2fe9ece9d23,f98fe819-1be6-4325-972b-a4401aceaed6,16536c8d-42b7-4714-9dae-ffd61f064936,68662b1b-9e19-427c-8a6f-0dea71240479,2025-04-06,745.18,485064.67,expense,Steam,Game purchase
8f4d8fd3-41c0-4464-b213-9d322f39ce6b,f98fe819-1be6-4325-972b-a4401aceaed6,16536c8d-42b7-4714-9dae-ffd61f064936,62bb0c22-62a3-42ba-a471-bae2976e7fe1,2025-04-07,29908.32,455156.35,expense,GST Portal,GST payment
01333426-cc0e-4250-b4bb-ac9965aa7132,f98fe819-1be6-4325-972b-a4401aceaed6,16536c8d-42b7-4714-9dae-ffd61f064936,43dc3332-707c-42c3-b0d9-0f067489a82d,2025-04-10,5340.29,449816.06,expense,Indian Oil,Fuel top-up
7e58c2ac-ab6f-4b9d-bee9-862a7892014f,f98fe819-1be6-4325-972b-a4401aceaed6,16536c8d-42b7-4714-9dae-ffd61f064936,3e870dc4-9bcb-4d85-a0ed-817b2217e50b,2025-04-10,102856.42,346959.64,expense,HDFC Bank,Loan instalment
d1646538-6457-4f34-896e-71e3bdbc0ec9,f98fe819-1be6-4325-972b-a4401aceaed6,16536c8d-42b7-4714-9dae-ffd61f064936,3e870dc4-9bcb-4d85-a0ed-817b2217e50b,2025-04-10,35020.75,311938.89,expense,Bajaj Finance,Consumer loan
d8a41037-8d8c-4103-82ed-a0b05dbdc17a,f98fe819-1be6-4325-972b-a4401aceaed6,16536c8d-42b7-4714-9dae-ffd61f064936,62f6b8d3-1048-4d35-8644-028a80420f06,2025-04-10,15576.94,296361.95,expense,Local Gift Shop,Gift
41fe020b-190f-4a4e-a8ab-1bc6aacaa7e1,f98fe819-1be6-4325-972b-a4401aceaed6,16536c8d-42b7-4714-9dae-ffd61f064936,ba7b532e-605d-4ad5-b9b6-3155499c93eb,2025-04-12,33243.36,263118.59,expense,LIC,Life insurance premium
5f3487ea-d892-435f-83e1-b023873e3bcc,f98fe819-1be6-4325-972b-a4401aceaed6,16536c8d-42b7-4714-9dae-ffd61f064936,8cdb5319-10b2-4cf2-89c8-22fadc1b7858,2025-04-12,55097.05,208021.54,expense,BBMP,Penalty
9a9c4bdd-9be3-49c6-b472-e3e9241f51ff,f98fe819-1be6-4325-972b-a4401aceaed6,16536c8d-42b7-4714-9dae-ffd61f064936,ba7b532e-605d-4ad5-b9b6-3155499c93eb,2025-04-12,40687.99,167333.55,expense,Max Life,Premium payment
c7e5f617-057c-491c-951a-9f5479d56444,f98fe819-1be6-4325-972b-a4401aceaed6,16536c8d-42b7-4714-9dae-ffd61f064936,2240f66e-6ba1-4bb3-9578-9f6dd6e71363,2025-04-15,63299.55,104034.0,expense,BWSSB,Water bill
8dc159b6-25bd-418b-8601-e1dd4aaf73e6,f98fe819-1be6-4325-972b-a4401aceaed6,16536c8d-42b7-4714-9dae-ffd61f064936,3e870dc4-9bcb-4d85-a0ed-817b2217e50b,2025-04-16,94713.06,9320.94,expense,ICICI Bank,Loan EMI
0473d75b-f84c-444d-8853-5a5954ebb7c2,f98fe819-1be6-4325-972b-a4401aceaed6,16536c8d-42b7-4714-9dae-ffd61f064936,68662b1b-9e19-427c-8a6f-0dea71240479,2025-04-23,3002.73,6318.21,expense,Adobe,Software subscription
6f1eccc0-9b5d-416a-a69c-fcfaaaa81791,f98fe819-1be6-4325-972b-a4401aceaed6,21b8b7d3-dfea-4cf6-83a7-fcafd08e951a,ba7b532e-605d-4ad5-b9b6-3155499c93eb,2025-01-01,2534.09,2790785.03,expense,SBI Life,Insurance payment
07530a23-a19d-460e-93e5-a2de274f134e,f98fe819-1be6-4325-972b-a4401aceaed6,21b8b7d3-dfea-4cf6-83a7-fcafd08e951a,7d54e629-cfd3-42d6-93ed-efbfbbbfa7d6,2025-01-02,114274.12,2676510.91,expense,Legal Services,Legal consultation
c0cbf0ff-02ee-456c-bd26-38d9ca7b720b,f98fe819-1be6-4325-972b-a4401aceaed6,21b8b7d3-dfea-4cf6-83a7-fcafd08e951a,aea49b50-348f-446b-9a35-c970ed3e3a8a,2025-01-03,24188.81,2652322.1,expense,NoBroker,Rent via NoBroker
d539a456-9873-49b3-bb68-a42f650a4e53,f98fe819-1be6-4325-972b-a4401aceaed6,21b8b7d3-dfea-4cf6-83a7-fcafd08e951a,352e3807-c4b8-4f2f-b4a0-11f0a676a889,2025-01-04,1533.2,2650788.9,expense,Zepto,Quick grocery delivery
452d0cff-066e-412f-997f-042ae7edb236,f98fe819-1be6-4325-972b-a4401aceaed6,21b8b7d3-dfea-4cf6-83a7-fcafd08e951a,aea49b50-348f-446b-9a35-c970ed3e3a8a,2025-01-05,25532.75,2625256.15,expense,Housing Society,Rent payment
5428a2b2-5683-4ea4-b5bd-ae2fea633141,f98fe819-1be6-4325-972b-a4401aceaed6,21b8b7d3-dfea-4cf6-83a7-fcafd08e951a,2240f66e-6ba1-4bb3-9578-9f6dd6e71363,2025-01-06,569.82,2624686.33,expense,ACT Fibernet,Internet payment
c6bd496c-cbf2-40cc-b26a-5c182535ca3d,f98fe819-1be6-4325-972b-a4401aceaed6,21b8b7d3-dfea-4cf6-83a7-fcafd08e951a,24e016a3-fafe-4519-8295-2f5f87ed7005,2025-01-06,940.6,2623745.73,expense,Cafe Coffee Day,Coffee and snacks
a2b915cb-db4b-40ca-8b32-0e4e83d0e079,f98fe819-1be6-4325-972b-a4401aceaed6,21b8b7d3-dfea-4cf6-83a7-fcafd08e951a,9cc575a8-fc65-4f4a-abf5-8594a4d342a0,2025-01-14,112.6,2623633.13,expense,Local Shop,PC accessories
63c4f024-dd80-4fdd-9129-85acb3e8b499,f98fe819-1be6-4325-972b-a4401aceaed6,21b8b7d3-dfea-4cf6-83a7-fcafd08e951a,4e6141b4-8b08-4a48-92e3-00a3aed708d1,2025-01-16,16216.31,2607416.82,expense,Adani Electricity,Electricity payment
def4be51-109d-4131-bed7-dccefb6b175e,f98fe819-1be6-4325-972b-a4401aceaed6,21b8b7d3-dfea-4cf6-83a7-fcafd08e951a,24e016a3-fafe-4519-8295-2f5f87ed7005,2025-01-16,3033.38,2604383.44,expense,Third Wave Coffee,Evening coffee
6fa04ad2-bf89-41ee-95dc-176afa75f463,f98fe819-1be6-4325-972b-a4401aceaed6,21b8b7d3-dfea-4cf6-83a7-fcafd08e951a,352e3807-c4b8-4f2f-b4a0-11f0a676a889,2025-01-17,2023.17,2602360.27,expense,Reliance Fresh,Fresh produce & vegetables
fb378c1b-4c9e-400f-8252-97094e6a49ad,f98fe819-1be6-4325-972b-a4401aceaed6,21b8b7d3-dfea-4cf6-83a7-fcafd08e951a,61afab8e-aacd-41f8-8e63-aed9c88790f3,2025-01-21,1014.34,2601345.93,expense,HDFC Bank,Car loan EMI
67416fe4-3126-41b6-8237-28a8f7ada07b,f98fe819-1be6-4325-972b-a4401aceaed6,21b8b7d3-dfea-4cf6-83a7-fcafd08e951a,2240f66e-6ba1-4bb3-9578-9f6dd6e71363,2025-01-23,55032.09,2546313.84,expense,ACT Fibernet,Internet payment
f0259b1b-6205-4000-8f23-3b4e7290a376,f98fe819-1be6-4325-972b-a4401aceaed6,21b8b7d3-dfea-4cf6-83a7-fcafd08e951a,2240f66e-6ba1-4bb3-9578-9f6dd6e71363,2025-01-23,57968.1,2488345.74,expense,ACT Fibernet,Internet payment
9b033607-f783-4c7c-b965-51137c6bf21e,f98fe819-1be6-4325-972b-a4401aceaed6,21b8b7d3-dfea-4cf6-83a7-fcafd08e951a,9824533c-e6eb-43ff-b2d1-9724f9f59c75,2025-01-25,47403.03,2440942.71,expense,Cook,Cook wages
f16385ca-caff-49de-bad3-9d947bc22b00,f98fe819-1be6-4325-972b-a4401aceaed6,21b8b7d3-dfea-4cf6-83a7-fcafd08e951a,3e870dc4-9bcb-4d85-a0ed-817b2217e50b,2025-01-25,57184.74,2383757.97,expense,HDFC Bank,Loan instalment
46af575b-c330-439a-8e31-2f80c8be8ac6,f98fe819-1be6-4325-972b-a4401aceaed6,21b8b7d3-dfea-4cf6-83a7-fcafd08e951a,aa200b24-ef0e-410d-9a5e-5cd5e6eb5584,2025-01-26,6285.83,2377472.14,expense,Local Plumber,Plumbing repair
8973e985-5d5e-494b-ad7e-ce18c772a408,f98fe819-1be6-4325-972b-a4401aceaed6,21b8b7d3-dfea-4cf6-83a7-fcafd08e951a,e449546b-a5d2-425f-9873-40aac234c33e,2025-01-26,13658.36,2363813.78,expense,Local Entertainment,Entertainment expense
a18e73ef-3661-458a-bdfd-b8ad5dd98d6c,f98fe819-1be6-4325-972b-a4401aceaed6,21b8b7d3-dfea-4cf6-83a7-fcafd08e951a,948ffb81-b520-4b5d-99fe-0e30b14ff505,2025-01-27,13214.7,2350599.08,expense,Kindle,eBook
78e1162a-521b-47c1-b3b5-dadfc32ceb90,f98fe819-1be6-4325-972b-a4401aceaed6,21b8b7d3-dfea-4cf6-83a7-fcafd08e951a,3e870dc4-9bcb-4d85-a0ed-817b2217e50b,2025-01-29,48719.33,2301879.75,expense,Bajaj Finance,Consumer loan
12e5592a-8b0a-4c16-abcb-7ddb440826d0,f98fe819-1be6-4325-972b-a4401aceaed6,21b8b7d3-dfea-4cf6-83a7-fcafd08e951a,08661166-7a9f-4744-8d50-d84bca0b6ebc,2025-01-30,1301.92,2300577.83,expense,Decathlon,Sports equipment
71c0a2c8-d1f5-4b62-a5a0-162596ba2343,f98fe819-1be6-4325-972b-a4401aceaed6,21b8b7d3-dfea-4cf6-83a7-fcafd08e951a,1936a4f4-2484-487e-9de0-bd4773f631e7,2025-02-01,315.67,2300262.16,expense,BSNL,Mobile bill
c9f4e012-39d4-499d-8b8d-4c6a2cefc6a7,f98fe819-1be6-4325-972b-a4401aceaed6,21b8b7d3-dfea-4cf6-83a7-fcafd08e951a,9824533c-e6eb-43ff-b2d1-9724f9f59c75,2025-02-01,48673.44,2251588.72,expense,Laundry,Laundry service
7522b1c3-ab1a-4a96-ab7e-3f06815069fc,f98fe819-1be6-4325-972b-a4401aceaed6,21b8b7d3-dfea-4cf6-83a7-fcafd08e951a,c1794d38-04bb-436c-a349-b7efa2949d59,2025-02-02,129.0,2251459.72,expense,YouTube Premium,Monthly subscription
2680d1d3-9bd5-420a-bbd1-000f46e3f117,f98fe819-1be6-4325-972b-a4401aceaed6,21b8b7d3-dfea-4cf6-83a7-fcafd08e951a,482d3ee1-01c6-4f27-880c-5c2e86ff4326,2025-02-03,31467.05,2219992.67,expense,Apollo Hospital,Doctor consultation
2014e9ae-58d9-4614-84fd-b52daab973b1,f98fe819-1be6-4325-972b-a4401aceaed6,21b8b7d3-dfea-4cf6-83a7-fcafd08e951a,c70299e8-74c3-48e3-832d-a15ca45f9d40,2025-02-04,12856.93,2207135.74,expense,Air India,Flight booking
2cc2de42-bc19-4b67-8646-4d31a4dba6cd,f98fe819-1be6-4325-972b-a4401aceaed6,21b8b7d3-dfea-4cf6-83a7-fcafd08e951a,afb11444-5eb7-49e4-adb0-6e90808b3f69,2025-02-04,106261.06,2100874.68,expense,Axis Bank,Processing fee
16380635-a18f-4f04-adf8-9a829ce57ae2,f98fe819-1be6-4325-972b-a4401aceaed6,21b8b7d3-dfea-4cf6-83a7-fcafd08e951a,8cdb5319-10b2-4cf2-89c8-22fadc1b7858,2025-02-06,9210.51,2091664.17,expense,Traffic Police,Traffic challan
7196bc92-0d85-4635-bc66-aec31703fdc1,f98fe819-1be6-4325-972b-a4401aceaed6,21b8b7d3-dfea-4cf6-83a7-fcafd08e951a,24e016a3-fafe-4519-8295-2f5f87ed7005,2025-02-06,4629.88,2087034.29,expense,Third Wave Coffee,Evening coffee
65a62408-a665-4369-8868-ac77a62bcbd5,f98fe819-1be6-4325-972b-a4401aceaed6,21b8b7d3-dfea-4cf6-83a7-fcafd08e951a,9824533c-e6eb-43ff-b2d1-9724f9f59c75,2025-02-07,27288.94,2059745.35,expense,Watchman,Security tip
74db7504-817a-45c3-8cba-fdcff302f356,f98fe819-1be6-4325-972b-a4401aceaed6,21b8b7d3-dfea-4cf6-83a7-fcafd08e951a,1936a4f4-2484-487e-9de0-bd4773f631e7,2025-02-07,1906.16,2057839.19,expense,BSNL,Mobile bill
974fb61a-e3c2-47ff-9fba-d73ca180108c,f98fe819-1be6-4325-972b-a4401aceaed6,21b8b7d3-dfea-4cf6-83a7-fcafd08e951a,4e6141b4-8b08-4a48-92e3-00a3aed708d1,2025-02-08,2752.29,2055086.9,expense,Adani Electricity,Electricity payment
0a4e73b5-9a3c-4508-bc54-00ebdd57becb,f98fe819-1be6-4325-972b-a4401aceaed6,21b8b7d3-dfea-4cf6-83a7-fcafd08e951a,f9695d76-897b-4d1d-b699-30bdb8c3bd63,2025-02-09,12385.74,2042701.16,expense,Ola,Cab ride
4b6bd3b7-6967-4319-925e-7936cf44397f,f98fe819-1be6-4325-972b-a4401aceaed6,21b8b7d3-dfea-4cf6-83a7-fcafd08e951a,ba7b532e-605d-4ad5-b9b6-3155499c93eb,2025-02-09,28355.84,2014345.32,expense,Max Life,Premium payment
3e4d7f3e-e955-464c-a215-31dd86ef17c5,f98fe819-1be6-4325-972b-a4401aceaed6,21b8b7d3-dfea-4cf6-83a7-fcafd08e951a,773ee99e-f4ff-4162-87c7-19387a9ebb97,2025-02-10,4620.06,2009725.26,expense,Mainland China,Anniversary dinner
dbacacde-4ccb-4d7e-aeb4-7093422cbd28,f98fe819-1be6-4325-972b-a4401aceaed6,21b8b7d3-dfea-4cf6-83a7-fcafd08e951a,c1794d38-04bb-436c-a349-b7efa2949d59,2025-02-10,299.0,2009426.26,expense,Amazon Prime,Monthly subscription
b9679b5c-b86a-4833-830b-20898db1b9af,f98fe819-1be6-4325-972b-a4401aceaed6,21b8b7d3-dfea-4cf6-83a7-fcafd08e951a,482d3ee1-01c6-4f27-880c-5c2e86ff4326,2025-02-13,14283.3,1995142.96,expense,Max Hospital,Healthcare
f4f4d47e-792a-4e73-a343-db54d64d3a99,f98fe819-1be6-4325-972b-a4401aceaed6,21b8b7d3-dfea-4cf6-83a7-fcafd08e951a,aea49b50-348f-446b-9a35-c970ed3e3a8a,2025-02-16,15046.81,1980096.15,expense,Housing Society,Rent payment
36b6bf14-4a05-4bd1-b8c7-bdb35fce6b77,f98fe819-1be6-4325-972b-a4401aceaed6,21b8b7d3-dfea-4cf6-83a7-fcafd08e951a,aea49b50-348f-446b-9a35-c970ed3e3a8a,2025-02-19,46686.33,1933409.82,expense,Housing Society,Rent payment
0ab86aee-e101-4ff1-85ad-561a23bbc501,f98fe819-1be6-4325-972b-a4401aceaed6,21b8b7d3-dfea-4cf6-83a7-fcafd08e951a,ba7b532e-605d-4ad5-b9b6-3155499c93eb,2025-02-20,100941.3,1832468.52,expense,ICICI Prudential,Policy premium
52f3463d-ba55-4ee2-8195-383be1cd890b,f98fe819-1be6-4325-972b-a4401aceaed6,21b8b7d3-dfea-4cf6-83a7-fcafd08e951a,49b46c39-e438-4284-95c0-8dd9c25bbe33,2025-02-21,1097.5,1831371.02,expense,Zomato,Meal delivery
46a086d1-b6c0-4be6-a765-1992f5bfb598,f98fe819-1be6-4325-972b-a4401aceaed6,21b8b7d3-dfea-4cf6-83a7-fcafd08e951a,4e6141b4-8b08-4a48-92e3-00a3aed708d1,2025-02-27,55784.81,1775586.21,expense,BSES,Power bill
c70872cf-2994-4f95-986b-a6d2280b89a3,f98fe819-1be6-4325-972b-a4401aceaed6,21b8b7d3-dfea-4cf6-83a7-fcafd08e951a,d926a624-ee93-4c92-bd0e-202091a8548e,2025-02-27,78594.7,1696991.51,expense,Axis Card,Card outstanding
2d3ca77d-61ee-4fa9-8de0-8255c084add8,f98fe819-1be6-4325-972b-a4401aceaed6,21b8b7d3-dfea-4cf6-83a7-fcafd08e951a,4349d060-5a14-49ee-8130-067e37e5c987,2025-03-01,1949.93,1695041.58,expense,Zoomcar,Car rental
775b6498-cff7-4c17-b092-e12225e5d36f,f98fe819-1be6-4325-972b-a4401aceaed6,21b8b7d3-dfea-4cf6-83a7-fcafd08e951a,2240f66e-6ba1-4bb3-9578-9f6dd6e71363,2025-03-01,42148.64,1652892.94,expense,BWSSB,Water bill
d2706038-382e-4d8b-9ce0-cc7c6ede6eb4,f98fe819-1be6-4325-972b-a4401aceaed6,21b8b7d3-dfea-4cf6-83a7-fcafd08e951a,8cdb5319-10b2-4cf2-89c8-22fadc1b7858,2025-03-02,100299.91,1552593.03,expense,Municipal Corp,Fine payment
d770f990-2fd3-42c7-8af4-6ff0628db0ad,f98fe819-1be6-4325-972b-a4401aceaed6,21b8b7d3-dfea-4cf6-83a7-fcafd08e951a,7d54e629-cfd3-42d6-93ed-efbfbbbfa7d6,2025-03-02,29915.55,1522677.48,expense,CA Firm,Tax advisory
7d3f36be-1e9c-4b54-ad77-13f12e278794,f98fe819-1be6-4325-972b-a4401aceaed6,21b8b7d3-dfea-4cf6-83a7-fcafd08e951a,3e870dc4-9bcb-4d85-a0ed-817b2217e50b,2025-03-03,20395.58,1502281.9,expense,Axis Bank,Loan repayment
ef33b090-e181-48ca-a431-857921c399df,f98fe819-1be6-4325-972b-a4401aceaed6,21b8b7d3-dfea-4cf6-83a7-fcafd08e951a,f9695d76-897b-4d1d-b699-30bdb8c3bd63,2025-03-04,18743.91,1483537.99,expense,Rapido,Bike taxi
80903fb7-59ae-48e9-b4b3-a2b3e76cc2bf,f98fe819-1be6-4325-972b-a4401aceaed6,21b8b7d3-dfea-4cf6-83a7-fcafd08e951a,c1794d38-04bb-436c-a349-b7efa2949d59,2025-03-07,299.0,1483238.99,expense,Sony LIV,Monthly subscription
8be7c8e6-34e2-45be-a621-911f6a2a4748,f98fe819-1be6-4325-972b-a4401aceaed6,21b8b7d3-dfea-4cf6-83a7-fcafd08e951a,197c9f3f-79b3-4a17-b0c4-57701d9daa96,2025-03-07,25023.48,1458215.51,expense,Gold's Gym,Monthly gym fee
66d90632-0f66-4050-ae7a-092adff3a045,f98fe819-1be6-4325-972b-a4401aceaed6,21b8b7d3-dfea-4cf6-83a7-fcafd08e951a,8cdb5319-10b2-4cf2-89c8-22fadc1b7858,2025-03-08,51517.27,1406698.24,expense,Traffic Police,Traffic challan
9dd7f2d4-8434-42d5-b3a7-a8ecc1731717,f98fe819-1be6-4325-972b-a4401aceaed6,21b8b7d3-dfea-4cf6-83a7-fcafd08e951a,ba7b532e-605d-4ad5-b9b6-3155499c93eb,2025-03-08,65017.95,1341680.29,expense,HDFC Life,Term plan premium
70d7c1c6-97d3-4e56-9cc2-d889c7160215,f98fe819-1be6-4325-972b-a4401aceaed6,21b8b7d3-dfea-4cf6-83a7-fcafd08e951a,7d54e629-cfd3-42d6-93ed-efbfbbbfa7d6,2025-03-09,21089.0,1320591.29,expense,Legal Services,Legal consultation
76d141e8-2465-44e8-8b77-244e8ee87bd6,f98fe819-1be6-4325-972b-a4401aceaed6,21b8b7d3-dfea-4cf6-83a7-fcafd08e951a,773ee99e-f4ff-4162-87c7-19387a9ebb97,2025-03-09,1803.93,1318787.36,expense,Haldiram's,Lunch
47bce2c2-93f9-47c3-9cbe-09eee94068e5,f98fe819-1be6-4325-972b-a4401aceaed6,21b8b7d3-dfea-4cf6-83a7-fcafd08e951a,1936a4f4-2484-487e-9de0-bd4773f631e7,2025-03-10,2812.58,1315974.78,expense,BSNL,Mobile bill
9add562e-a629-45a2-a9d3-2509f98109bd,f98fe819-1be6-4325-972b-a4401aceaed6,21b8b7d3-dfea-4cf6-83a7-fcafd08e951a,d926a624-ee93-4c92-bd0e-202091a8548e,2025-03-10,64480.93,1251493.85,expense,Bank,Bank charges
5c3b4968-9aee-442b-b1ed-7a861cd59ffa,f98fe819-1be6-4325-972b-a4401aceaed6,21b8b7d3-dfea-4cf6-83a7-fcafd08e951a,68662b1b-9e19-427c-8a6f-0dea71240479,2025-03-12,2808.04,1248685.81,expense,App Store,iOS purchase
612b4870-391f-450c-91bc-8346c830ca71,f98fe819-1be6-4325-972b-a4401aceaed6,21b8b7d3-dfea-4cf6-83a7-fcafd08e951a,62f6b8d3-1048-4d35-8644-028a80420f06,2025-03-13,25124.18,1223561.63,expense,Archies,Gift item
7329b195-977a-4df1-bbd1-c05485dc936c,f98fe819-1be6-4325-972b-a4401aceaed6,21b8b7d3-dfea-4cf6-83a7-fcafd08e951a,c7f7365c-5b40-4bbe-8a90-fd79b4fb99be,2025-03-16,47399.32,1176162.31,expense,Housing Society,Maintenance charge
594ed392-f97a-4926-81a1-5ed5a9af2e93,f98fe819-1be6-4325-972b-a4401aceaed6,21b8b7d3-dfea-4cf6-83a7-fcafd08e951a,baf0d272-8682-41c0-acfb-c78f1f2cd9a1,2025-03-17,18684.51,1157477.8,expense,Reliance Digital,Gadget purchase
01946acf-392b-4dc7-9595-e1d185cf2478,f98fe819-1be6-4325-972b-a4401aceaed6,21b8b7d3-dfea-4cf6-83a7-fcafd08e951a,3e870dc4-9bcb-4d85-a0ed-817b2217e50b,2025-03-18,5310.56,1152167.24,expense,SBI,Personal loan EMI
738b4381-fe2e-49cd-a7ed-e4f9c063a45a,f98fe819-1be6-4325-972b-a4401aceaed6,21b8b7d3-dfea-4cf6-83a7-fcafd08e951a,f89d39f0-2919-467d-9eae-73947cd92572,2025-03-18,2541.76,1149625.48,expense,Domino's,Pizza delivery
b9d6fad5-2364-4b12-b48e-17a5c66ca339,f98fe819-1be6-4325-972b-a4401aceaed6,21b8b7d3-dfea-4cf6-83a7-fcafd08e951a,62bb0c22-62a3-42ba-a471-bae2976e7fe1,2025-03-19,71543.45,1078082.03,expense,MCA,Filing fee
72d6d7ab-dce0-4b35-a710-64c97145a885,f98fe819-1be6-4325-972b-a4401aceaed6,21b8b7d3-dfea-4cf6-83a7-fcafd08e951a,61655f71-e388-4300-a414-ec44adc7ee3b,2025-03-21,14309.66,1063772.37,expense,Wedding Venue,Event expense
f451ba37-289e-4e34-8801-2f1b2583d173,f98fe819-1be6-4325-972b-a4401aceaed6,21b8b7d3-dfea-4cf6-83a7-fcafd08e951a,4e6141b4-8b08-4a48-92e3-00a3aed708d1,2025-03-27,64274.52,999497.85,expense,Tata Power,Power bill
5e5bd4e7-8c09-4c0e-b0db-ce1afbf05862,f98fe819-1be6-4325-972b-a4401aceaed6,21b8b7d3-dfea-4cf6-83a7-fcafd08e951a,b44b3d71-0880-41d9-8f85-0348da9b0531,2025-03-28,22269.54,977228.31,expense,Tanishq,Jewellery purchase
47a6cecd-227d-4323-a42f-26004e052d25,f98fe819-1be6-4325-972b-a4401aceaed6,21b8b7d3-dfea-4cf6-83a7-fcafd08e951a,62bb0c22-62a3-42ba-a471-bae2976e7fe1,2025-03-31,80570.97,896657.34,expense,MCA,Filing fee
f6e51a47-f831-42fe-8add-c91c4e238816,f98fe819-1be6-4325-972b-a4401aceaed6,21b8b7d3-dfea-4cf6-83a7-fcafd08e951a,99b34d50-a760-4c27-b2ff-1bf9e6cbe779,2025-03-31,17382.8,879274.54,expense,Axis Card,Card outstanding
397f626f-e7bc-4940-bda4-a5d88a8c1ee6,f98fe819-1be6-4325-972b-a4401aceaed6,21b8b7d3-dfea-4cf6-83a7-fcafd08e951a,a9ffe6eb-4506-488f-8aae-77f81d637f71,2025-04-01,11894.48,867380.06,expense,Ajio,Online fashion
3ce99b54-a78d-46f9-9600-a2b9cfbdbc61,f98fe819-1be6-4325-972b-a4401aceaed6,21b8b7d3-dfea-4cf6-83a7-fcafd08e951a,62bb0c22-62a3-42ba-a471-bae2976e7fe1,2025-04-01,21925.5,845454.56,expense,MCA,Filing fee
58bf2207-14e0-463d-a707-49a931b15e3a,f98fe819-1be6-4325-972b-a4401aceaed6,21b8b7d3-dfea-4cf6-83a7-fcafd08e951a,aea49b50-348f-446b-9a35-c970ed3e3a8a,2025-04-03,26805.41,818649.15,expense,NoBroker,Rent via NoBroker
822404ac-827b-4f6d-aa0f-8f20dccc3b8a,f98fe819-1be6-4325-972b-a4401aceaed6,21b8b7d3-dfea-4cf6-83a7-fcafd08e951a,d926a624-ee93-4c92-bd0e-202091a8548e,2025-04-04,106064.08,712585.07,expense,HDFC CC,Credit card bill
72aada84-46e3-45cf-bcb5-efa62c44c100,f98fe819-1be6-4325-972b-a4401aceaed6,21b8b7d3-dfea-4cf6-83a7-fcafd08e951a,352e3807-c4b8-4f2f-b4a0-11f0a676a889,2025-04-05,5059.28,707525.79,expense,Zepto,Quick grocery delivery
5f91b7b9-8939-49f1-89e9-647af6e0d72e,f98fe819-1be6-4325-972b-a4401aceaed6,21b8b7d3-dfea-4cf6-83a7-fcafd08e951a,3e870dc4-9bcb-4d85-a0ed-817b2217e50b,2025-04-06,105867.09,601658.7,expense,SBI,Personal loan EMI
e7473df1-26ce-4e22-9cf8-ecdba13826b5,f98fe819-1be6-4325-972b-a4401aceaed6,21b8b7d3-dfea-4cf6-83a7-fcafd08e951a,c1794d38-04bb-436c-a349-b7efa2949d59,2025-04-08,299.0,601359.7,expense,Sony LIV,Monthly subscription
76e94575-146e-47dd-895e-17398bd3c364,f98fe819-1be6-4325-972b-a4401aceaed6,21b8b7d3-dfea-4cf6-83a7-fcafd08e951a,4e6141b4-8b08-4a48-92e3-00a3aed708d1,2025-04-09,36006.73,565352.97,expense,BESCOM,Electricity bill
03748855-5079-4fa8-8f85-a389d554702a,f98fe819-1be6-4325-972b-a4401aceaed6,21b8b7d3-dfea-4cf6-83a7-fcafd08e951a,948ffb81-b520-4b5d-99fe-0e30b14ff505,2025-04-10,24075.01,541277.96,expense,Amazon Books,Book purchase
0ae6446d-5fe4-4b81-8cb5-86756d8f9f77,f98fe819-1be6-4325-972b-a4401aceaed6,21b8b7d3-dfea-4cf6-83a7-fcafd08e951a,c1794d38-04bb-436c-a349-b7efa2949d59,2025-04-10,129.0,541148.96,expense,YouTube Premium,Monthly subscription
4dfcab14-86ec-41a0-9371-3b5dfbf6d123,f98fe819-1be6-4325-972b-a4401aceaed6,21b8b7d3-dfea-4cf6-83a7-fcafd08e951a,60d066bc-e9ed-4249-b6d9-4da0fa4b9b29,2025-04-11,38244.08,502904.88,expense,Insider.in,Cultural event
3efafea8-a7b9-44e1-bbe1-70895bcee372,f98fe819-1be6-4325-972b-a4401aceaed6,21b8b7d3-dfea-4cf6-83a7-fcafd08e951a,d926a624-ee93-4c92-bd0e-202091a8548e,2025-04-13,94324.26,408580.62,expense,Axis Card,Card outstanding
704e5d23-f3ef-4116-bce8-15180276c6bb,f98fe819-1be6-4325-972b-a4401aceaed6,21b8b7d3-dfea-4cf6-83a7-fcafd08e951a,2240f66e-6ba1-4bb3-9578-9f6dd6e71363,2025-04-13,808.49,407772.13,expense,Airtel,Broadband bill
f01e4eeb-91b0-4acf-be78-0823e759705f,f98fe819-1be6-4325-972b-a4401aceaed6,21b8b7d3-dfea-4cf6-83a7-fcafd08e951a,baf0d272-8682-41c0-acfb-c78f1f2cd9a1,2025-04-13,17216.31,390555.82,expense,Croma,Electronics purchase
f062ba9c-82df-41e8-b859-e30837b7afbd,f98fe819-1be6-4325-972b-a4401aceaed6,21b8b7d3-dfea-4cf6-83a7-fcafd08e951a,4e6141b4-8b08-4a48-92e3-00a3aed708d1,2025-04-13,68573.2,321982.62,expense,BESCOM,Electricity bill
457f54a9-1689-4e3f-8152-8fc8ed32cbef,f98fe819-1be6-4325-972b-a4401aceaed6,21b8b7d3-dfea-4cf6-83a7-fcafd08e951a,482d3ee1-01c6-4f27-880c-5c2e86ff4326,2025-04-14,28742.54,293240.08,expense,Fortis,Medical consultation
a89f9a60-dd98-49ff-8244-b9f8bb0fa079,f98fe819-1be6-4325-972b-a4401aceaed6,21b8b7d3-dfea-4cf6-83a7-fcafd08e951a,352e3807-c4b8-4f2f-b4a0-11f0a676a889,2025-04-14,1300.82,291939.26,expense,BigBasket,Weekly grocery order
8dabec18-a09f-4642-b8e1-2c0b8c9cb9dd,f98fe819-1be6-4325-972b-a4401aceaed6,21b8b7d3-dfea-4cf6-83a7-fcafd08e951a,248ccf02-2fad-4a57-8831-52e79f698e4c,2025-04-18,16727.61,275211.65,expense,Mumbai Metro,Metro fare
ff87f8a4-602e-472f-a189-d381a933ba1e,f98fe819-1be6-4325-972b-a4401aceaed6,21b8b7d3-dfea-4cf6-83a7-fcafd08e951a,3e870dc4-9bcb-4d85-a0ed-817b2217e50b,2025-04-18,112841.86,162369.79,expense,HDFC Bank,Loan instalment
b8fac460-1619-4c27-b7ce-125007917e1e,f98fe819-1be6-4325-972b-a4401aceaed6,21b8b7d3-dfea-4cf6-83a7-fcafd08e951a,baf0d272-8682-41c0-acfb-c78f1f2cd9a1,2025-04-20,20033.28,142336.51,expense,Samsung Store,Mobile accessory
0f576baa-a3a0-41b1-8f5f-f28a945870bb,f98fe819-1be6-4325-972b-a4401aceaed6,21b8b7d3-dfea-4cf6-83a7-fcafd08e951a,248ccf02-2fad-4a57-8831-52e79f698e4c,2025-04-21,1564.06,140772.45,expense,DMRC,Metro card top-up
ad248722-9001-44a1-af77-e066c6fa4dfe,f98fe819-1be6-4325-972b-a4401aceaed6,21b8b7d3-dfea-4cf6-83a7-fcafd08e951a,248ccf02-2fad-4a57-8831-52e79f698e4c,2025-04-21,23265.81,117506.64,expense,KSRTC,Bus ticket
82cd6417-ac6c-4df3-87b1-11174cad4435,f98fe819-1be6-4325-972b-a4401aceaed6,21b8b7d3-dfea-4cf6-83a7-fcafd08e951a,820faeca-f72b-4444-b3ed-cc4b2457b6fa,2025-04-22,12471.5,105035.14,expense,Amazon,Online shopping
045e95f6-666f-4ff3-847b-7a50b1bf12b7,f98fe819-1be6-4325-972b-a4401aceaed6,21b8b7d3-dfea-4cf6-83a7-fcafd08e951a,f9695d76-897b-4d1d-b699-30bdb8c3bd63,2025-04-23,11066.52,93968.62,expense,InDrive,Cab booking
904c9a16-2250-4b4f-ba8a-1517c0df4bb8,f98fe819-1be6-4325-972b-a4401aceaed6,21b8b7d3-dfea-4cf6-83a7-fcafd08e951a,94943a15-5000-4909-864f-c229ccc559c2,2025-04-23,20399.26,73569.36,expense,IKEA,Home furnishing
99877422-1af5-410c-b456-bc958d96d6a9,f98fe819-1be6-4325-972b-a4401aceaed6,21b8b7d3-dfea-4cf6-83a7-fcafd08e951a,773ee99e-f4ff-4162-87c7-19387a9ebb97,2025-04-23,5972.82,67596.54,expense,Punjab Grill,Business dinner
79609050-5798-4230-9e34-bda0444f9a88,f98fe819-1be6-4325-972b-a4401aceaed6,21b8b7d3-dfea-4cf6-83a7-fcafd08e951a,2240f66e-6ba1-4bb3-9578-9f6dd6e71363,2025-04-27,8325.39,59271.15,expense,Gas Agency,LPG cylinder
f2ab4c8a-ea51-4a99-b6c3-41eb9ad38a94,f98fe819-1be6-4325-972b-a4401aceaed6,21b8b7d3-dfea-4cf6-83a7-fcafd08e951a,f89d39f0-2919-467d-9eae-73947cd92572,2025-04-28,4700.38,54570.77,expense,KFC,Fast food
6ff022bf-4875-4647-8086-f05eacb7526d,f98fe819-1be6-4325-972b-a4401aceaed6,21b8b7d3-dfea-4cf6-83a7-fcafd08e951a,aea49b50-348f-446b-9a35-c970ed3e3a8a,2025-04-30,40012.96,14557.81,expense,NoBroker,Rent via NoBroker
67edc26c-0b61-4e2f-9916-b0d10068827d,b2e67456-ae78-4a7d-b17c-e280b8b211cb,2836f6f0-4602-4887-a26f-1b7120bf1e48,c1794d38-04bb-436c-a349-b7efa2949d59,2025-01-03,199.0,2124974.37,expense,Netflix,Monthly subscription
f1004f94-ca2d-488f-8e4d-64e3f742cb68,b2e67456-ae78-4a7d-b17c-e280b8b211cb,2836f6f0-4602-4887-a26f-1b7120bf1e48,aea49b50-348f-446b-9a35-c970ed3e3a8a,2025-01-03,66300.0,2058674.37,expense,Housing Society,Monthly rent payment
6c61a4ce-662f-4ca8-9cbd-170ba6df5646,b2e67456-ae78-4a7d-b17c-e280b8b211cb,2836f6f0-4602-4887-a26f-1b7120bf1e48,3e870dc4-9bcb-4d85-a0ed-817b2217e50b,2025-01-04,21000.0,2037674.37,expense,ICICI Bank,Loan EMI
6efb7653-971f-4be2-83eb-ea45126b9a9d,b2e67456-ae78-4a7d-b17c-e280b8b211cb,2836f6f0-4602-4887-a26f-1b7120bf1e48,352e3807-c4b8-4f2f-b4a0-11f0a676a889,2025-01-06,3955.01,2033719.36,expense,Blinkit,Instant delivery
ad17b43d-687d-4963-b096-f711e3ecdfc8,b2e67456-ae78-4a7d-b17c-e280b8b211cb,2836f6f0-4602-4887-a26f-1b7120bf1e48,85035d91-6985-446f-90d5-16e1b52a5e52,2025-01-08,23919.43,2009799.93,expense,Netflix,Streaming
daf01d1f-334c-40a9-9de1-65024d83d626,b2e67456-ae78-4a7d-b17c-e280b8b211cb,2836f6f0-4602-4887-a26f-1b7120bf1e48,aea49b50-348f-446b-9a35-c970ed3e3a8a,2025-01-09,68305.73,1941494.2,expense,NoBroker,Rent via NoBroker
a775a6ac-6ae6-43e8-9ccb-6b4ddf57baff,b2e67456-ae78-4a7d-b17c-e280b8b211cb,2836f6f0-4602-4887-a26f-1b7120bf1e48,245a1bba-ff69-4f13-bb3d-7fff3c2b30be,2025-01-10,3013.86,1938480.34,expense,Airport Parking,Airport parking
b67434c1-cfef-46fb-ad84-4f5c5a0fb7c1,b2e67456-ae78-4a7d-b17c-e280b8b211cb,2836f6f0-4602-4887-a26f-1b7120bf1e48,44142b8c-0a2a-4f19-9d1f-e4b5898c28b2,2025-01-10,34988.71,1903491.63,expense,Amazon,Garden tools order
99197c52-6eef-4c73-ad25-72d7e3d2f966,b2e67456-ae78-4a7d-b17c-e280b8b211cb,2836f6f0-4602-4887-a26f-1b7120bf1e48,2240f66e-6ba1-4bb3-9578-9f6dd6e71363,2025-01-11,354.84,1903136.79,expense,Jio Fiber,Internet bill
b6d121d0-5525-4dbd-99cd-cb78e51c0c42,b2e67456-ae78-4a7d-b17c-e280b8b211cb,2836f6f0-4602-4887-a26f-1b7120bf1e48,aea49b50-348f-446b-9a35-c970ed3e3a8a,2025-01-14,63589.93,1839546.86,expense,Landlord,Monthly rent payment
d7c4cbdf-5eba-4766-a7cd-cbfccdd15b7c,b2e67456-ae78-4a7d-b17c-e280b8b211cb,2836f6f0-4602-4887-a26f-1b7120bf1e48,4e6141b4-8b08-4a48-92e3-00a3aed708d1,2025-01-14,782.49,1838764.37,expense,BSES,Power bill
e7ec06ba-0c38-4a38-bc9c-c7051721c0b7,b2e67456-ae78-4a7d-b17c-e280b8b211cb,2836f6f0-4602-4887-a26f-1b7120bf1e48,60260042-9174-4f85-82fc-aed9fb085bca,2025-01-17,4500.0,1834264.37,expense,Local Store,Accessories purchase
0eba9de7-a77d-4708-b9c4-3683cea51add,b2e67456-ae78-4a7d-b17c-e280b8b211cb,2836f6f0-4602-4887-a26f-1b7120bf1e48,1936a4f4-2484-487e-9de0-bd4773f631e7,2025-01-19,814.47,1833449.9,expense,Jio,Mobile recharge
b579c02d-d0b2-4b7e-8e70-6ba1c9f51bc2,b2e67456-ae78-4a7d-b17c-e280b8b211cb,2836f6f0-4602-4887-a26f-1b7120bf1e48,24e016a3-fafe-4519-8295-2f5f87ed7005,2025-01-19,1345.57,1832104.33,expense,Toit Brewpub,Craft beer
948b3b2f-b319-49f4-ae18-a58c25f19c37,b2e67456-ae78-4a7d-b17c-e280b8b211cb,2836f6f0-4602-4887-a26f-1b7120bf1e48,3a69e27b-2712-47a5-a445-c5d7a978f8c9,2025-01-21,20871.13,1811233.2,expense,Crossword,Books and stationery
d3971947-c374-423c-abcb-918bf9c3d246,b2e67456-ae78-4a7d-b17c-e280b8b211cb,2836f6f0-4602-4887-a26f-1b7120bf1e48,ee7c44a4-b997-4955-8565-e0095cc9a643,2025-01-22,12027.16,1799206.04,expense,OYO,Business accommodation
949625f3-573c-4d23-b5d2-a2ded515bfd0,b2e67456-ae78-4a7d-b17c-e280b8b211cb,2836f6f0-4602-4887-a26f-1b7120bf1e48,aa200b24-ef0e-410d-9a5e-5cd5e6eb5584,2025-01-24,41204.42,1758001.62,expense,UrbanClap,Home service
c1c637f4-a36a-46fd-af63-d15607905b03,b2e67456-ae78-4a7d-b17c-e280b8b211cb,2836f6f0-4602-4887-a26f-1b7120bf1e48,352e3807-c4b8-4f2f-b4a0-11f0a676a889,2025-01-24,1926.53,1756075.09,expense,Blinkit,Instant delivery
8a6f2ef4-0ae3-48b3-ad77-192f7ab4f064,b2e67456-ae78-4a7d-b17c-e280b8b211cb,2836f6f0-4602-4887-a26f-1b7120bf1e48,773ee99e-f4ff-4162-87c7-19387a9ebb97,2025-01-25,2727.67,1753347.42,expense,Local Restaurant,Quick lunch
5af23cd4-fec1-4aba-869d-f8e7e391fad5,b2e67456-ae78-4a7d-b17c-e280b8b211cb,2836f6f0-4602-4887-a26f-1b7120bf1e48,02b93640-5ea9-4023-9ca5-12aaa253ea5b,2025-01-28,784.37,1752563.05,expense,BSNL Broadband,Internet bill
3205dbac-66fe-44f7-8eb9-b26991583dee,b2e67456-ae78-4a7d-b17c-e280b8b211cb,2836f6f0-4602-4887-a26f-1b7120bf1e48,489f5d0e-1a15-4527-bbe0-a4d15d125f35,2025-01-29,3361.72,1749201.33,expense,PetSmart,Pet supplies
de4f99c0-463b-4165-844f-7140c6f53d1b,b2e67456-ae78-4a7d-b17c-e280b8b211cb,2836f6f0-4602-4887-a26f-1b7120bf1e48,a9ffe6eb-4506-488f-8aae-77f81d637f71,2025-01-29,36815.6,1712385.73,expense,Westside,Seasonal shopping
fdfd3765-30d3-492f-aef8-3addd084274d,b2e67456-ae78-4a7d-b17c-e280b8b211cb,2836f6f0-4602-4887-a26f-1b7120bf1e48,43dc3332-707c-42c3-b0d9-0f067489a82d,2025-01-29,32500.4,1679885.33,expense,HP Petrol,Diesel refill
72120e90-18a0-4493-87f7-3a5bf2deece5,b2e67456-ae78-4a7d-b17c-e280b8b211cb,2836f6f0-4602-4887-a26f-1b7120bf1e48,e1b2d153-cb13-4270-a0d4-ce6ee99867fa,2025-02-02,15968.65,1663916.68,expense,Cigarette Shop,Tobacco
d59c0b3a-cfe2-4813-a02b-11439b08311b,b2e67456-ae78-4a7d-b17c-e280b8b211cb,2836f6f0-4602-4887-a26f-1b7120bf1e48,aea49b50-348f-446b-9a35-c970ed3e3a8a,2025-02-02,66300.0,1597616.68,expense,NoBroker,Monthly rent payment
1cb7bcd6-ec38-4b51-92c5-b61f6fccd7e9,b2e67456-ae78-4a7d-b17c-e280b8b211cb,2836f6f0-4602-4887-a26f-1b7120bf1e48,afb11444-5eb7-49e4-adb0-6e90808b3f69,2025-02-03,45967.39,1551649.29,expense,SBI,Service charge
4cc60fe7-8c23-4444-8e44-6653ff07824c,b2e67456-ae78-4a7d-b17c-e280b8b211cb,2836f6f0-4602-4887-a26f-1b7120bf1e48,eb6cafa9-5129-4c5f-a238-d432e93d5710,2025-02-03,13119.99,1538529.3,expense,Toll Plaza,Highway toll
5621cd3e-3c10-4a73-a6ee-09b1be8d8205,b2e67456-ae78-4a7d-b17c-e280b8b211cb,2836f6f0-4602-4887-a26f-1b7120bf1e48,02b93640-5ea9-4023-9ca5-12aaa253ea5b,2025-02-03,920.06,1537609.24,expense,Airtel,Internet bill
b65b6b1c-124c-4f0b-9418-996e249d6546,b2e67456-ae78-4a7d-b17c-e280b8b211cb,2836f6f0-4602-4887-a26f-1b7120bf1e48,43dc3332-707c-42c3-b0d9-0f067489a82d,2025-02-03,23227.67,1514381.57,expense,HP Petrol,Diesel refill
f617fe4a-f6e9-4c1b-8cbd-aa4d33b30dca,b2e67456-ae78-4a7d-b17c-e280b8b211cb,2836f6f0-4602-4887-a26f-1b7120bf1e48,773ee99e-f4ff-4162-87c7-19387a9ebb97,2025-02-04,3540.99,1510840.58,expense,Haldiram's,Lunch
18f821f4-265b-4e41-857d-24f5a4b369bc,b2e67456-ae78-4a7d-b17c-e280b8b211cb,2836f6f0-4602-4887-a26f-1b7120bf1e48,3d010285-23fe-4f66-9e98-091ac1adb6a3,2025-02-05,18995.37,1491845.21,expense,Booking.com,Hotel reservation
a989b182-8aff-4507-aa67-30757082e8f6,b2e67456-ae78-4a7d-b17c-e280b8b211cb,2836f6f0-4602-4887-a26f-1b7120bf1e48,820faeca-f72b-4444-b3ed-cc4b2457b6fa,2025-02-05,2343.8,1489501.41,expense,Amazon,Online shopping
be0f7080-a450-4c10-99ba-f633c0cbcd25,b2e67456-ae78-4a7d-b17c-e280b8b211cb,2836f6f0-4602-4887-a26f-1b7120bf1e48,61655f71-e388-4300-a414-ec44adc7ee3b,2025-02-05,16600.7,1472900.71,expense,Wedding Venue,Event expense
7e9f304e-fa27-4ba9-8789-147d6b109deb,b2e67456-ae78-4a7d-b17c-e280b8b211cb,2836f6f0-4602-4887-a26f-1b7120bf1e48,9824533c-e6eb-43ff-b2d1-9724f9f59c75,2025-02-06,17626.58,1455274.13,expense,Laundry,Laundry service
2864c091-b310-4238-9b18-22b59358e7a9,b2e67456-ae78-4a7d-b17c-e280b8b211cb,2836f6f0-4602-4887-a26f-1b7120bf1e48,c1794d38-04bb-436c-a349-b7efa2949d59,2025-02-07,199.0,1455075.13,expense,Netflix,Monthly subscription
9e72701f-6060-4973-b6c2-b90908af28cd,b2e67456-ae78-4a7d-b17c-e280b8b211cb,2836f6f0-4602-4887-a26f-1b7120bf1e48,a9ffe6eb-4506-488f-8aae-77f81d637f71,2025-02-07,17093.98,1437981.15,expense,Myntra,Clothing order
ffd005c4-4637-4e10-8df0-458c3db603db,b2e67456-ae78-4a7d-b17c-e280b8b211cb,2836f6f0-4602-4887-a26f-1b7120bf1e48,60d066bc-e9ed-4249-b6d9-4da0fa4b9b29,2025-02-12,29498.99,1408482.16,expense,PVR Cinemas,Cinema
87e1ca0e-ae11-40e3-8a43-3a3dcd24c3ad,b2e67456-ae78-4a7d-b17c-e280b8b211cb,2836f6f0-4602-4887-a26f-1b7120bf1e48,773ee99e-f4ff-4162-87c7-19387a9ebb97,2025-02-14,2442.9,1406039.26,expense,Local Restaurant,Quick lunch
a3e77b27-f5a0-4b2d-879d-91633d9110a7,b2e67456-ae78-4a7d-b17c-e280b8b211cb,2836f6f0-4602-4887-a26f-1b7120bf1e48,ba7b532e-605d-4ad5-b9b6-3155499c93eb,2025-02-14,27478.0,1378561.26,expense,SBI Life,Insurance payment
6a4345c3-50c3-4331-a7a1-987c6685d6e9,b2e67456-ae78-4a7d-b17c-e280b8b211cb,2836f6f0-4602-4887-a26f-1b7120bf1e48,352e3807-c4b8-4f2f-b4a0-11f0a676a889,2025-02-16,2182.21,1376379.05,expense,Zepto,Quick grocery delivery
986470e4-ec4d-4f30-8345-adba71626131,b2e67456-ae78-4a7d-b17c-e280b8b211cb,2836f6f0-4602-4887-a26f-1b7120bf1e48,2240f66e-6ba1-4bb3-9578-9f6dd6e71363,2025-02-16,21550.96,1354828.09,expense,Jio Fiber,Internet bill
38600081-c593-4d18-b890-7922a5916313,b2e67456-ae78-4a7d-b17c-e280b8b211cb,2836f6f0-4602-4887-a26f-1b7120bf1e48,aea49b50-348f-446b-9a35-c970ed3e3a8a,2025-02-22,12592.51,1342235.58,expense,Housing Society,Rent payment
5d1ed95a-7621-46b8-b3fc-096c74cb83bf,b2e67456-ae78-4a7d-b17c-e280b8b211cb,2836f6f0-4602-4887-a26f-1b7120bf1e48,c1794d38-04bb-436c-a349-b7efa2949d59,2025-02-23,13020.01,1329215.57,expense,YouTube Premium,Premium plan
670aa106-f159-4aea-b8ea-65373c81ed23,b2e67456-ae78-4a7d-b17c-e280b8b211cb,2836f6f0-4602-4887-a26f-1b7120bf1e48,08661166-7a9f-4744-8d50-d84bca0b6ebc,2025-02-23,24732.49,1304483.08,expense,Decathlon,Sports equipment
114b8e77-4819-45b6-acee-b500b8fbea8d,b2e67456-ae78-4a7d-b17c-e280b8b211cb,2836f6f0-4602-4887-a26f-1b7120bf1e48,f9695d76-897b-4d1d-b699-30bdb8c3bd63,2025-03-03,27792.56,1276690.52,expense,Uber,Ride to office
db80a98f-de70-4429-a7ac-7ca60cdf8e44,b2e67456-ae78-4a7d-b17c-e280b8b211cb,2836f6f0-4602-4887-a26f-1b7120bf1e48,0d3983fc-2dc6-40e8-898b-3e446f9ffcb2,2025-03-04,238078.31,1514768.83,income,Payroll,Salary deposit
fa27306c-3692-430b-a4d7-358ddf0d9bd1,b2e67456-ae78-4a7d-b17c-e280b8b211cb,2836f6f0-4602-4887-a26f-1b7120bf1e48,482d3ee1-01c6-4f27-880c-5c2e86ff4326,2025-03-04,2485.74,1512283.09,expense,Max Hospital,Healthcare
1a63e6f5-0680-481e-813a-85d642bda6b1,b2e67456-ae78-4a7d-b17c-e280b8b211cb,2836f6f0-4602-4887-a26f-1b7120bf1e48,02b93640-5ea9-4023-9ca5-12aaa253ea5b,2025-03-05,3687.27,1508595.82,expense,BSNL Broadband,Internet bill
a2c1418b-0580-45bf-8ac6-9521674811ae,b2e67456-ae78-4a7d-b17c-e280b8b211cb,2836f6f0-4602-4887-a26f-1b7120bf1e48,67f170d4-68ec-4828-8164-1ab3ae9440e0,2025-03-05,18176.96,1490418.86,expense,Amazon,Hobby supplies
73f60e25-0c3f-4054-9630-cee6016f13c7,b2e67456-ae78-4a7d-b17c-e280b8b211cb,2836f6f0-4602-4887-a26f-1b7120bf1e48,afb11444-5eb7-49e4-adb0-6e90808b3f69,2025-03-06,93556.56,1396862.3,expense,SBI,Service charge
496bccd2-bcce-4910-9027-6d4118d464d0,b2e67456-ae78-4a7d-b17c-e280b8b211cb,2836f6f0-4602-4887-a26f-1b7120bf1e48,d926a624-ee93-4c92-bd0e-202091a8548e,2025-03-07,38051.86,1358810.44,expense,HDFC CC,Credit card bill
9bf9dfbf-b29d-4120-b9ee-5ff73ed912fb,b2e67456-ae78-4a7d-b17c-e280b8b211cb,2836f6f0-4602-4887-a26f-1b7120bf1e48,aea49b50-348f-446b-9a35-c970ed3e3a8a,2025-03-08,39230.14,1319580.3,expense,NoBroker,Rent via NoBroker
51cc9331-378e-4f1f-8ffc-0eb3f59bc48b,b2e67456-ae78-4a7d-b17c-e280b8b211cb,2836f6f0-4602-4887-a26f-1b7120bf1e48,3e870dc4-9bcb-4d85-a0ed-817b2217e50b,2025-03-09,69152.91,1250427.39,expense,Axis Bank,Loan repayment
143dd3aa-d9c4-4fa3-9a4b-4e6189c50ab7,b2e67456-ae78-4a7d-b17c-e280b8b211cb,2836f6f0-4602-4887-a26f-1b7120bf1e48,ba7b532e-605d-4ad5-b9b6-3155499c93eb,2025-03-11,30869.19,1219558.2,expense,HDFC Life,Term plan premium
7a5dd9f3-a945-4845-9394-6ae08f8df866,b2e67456-ae78-4a7d-b17c-e280b8b211cb,2836f6f0-4602-4887-a26f-1b7120bf1e48,4e6141b4-8b08-4a48-92e3-00a3aed708d1,2025-03-11,1829.83,1217728.37,expense,Tata Power,Power bill
93c0ba7b-2542-4026-a2e3-d6914927a6fd,b2e67456-ae78-4a7d-b17c-e280b8b211cb,2836f6f0-4602-4887-a26f-1b7120bf1e48,3e870dc4-9bcb-4d85-a0ed-817b2217e50b,2025-03-11,91082.61,1126645.76,expense,Axis Bank,Loan repayment
89d6e932-24de-42a1-9417-5ba548963321,b2e67456-ae78-4a7d-b17c-e280b8b211cb,2836f6f0-4602-4887-a26f-1b7120bf1e48,245a1bba-ff69-4f13-bb3d-7fff3c2b30be,2025-03-12,2357.22,1124288.54,expense,Airport Parking,Airport parking
043d332a-c3b7-4ac5-8f16-a953cc82c4c7,b2e67456-ae78-4a7d-b17c-e280b8b211cb,2836f6f0-4602-4887-a26f-1b7120bf1e48,59617cc5-9fa4-4d85-9493-ae0690ce3405,2025-03-14,25154.29,1099134.25,expense,Tyre Shop,Tyre replacement
b325236c-960c-40b3-903a-f5342c6364e3,b2e67456-ae78-4a7d-b17c-e280b8b211cb,2836f6f0-4602-4887-a26f-1b7120bf1e48,ee7c44a4-b997-4955-8565-e0095cc9a643,2025-03-15,5820.38,1093313.87,expense,IndiGo,Business travel flight
631131aa-7c62-43f8-adfc-3e00f870c338,b2e67456-ae78-4a7d-b17c-e280b8b211cb,2836f6f0-4602-4887-a26f-1b7120bf1e48,d926a624-ee93-4c92-bd0e-202091a8548e,2025-03-16,91915.06,1001398.81,expense,Axis Card,Card outstanding
06c018cc-d942-4951-a4b3-8f6b728e489e,b2e67456-ae78-4a7d-b17c-e280b8b211cb,2836f6f0-4602-4887-a26f-1b7120bf1e48,60260042-9174-4f85-82fc-aed9fb085bca,2025-03-17,3764.71,997634.1,expense,Amazon,Accessories order
d9e49804-f75d-40aa-beb7-50fba318d638,b2e67456-ae78-4a7d-b17c-e280b8b211cb,2836f6f0-4602-4887-a26f-1b7120bf1e48,482d3ee1-01c6-4f27-880c-5c2e86ff4326,2025-03-17,4950.38,992683.72,expense,Practo,Online consultation
9f90ef6f-d252-458a-b72c-b5206951cf27,b2e67456-ae78-4a7d-b17c-e280b8b211cb,2836f6f0-4602-4887-a26f-1b7120bf1e48,c1794d38-04bb-436c-a349-b7efa2949d59,2025-03-18,41331.76,951351.96,expense,Netflix,Monthly subscription
10f87688-ab43-4c78-b74b-fabd09f0cd39,b2e67456-ae78-4a7d-b17c-e280b8b211cb,2836f6f0-4602-4887-a26f-1b7120bf1e48,59617cc5-9fa4-4d85-9493-ae0690ce3405,2025-03-19,32101.82,919250.14,expense,Local Garage,Repair work
d50617c1-46ba-47a1-8f46-10566ffdd4d4,b2e67456-ae78-4a7d-b17c-e280b8b211cb,2836f6f0-4602-4887-a26f-1b7120bf1e48,61afab8e-aacd-41f8-8e63-aed9c88790f3,2025-03-19,6053.45,913196.69,expense,HDFC Bank,Car loan EMI
0980f3e6-0426-4f9c-ba41-ef41e125cbd0,b2e67456-ae78-4a7d-b17c-e280b8b211cb,2836f6f0-4602-4887-a26f-1b7120bf1e48,68662b1b-9e19-427c-8a6f-0dea71240479,2025-03-21,1751.44,911445.25,expense,Microsoft,Software subscription
7d0c30a2-721a-4b43-b375-24c88f783688,b2e67456-ae78-4a7d-b17c-e280b8b211cb,2836f6f0-4602-4887-a26f-1b7120bf1e48,61afab8e-aacd-41f8-8e63-aed9c88790f3,2025-03-21,15020.26,896424.99,expense,HDFC Bank,Car loan EMI
d69ff631-2cc8-4125-bb63-0a3052a6a633,b2e67456-ae78-4a7d-b17c-e280b8b211cb,2836f6f0-4602-4887-a26f-1b7120bf1e48,43dc3332-707c-42c3-b0d9-0f067489a82d,2025-03-21,2426.76,893998.23,expense,HP Petrol,Diesel refill
7096c141-7b4c-4953-b8ac-2242b131cb50,b2e67456-ae78-4a7d-b17c-e280b8b211cb,2836f6f0-4602-4887-a26f-1b7120bf1e48,773ee99e-f4ff-4162-87c7-19387a9ebb97,2025-03-23,323.82,893674.41,expense,Mainland China,Anniversary dinner
c49b96b6-546f-4051-a000-76565e5ff123,b2e67456-ae78-4a7d-b17c-e280b8b211cb,2836f6f0-4602-4887-a26f-1b7120bf1e48,a4b93f63-6549-4c49-a3c8-3dff01794737,2025-03-26,4112.5,889561.91,expense,Hamleys,Toys
52a0fbed-31e2-453b-b272-636fa87d3f5d,b2e67456-ae78-4a7d-b17c-e280b8b211cb,2836f6f0-4602-4887-a26f-1b7120bf1e48,ba7b532e-605d-4ad5-b9b6-3155499c93eb,2025-03-28,97753.51,791808.4,expense,ICICI Prudential,Policy premium
5003c567-33a0-4af4-ac1c-34e4fee041b1,b2e67456-ae78-4a7d-b17c-e280b8b211cb,2836f6f0-4602-4887-a26f-1b7120bf1e48,a148be30-71e8-4132-be5e-4a91a2095699,2025-03-30,27623.1,764185.3,expense,FNP,Flowers and gift
0af66b3a-ee79-426c-b619-39f996ae816f,b2e67456-ae78-4a7d-b17c-e280b8b211cb,2836f6f0-4602-4887-a26f-1b7120bf1e48,aea49b50-348f-446b-9a35-c970ed3e3a8a,2025-04-01,17955.91,746229.39,expense,Housing Society,Rent payment
be4f885d-015a-424c-a980-701d44d9fa0e,b2e67456-ae78-4a7d-b17c-e280b8b211cb,2836f6f0-4602-4887-a26f-1b7120bf1e48,43dc3332-707c-42c3-b0d9-0f067489a82d,2025-04-01,1432.94,744796.45,expense,HP Petrol,Diesel refill
fa066889-8c6a-4515-86c5-358e9f210fa3,b2e67456-ae78-4a7d-b17c-e280b8b211cb,2836f6f0-4602-4887-a26f-1b7120bf1e48,68662b1b-9e19-427c-8a6f-0dea71240479,2025-04-01,317.15,744479.3,expense,Adobe,Software subscription
f39a65b9-d2d4-4031-b529-d6a6994858c5,b2e67456-ae78-4a7d-b17c-e280b8b211cb,2836f6f0-4602-4887-a26f-1b7120bf1e48,2240f66e-6ba1-4bb3-9578-9f6dd6e71363,2025-04-04,37320.67,707158.63,expense,Gas Agency,LPG cylinder
26004260-fdd1-4d34-8e09-38f168402ba9,b2e67456-ae78-4a7d-b17c-e280b8b211cb,2836f6f0-4602-4887-a26f-1b7120bf1e48,197c9f3f-79b3-4a17-b0c4-57701d9daa96,2025-04-05,27070.37,680088.26,expense,Anytime Fitness,Gym membership
eaddc7ba-fad5-4ee6-b897-ec71e7be02bc,b2e67456-ae78-4a7d-b17c-e280b8b211cb,2836f6f0-4602-4887-a26f-1b7120bf1e48,3e870dc4-9bcb-4d85-a0ed-817b2217e50b,2025-04-05,21000.0,659088.26,expense,SBI,Personal loan EMI
b907ec22-faf2-4261-92f6-be946dbb58e0,b2e67456-ae78-4a7d-b17c-e280b8b211cb,2836f6f0-4602-4887-a26f-1b7120bf1e48,352e3807-c4b8-4f2f-b4a0-11f0a676a889,2025-04-06,4942.09,654146.17,expense,Blinkit,Instant delivery
4d2e957b-cf4b-4b10-aaaa-d409f07f431d,b2e67456-ae78-4a7d-b17c-e280b8b211cb,2836f6f0-4602-4887-a26f-1b7120bf1e48,f89d39f0-2919-467d-9eae-73947cd92572,2025-04-07,3418.53,650727.64,expense,Domino's,Pizza delivery
250647ad-1e2f-47e1-ac35-3cb5cbe4d1a1,b2e67456-ae78-4a7d-b17c-e280b8b211cb,2836f6f0-4602-4887-a26f-1b7120bf1e48,4e6141b4-8b08-4a48-92e3-00a3aed708d1,2025-04-08,62341.64,588386.0,expense,BSES,Power bill
6b2bda33-925c-4612-965a-bdbd92273339,b2e67456-ae78-4a7d-b17c-e280b8b211cb,2836f6f0-4602-4887-a26f-1b7120bf1e48,c1794d38-04bb-436c-a349-b7efa2949d59,2025-04-08,48257.85,540128.15,expense,Hotstar,OTT subscription
aed64202-aa15-48be-a58f-b08c69b7c789,b2e67456-ae78-4a7d-b17c-e280b8b211cb,2836f6f0-4602-4887-a26f-1b7120bf1e48,4e6141b4-8b08-4a48-92e3-00a3aed708d1,2025-04-10,60975.48,479152.67,expense,BSES,Power bill
c0fad0be-b2b8-4cee-af9a-c878e8f16630,b2e67456-ae78-4a7d-b17c-e280b8b211cb,2836f6f0-4602-4887-a26f-1b7120bf1e48,94943a15-5000-4909-864f-c229ccc559c2,2025-04-11,11786.39,467366.28,expense,IKEA,Home furnishing
91938d4b-7173-49e9-9b30-157447d8b941,b2e67456-ae78-4a7d-b17c-e280b8b211cb,2836f6f0-4602-4887-a26f-1b7120bf1e48,baf0d272-8682-41c0-acfb-c78f1f2cd9a1,2025-04-13,13914.77,453451.51,expense,Croma,Electronics purchase
aa491dfe-1eab-418b-9fe9-b9c54fdff541,b2e67456-ae78-4a7d-b17c-e280b8b211cb,2836f6f0-4602-4887-a26f-1b7120bf1e48,b44b3d71-0880-41d9-8f85-0348da9b0531,2025-04-16,4507.06,448944.45,expense,Tanishq,Jewellery purchase
61cc494d-cf08-49de-b888-e057d60c39c3,b2e67456-ae78-4a7d-b17c-e280b8b211cb,2836f6f0-4602-4887-a26f-1b7120bf1e48,aea49b50-348f-446b-9a35-c970ed3e3a8a,2025-04-18,56940.39,392004.06,expense,Landlord,Monthly rent payment
76a20d59-8e36-4734-834b-155dbc73b61a,b2e67456-ae78-4a7d-b17c-e280b8b211cb,2836f6f0-4602-4887-a26f-1b7120bf1e48,96425e71-00ab-44ec-b7a5-b7bc7c419b3c,2025-04-19,25961.37,366042.69,expense,Axis Bank,Home loan EMI
2a6a9ff2-7fa0-4f23-b924-22dee3938d0b,b2e67456-ae78-4a7d-b17c-e280b8b211cb,2836f6f0-4602-4887-a26f-1b7120bf1e48,85035d91-6985-446f-90d5-16e1b52a5e52,2025-04-20,55458.16,310584.53,expense,Netflix,Streaming
790388ec-6567-4209-92d3-6e27f50c832f,b2e67456-ae78-4a7d-b17c-e280b8b211cb,2836f6f0-4602-4887-a26f-1b7120bf1e48,197c9f3f-79b3-4a17-b0c4-57701d9daa96,2025-04-20,53538.37,257046.16,expense,Cult.fit,Gym membership
c4d5105a-6926-4c35-a17a-7aa1d62cbeee,b2e67456-ae78-4a7d-b17c-e280b8b211cb,2836f6f0-4602-4887-a26f-1b7120bf1e48,43dc3332-707c-42c3-b0d9-0f067489a82d,2025-04-20,9571.4,247474.76,expense,Indian Oil,Fuel top-up
6c5e6f8a-d803-408c-8db9-028aa8206c75,b2e67456-ae78-4a7d-b17c-e280b8b211cb,2836f6f0-4602-4887-a26f-1b7120bf1e48,948ffb81-b520-4b5d-99fe-0e30b14ff505,2025-04-21,26256.97,221217.79,expense,Flipkart,Books order
3e88bab9-515a-47e9-86d5-7599232b8230,b2e67456-ae78-4a7d-b17c-e280b8b211cb,2836f6f0-4602-4887-a26f-1b7120bf1e48,9cc575a8-fc65-4f4a-abf5-8594a4d342a0,2025-04-22,455.76,220762.03,expense,Local Shop,PC accessories
8d398f0b-0c3d-4356-8323-525dcd7ad325,b2e67456-ae78-4a7d-b17c-e280b8b211cb,2836f6f0-4602-4887-a26f-1b7120bf1e48,8020f28e-d18c-4677-a747-5497f031a5d2,2025-04-22,17681.56,203080.47,expense,Nykaa,Beauty products
ee73b38b-1bbf-4cff-9e3b-59280b4b347b,b2e67456-ae78-4a7d-b17c-e280b8b211cb,2836f6f0-4602-4887-a26f-1b7120bf1e48,248ccf02-2fad-4a57-8831-52e79f698e4c,2025-04-24,25854.16,177226.31,expense,BEST,Bus card recharge
fae05b0b-0c4f-49c5-acb5-ef607cb838e5,b2e67456-ae78-4a7d-b17c-e280b8b211cb,2836f6f0-4602-4887-a26f-1b7120bf1e48,773ee99e-f4ff-4162-87c7-19387a9ebb97,2025-04-25,5339.13,171887.18,expense,Social,Weekend brunch
a9987f66-f577-4451-8c8a-e7ea28b094a8,b2e67456-ae78-4a7d-b17c-e280b8b211cb,2836f6f0-4602-4887-a26f-1b7120bf1e48,b44b3d71-0880-41d9-8f85-0348da9b0531,2025-04-30,17192.25,154694.93,expense,Kalyan Jewellers,Gold jewellery
0e5cc95c-b38a-4f6c-9171-d6052a25d287,76d20039-a7e2-46e9-aa21-456f910c717d,2f52fd6b-751a-417e-8223-833318c4ccaf,aea49b50-348f-446b-9a35-c970ed3e3a8a,2025-01-03,20700.0,1587035.6,expense,NoBroker,Monthly rent payment
b0e559eb-83f5-4379-834a-5ed45cf66c4d,76d20039-a7e2-46e9-aa21-456f910c717d,2f52fd6b-751a-417e-8223-833318c4ccaf,8020f28e-d18c-4677-a747-5497f031a5d2,2025-01-04,27155.19,1559880.41,expense,Lakme Salon,Salon visit
df73c5d7-a6be-4c62-b3c2-7a9c439b2638,76d20039-a7e2-46e9-aa21-456f910c717d,2f52fd6b-751a-417e-8223-833318c4ccaf,06112ebb-b73c-40a0-aaba-87c783f69c60,2025-01-04,28191.48,1531688.93,expense,Music Store,Instrument accessories
0ad66074-7e76-4b51-b747-4de3c1612cf0,76d20039-a7e2-46e9-aa21-456f910c717d,2f52fd6b-751a-417e-8223-833318c4ccaf,3e870dc4-9bcb-4d85-a0ed-817b2217e50b,2025-01-05,102310.32,1429378.61,expense,Bajaj Finance,Consumer loan
f2a485ea-17b2-4070-ac75-98ca1f08d5ea,76d20039-a7e2-46e9-aa21-456f910c717d,2f52fd6b-751a-417e-8223-833318c4ccaf,02b93640-5ea9-4023-9ca5-12aaa253ea5b,2025-01-06,1872.73,1427505.88,expense,BSNL Broadband,Internet bill
43b205a3-f11f-4c75-ad19-c883bbff6982,76d20039-a7e2-46e9-aa21-456f910c717d,2f52fd6b-751a-417e-8223-833318c4ccaf,afb11444-5eb7-49e4-adb0-6e90808b3f69,2025-01-09,99008.96,1328496.92,expense,SBI,Service charge
ed23ab47-3574-498d-8589-d320bf92a8e8,76d20039-a7e2-46e9-aa21-456f910c717d,2f52fd6b-751a-417e-8223-833318c4ccaf,352e3807-c4b8-4f2f-b4a0-11f0a676a889,2025-01-10,710.48,1327786.44,expense,DMart,Supermarket shopping
15dae904-6819-4fed-98c9-ab2500f5f4d7,76d20039-a7e2-46e9-aa21-456f910c717d,2f52fd6b-751a-417e-8223-833318c4ccaf,8020f28e-d18c-4677-a747-5497f031a5d2,2025-01-11,21020.8,1306765.64,expense,Salon,Hair cut and styling
40e2408a-229d-4808-b3a4-0fc3c8a95e87,76d20039-a7e2-46e9-aa21-456f910c717d,2f52fd6b-751a-417e-8223-833318c4ccaf,afb11444-5eb7-49e4-adb0-6e90808b3f69,2025-01-12,12329.93,1294435.71,expense,Bank,ATM charges
f70f66de-8841-443f-9999-8c95141836b6,76d20039-a7e2-46e9-aa21-456f910c717d,2f52fd6b-751a-417e-8223-833318c4ccaf,afb11444-5eb7-49e4-adb0-6e90808b3f69,2025-01-18,65579.63,1228856.08,expense,SBI,Service charge
4705323b-2892-40fb-8449-ca866dba98d8,76d20039-a7e2-46e9-aa21-456f910c717d,2f52fd6b-751a-417e-8223-833318c4ccaf,aa200b24-ef0e-410d-9a5e-5cd5e6eb5584,2025-01-20,6289.07,1222567.01,expense,Electrician,Electrical work
fe2c3d6b-e751-42c0-a015-568563da7c01,76d20039-a7e2-46e9-aa21-456f910c717d,2f52fd6b-751a-417e-8223-833318c4ccaf,44142b8c-0a2a-4f19-9d1f-e4b5898c28b2,2025-01-20,9193.35,1213373.66,expense,Nursery,Plants and soil
50777492-d76a-48b2-affc-8706653b2a8e,76d20039-a7e2-46e9-aa21-456f910c717d,2f52fd6b-751a-417e-8223-833318c4ccaf,afb11444-5eb7-49e4-adb0-6e90808b3f69,2025-01-21,28262.58,1185111.08,expense,Axis Bank,Processing fee
2bef619c-a387-4d82-8901-4994dd97eed8,76d20039-a7e2-46e9-aa21-456f910c717d,2f52fd6b-751a-417e-8223-833318c4ccaf,c7f7365c-5b40-4bbe-8a90-fd79b4fb99be,2025-01-23,35024.5,1150086.58,expense,Housing Society,Maintenance charge
bc62b13c-55c6-4fd4-acb0-36ac7603cf77,76d20039-a7e2-46e9-aa21-456f910c717d,2f52fd6b-751a-417e-8223-833318c4ccaf,d926a624-ee93-4c92-bd0e-202091a8548e,2025-01-24,82850.96,1067235.62,expense,SBI Card,Card payment
c06cd739-1a4c-454c-a8a0-5994c9139dea,76d20039-a7e2-46e9-aa21-456f910c717d,2f52fd6b-751a-417e-8223-833318c4ccaf,3e870dc4-9bcb-4d85-a0ed-817b2217e50b,2025-01-24,47748.95,1019486.67,expense,ICICI Bank,Loan EMI
e5a6ca35-d4c9-4fed-acea-2245d1838253,76d20039-a7e2-46e9-aa21-456f910c717d,2f52fd6b-751a-417e-8223-833318c4ccaf,aa200b24-ef0e-410d-9a5e-5cd5e6eb5584,2025-01-24,46505.67,972981.0,expense,Local Plumber,Plumbing repair
dbcd1dc9-e3b3-4c8a-b1e0-432bd689ed2f,76d20039-a7e2-46e9-aa21-456f910c717d,2f52fd6b-751a-417e-8223-833318c4ccaf,7d54e629-cfd3-42d6-93ed-efbfbbbfa7d6,2025-01-27,61438.19,911542.81,expense,CA Firm,Tax advisory
f0ea7608-adf4-4fca-a6c2-3e3d3fc2b71e,76d20039-a7e2-46e9-aa21-456f910c717d,2f52fd6b-751a-417e-8223-833318c4ccaf,3e870dc4-9bcb-4d85-a0ed-817b2217e50b,2025-01-27,71899.77,839643.04,expense,SBI,Personal loan EMI
c01d18c7-c14c-437a-95ab-8af7dba580cd,76d20039-a7e2-46e9-aa21-456f910c717d,2f52fd6b-751a-417e-8223-833318c4ccaf,d926a624-ee93-4c92-bd0e-202091a8548e,2025-01-29,14735.9,824907.14,expense,Axis Card,Card outstanding
8b73ff3a-942d-47a9-8592-c1da9a872e08,76d20039-a7e2-46e9-aa21-456f910c717d,2f52fd6b-751a-417e-8223-833318c4ccaf,4e6141b4-8b08-4a48-92e3-00a3aed708d1,2025-01-30,1122.85,823784.29,expense,BESCOM,Electricity bill
13988a3c-4b86-4906-b621-e20782cf36a7,76d20039-a7e2-46e9-aa21-456f910c717d,2f52fd6b-751a-417e-8223-833318c4ccaf,96425e71-00ab-44ec-b7a5-b7bc7c419b3c,2025-01-31,4266.05,819518.24,expense,LIC HFL,Mortgage payment
4fefd2ba-d1a3-4ba1-8a60-ba63a5ef3337,76d20039-a7e2-46e9-aa21-456f910c717d,2f52fd6b-751a-417e-8223-833318c4ccaf,eb6cafa9-5129-4c5f-a238-d432e93d5710,2025-02-02,3069.04,816449.2,expense,Toll Plaza,Highway toll
337180bf-2340-466a-b902-4e1ae78f7a8e,76d20039-a7e2-46e9-aa21-456f910c717d,2f52fd6b-751a-417e-8223-833318c4ccaf,aea49b50-348f-446b-9a35-c970ed3e3a8a,2025-02-04,20700.0,795749.2,expense,Housing Society,Monthly rent payment
43948a1e-bb21-46cc-abf3-aa148373c6c5,76d20039-a7e2-46e9-aa21-456f910c717d,2f52fd6b-751a-417e-8223-833318c4ccaf,62bb0c22-62a3-42ba-a471-bae2976e7fe1,2025-02-07,52596.49,743152.71,expense,GST Portal,GST payment
42d42284-1e00-4c02-b39a-99932fdc3a75,76d20039-a7e2-46e9-aa21-456f910c717d,2f52fd6b-751a-417e-8223-833318c4ccaf,4e6141b4-8b08-4a48-92e3-00a3aed708d1,2025-02-08,2087.42,741065.29,expense,Tata Power,Power bill
27ad0b17-247b-40a6-81ac-26fb249456aa,76d20039-a7e2-46e9-aa21-456f910c717d,2f52fd6b-751a-417e-8223-833318c4ccaf,7d54e629-cfd3-42d6-93ed-efbfbbbfa7d6,2025-02-13,84070.23,656995.06,expense,CA Firm,Tax advisory
b267b1d3-743f-4321-80bb-24fca53137b6,76d20039-a7e2-46e9-aa21-456f910c717d,2f52fd6b-751a-417e-8223-833318c4ccaf,eb6cafa9-5129-4c5f-a238-d432e93d5710,2025-02-17,11297.62,645697.44,expense,Parking,Parking charges
0d22fdbf-3a68-495a-b0e6-b6057750ddbb,76d20039-a7e2-46e9-aa21-456f910c717d,2f52fd6b-751a-417e-8223-833318c4ccaf,773ee99e-f4ff-4162-87c7-19387a9ebb97,2025-02-25,722.5,644974.94,expense,Haldiram's,Lunch
16d3b97b-7022-4677-9593-edc5790abd1d,76d20039-a7e2-46e9-aa21-456f910c717d,2f52fd6b-751a-417e-8223-833318c4ccaf,afb11444-5eb7-49e4-adb0-6e90808b3f69,2025-03-02,97813.35,547161.59,expense,Bank,ATM charges
d1fff355-70a4-4d22-ace6-bccc819f0d67,76d20039-a7e2-46e9-aa21-456f910c717d,2f52fd6b-751a-417e-8223-833318c4ccaf,0d3983fc-2dc6-40e8-898b-3e446f9ffcb2,2025-03-03,96973.73,644135.32,income,Employer,Monthly salary credit
120692d9-b80f-43ab-bdc5-aa9a37aa8c81,76d20039-a7e2-46e9-aa21-456f910c717d,2f52fd6b-751a-417e-8223-833318c4ccaf,aea49b50-348f-446b-9a35-c970ed3e3a8a,2025-03-06,20700.0,623435.32,expense,NoBroker,Monthly rent payment
033d51af-a8a3-4080-b708-795094ea1770,76d20039-a7e2-46e9-aa21-456f910c717d,2f52fd6b-751a-417e-8223-833318c4ccaf,3e870dc4-9bcb-4d85-a0ed-817b2217e50b,2025-03-07,28372.68,595062.64,expense,SBI,Personal loan EMI
30aa0e55-56e5-4620-9d5d-410d37e42709,76d20039-a7e2-46e9-aa21-456f910c717d,2f52fd6b-751a-417e-8223-833318c4ccaf,9824533c-e6eb-43ff-b2d1-9724f9f59c75,2025-03-09,55513.17,539549.47,expense,Maid,Maid salary
126d3bf2-58c3-463c-8899-749a54c702a2,76d20039-a7e2-46e9-aa21-456f910c717d,2f52fd6b-751a-417e-8223-833318c4ccaf,2240f66e-6ba1-4bb3-9578-9f6dd6e71363,2025-03-10,689.82,538859.65,expense,Gas Agency,LPG cylinder
b88697cd-9f28-4d25-9d6f-dc17c2edd4c2,76d20039-a7e2-46e9-aa21-456f910c717d,2f52fd6b-751a-417e-8223-833318c4ccaf,c70299e8-74c3-48e3-832d-a15ca45f9d40,2025-03-14,18411.21,520448.44,expense,IndiGo,Flight ticket
8be425a6-6ab8-46e6-9945-3546733453bf,76d20039-a7e2-46e9-aa21-456f910c717d,2f52fd6b-751a-417e-8223-833318c4ccaf,3e870dc4-9bcb-4d85-a0ed-817b2217e50b,2025-03-15,83860.63,436587.81,expense,HDFC Bank,Loan instalment
a52462f3-fecd-40f5-8655-76d2a6aede81,76d20039-a7e2-46e9-aa21-456f910c717d,2f52fd6b-751a-417e-8223-833318c4ccaf,245a1bba-ff69-4f13-bb3d-7fff3c2b30be,2025-03-15,5294.22,431293.59,expense,BBMP Parking,Public parking fee
bd3f3343-268c-4dc5-84ec-8ccfc2b30663,76d20039-a7e2-46e9-aa21-456f910c717d,2f52fd6b-751a-417e-8223-833318c4ccaf,62bb0c22-62a3-42ba-a471-bae2976e7fe1,2025-03-16,89700.4,341593.19,expense,MCA,Filing fee
bdda4ba8-9bb6-4925-b461-0c112665fd30,76d20039-a7e2-46e9-aa21-456f910c717d,2f52fd6b-751a-417e-8223-833318c4ccaf,7b4b3f22-72da-46c4-913d-6c0f0486886f,2025-03-16,2082.31,339510.88,expense,1mg,Healthcare products
a1596f4d-cd57-4374-af6b-d2a906459277,76d20039-a7e2-46e9-aa21-456f910c717d,2f52fd6b-751a-417e-8223-833318c4ccaf,d926a624-ee93-4c92-bd0e-202091a8548e,2025-03-25,40123.83,299387.05,expense,HDFC CC,Credit card bill
a166b3bf-e89b-4020-8129-3d54f041573c,76d20039-a7e2-46e9-aa21-456f910c717d,2f52fd6b-751a-417e-8223-833318c4ccaf,62bb0c22-62a3-42ba-a471-bae2976e7fe1,2025-03-25,77753.6,221633.45,expense,GST Portal,GST payment
a601f3db-f4cb-4df8-a9b8-ed42516204b6,76d20039-a7e2-46e9-aa21-456f910c717d,2f52fd6b-751a-417e-8223-833318c4ccaf,f89d39f0-2919-467d-9eae-73947cd92572,2025-03-25,2000.37,219633.08,expense,McDonald's,Quick meal
f7b16220-5df6-488c-b7fb-1035d2e53c19,76d20039-a7e2-46e9-aa21-456f910c717d,2f52fd6b-751a-417e-8223-833318c4ccaf,ba7b532e-605d-4ad5-b9b6-3155499c93eb,2025-03-27,86124.48,133508.6,expense,ICICI Prudential,Policy premium
96d6780f-9dcb-4f7b-9bf5-82ff55c39f61,76d20039-a7e2-46e9-aa21-456f910c717d,2f52fd6b-751a-417e-8223-833318c4ccaf,f0181f4d-fdb7-49be-a0d8-f49b0b96030c,2025-03-31,2946.65,130561.95,expense,BlueDart,Courier service
b4d00feb-1126-4b01-ba1f-a5911c96b34a,76d20039-a7e2-46e9-aa21-456f910c717d,2f52fd6b-751a-417e-8223-833318c4ccaf,948ffb81-b520-4b5d-99fe-0e30b14ff505,2025-04-01,31469.7,99092.25,expense,Flipkart,Books order
125faedb-86da-417c-8c0c-f58f19fba95c,76d20039-a7e2-46e9-aa21-456f910c717d,2f52fd6b-751a-417e-8223-833318c4ccaf,c1794d38-04bb-436c-a349-b7efa2949d59,2025-04-02,499.0,98593.25,expense,Airtel Broadband,Monthly subscription
6c293522-2cdd-4ea1-92eb-e5439d656bc2,76d20039-a7e2-46e9-aa21-456f910c717d,2f52fd6b-751a-417e-8223-833318c4ccaf,aea49b50-348f-446b-9a35-c970ed3e3a8a,2025-04-03,20700.0,77893.25,expense,Housing Society,Monthly rent payment
743e0bef-a71f-43b1-ad7d-d05eb2207a30,76d20039-a7e2-46e9-aa21-456f910c717d,2f52fd6b-751a-417e-8223-833318c4ccaf,c1794d38-04bb-436c-a349-b7efa2949d59,2025-04-06,199.0,77694.25,expense,Netflix,Monthly subscription
bbf67688-eef9-40b3-a710-688662327b0e,76d20039-a7e2-46e9-aa21-456f910c717d,2f52fd6b-751a-417e-8223-833318c4ccaf,1936a4f4-2484-487e-9de0-bd4773f631e7,2025-04-12,1525.12,76169.13,expense,Vi,Phone bill
0f53f967-ff46-46b3-8eee-a50287cfa944,76d20039-a7e2-46e9-aa21-456f910c717d,2f52fd6b-751a-417e-8223-833318c4ccaf,352e3807-c4b8-4f2f-b4a0-11f0a676a889,2025-04-13,3183.5,72985.63,expense,DMart,Supermarket shopping
e4163437-40cb-4c7a-87a9-12fc8a778a4d,76d20039-a7e2-46e9-aa21-456f910c717d,2f52fd6b-751a-417e-8223-833318c4ccaf,02b93640-5ea9-4023-9ca5-12aaa253ea5b,2025-04-17,2890.49,70095.14,expense,ACT Fibernet,Internet payment
e3973f0e-1876-4376-9054-df20a812a321,76d20039-a7e2-46e9-aa21-456f910c717d,2f52fd6b-751a-417e-8223-833318c4ccaf,ba7b532e-605d-4ad5-b9b6-3155499c93eb,2025-04-28,715.89,69379.25,expense,LIC,Life insurance premium
98d5fd3d-df32-4924-912a-5cd8f3dbc763,76d20039-a7e2-46e9-aa21-456f910c717d,2f52fd6b-751a-417e-8223-833318c4ccaf,afb11444-5eb7-49e4-adb0-6e90808b3f69,2025-04-29,9389.12,59990.13,expense,Kotak Bank,Account charges
501e29d3-ffa9-4cd8-8c28-267b15fa05ba,76d20039-a7e2-46e9-aa21-456f910c717d,2f52fd6b-751a-417e-8223-833318c4ccaf,aea49b50-348f-446b-9a35-c970ed3e3a8a,2025-04-30,24757.87,35232.26,expense,Housing Society,Rent payment
1f2f5dbf-c083-4b37-96b5-14b7dcdb4e53,b9d87ef6-99e6-4028-9035-aa4497d1eb53,319cd8f9-6efb-4df0-ac58-248ba236d732,aea49b50-348f-446b-9a35-c970ed3e3a8a,2025-01-01,7700.0,200156.85,expense,Housing Society,Monthly rent payment
0493905f-fe16-4c11-8a09-1afefabdbaee,b9d87ef6-99e6-4028-9035-aa4497d1eb53,319cd8f9-6efb-4df0-ac58-248ba236d732,0d3983fc-2dc6-40e8-898b-3e446f9ffcb2,2025-01-02,34169.27,234326.12,income,Company,Salary transfer
2c47c1ff-8141-4ee9-93c4-fc15e2892c36,b9d87ef6-99e6-4028-9035-aa4497d1eb53,319cd8f9-6efb-4df0-ac58-248ba236d732,24e016a3-fafe-4519-8295-2f5f87ed7005,2025-01-03,1876.95,232449.17,expense,Blue Tokai,Specialty coffee
15daedac-c167-4657-97e1-1afa9bb95984,b9d87ef6-99e6-4028-9035-aa4497d1eb53,319cd8f9-6efb-4df0-ac58-248ba236d732,c1794d38-04bb-436c-a349-b7efa2949d59,2025-01-04,199.0,232250.17,expense,Netflix,Monthly subscription
9032d957-c875-4f6b-84f5-daea4a01df5c,b9d87ef6-99e6-4028-9035-aa4497d1eb53,319cd8f9-6efb-4df0-ac58-248ba236d732,49b46c39-e438-4284-95c0-8dd9c25bbe33,2025-01-05,1982.87,230267.3,expense,Local Eatery,Food purchase
80ce4d82-56e9-4f5b-a0d0-c974af86c4d3,b9d87ef6-99e6-4028-9035-aa4497d1eb53,319cd8f9-6efb-4df0-ac58-248ba236d732,abe7e3b4-e94a-47f4-bb4c-ee2b5dfb1afb,2025-01-09,1171.99,229095.31,expense,Angel One,Share purchase
ffd3fcad-2865-4e61-aea9-bd57e73c8c90,b9d87ef6-99e6-4028-9035-aa4497d1eb53,319cd8f9-6efb-4df0-ac58-248ba236d732,19a947a7-2996-47c2-bc43-72e18eabee1f,2025-01-14,1187.09,227908.22,expense,Post Office,PPF deposit
abacef0b-571f-4b8d-81c3-175a568116c5,b9d87ef6-99e6-4028-9035-aa4497d1eb53,319cd8f9-6efb-4df0-ac58-248ba236d732,9824533c-e6eb-43ff-b2d1-9724f9f59c75,2025-01-23,2060.05,225848.17,expense,Watchman,Security tip
16054d98-5077-44d8-9a6f-c9b5503b4a46,b9d87ef6-99e6-4028-9035-aa4497d1eb53,319cd8f9-6efb-4df0-ac58-248ba236d732,4e6141b4-8b08-4a48-92e3-00a3aed708d1,2025-01-28,27421.31,198426.86,expense,BESCOM,Electricity bill
fd8d8b41-5c77-4b8a-a17c-d484ef0e7bc6,b9d87ef6-99e6-4028-9035-aa4497d1eb53,319cd8f9-6efb-4df0-ac58-248ba236d732,4e6141b4-8b08-4a48-92e3-00a3aed708d1,2025-01-28,18955.12,179471.74,expense,BESCOM,Electricity bill
4a9b925f-2e4b-4bc3-b418-fb6f75130730,b9d87ef6-99e6-4028-9035-aa4497d1eb53,319cd8f9-6efb-4df0-ac58-248ba236d732,0d3983fc-2dc6-40e8-898b-3e446f9ffcb2,2025-01-31,32780.83,212252.57,income,Payroll,Salary deposit
f5f5fe3b-bcc0-4dda-92bf-89c720aaf252,b9d87ef6-99e6-4028-9035-aa4497d1eb53,319cd8f9-6efb-4df0-ac58-248ba236d732,aea49b50-348f-446b-9a35-c970ed3e3a8a,2025-02-01,7700.0,204552.57,expense,Landlord,Monthly rent payment
0fae995f-ae34-4aac-8042-06b9611e7a25,b9d87ef6-99e6-4028-9035-aa4497d1eb53,319cd8f9-6efb-4df0-ac58-248ba236d732,773ee99e-f4ff-4162-87c7-19387a9ebb97,2025-02-04,1640.46,202912.11,expense,Mainland China,Anniversary dinner
1ed40769-3d84-4ee7-a273-c445a01f4c41,b9d87ef6-99e6-4028-9035-aa4497d1eb53,319cd8f9-6efb-4df0-ac58-248ba236d732,f89d39f0-2919-467d-9eae-73947cd92572,2025-02-05,1863.32,201048.79,expense,Subway,Sandwich
53b4226a-c193-4262-8b5a-a03aad7af2a6,b9d87ef6-99e6-4028-9035-aa4497d1eb53,319cd8f9-6efb-4df0-ac58-248ba236d732,4e6141b4-8b08-4a48-92e3-00a3aed708d1,2025-02-05,1439.13,199609.66,expense,Tata Power,Power bill
b27c047f-7446-4cf8-b324-73f1c43960dd,b9d87ef6-99e6-4028-9035-aa4497d1eb53,319cd8f9-6efb-4df0-ac58-248ba236d732,2240f66e-6ba1-4bb3-9578-9f6dd6e71363,2025-02-05,701.89,198907.77,expense,ACT Fibernet,Internet payment
519ae9be-f7a7-4b0d-bf4b-a0d8d98be464,b9d87ef6-99e6-4028-9035-aa4497d1eb53,319cd8f9-6efb-4df0-ac58-248ba236d732,c1794d38-04bb-436c-a349-b7efa2949d59,2025-02-08,299.0,198608.77,expense,Amazon Prime,Monthly subscription
70070e68-ca03-4f5e-b74b-f74771531ce0,b9d87ef6-99e6-4028-9035-aa4497d1eb53,319cd8f9-6efb-4df0-ac58-248ba236d732,abe7e3b4-e94a-47f4-bb4c-ee2b5dfb1afb,2025-02-08,1216.67,197392.1,expense,HDFC MF,SIP debit
ab9056bc-bb86-462f-87bf-c57821716d89,b9d87ef6-99e6-4028-9035-aa4497d1eb53,319cd8f9-6efb-4df0-ac58-248ba236d732,19a947a7-2996-47c2-bc43-72e18eabee1f,2025-02-11,1177.31,196214.79,expense,HDFC Bank,Fixed deposit
8496b7d8-f922-432b-bf05-8274b40386b0,b9d87ef6-99e6-4028-9035-aa4497d1eb53,319cd8f9-6efb-4df0-ac58-248ba236d732,c1794d38-04bb-436c-a349-b7efa2949d59,2025-02-12,16989.82,179224.97,expense,Amazon Prime,Prime membership
b6e80a95-a144-4853-afdc-7ec75f8f6315,b9d87ef6-99e6-4028-9035-aa4497d1eb53,319cd8f9-6efb-4df0-ac58-248ba236d732,773ee99e-f4ff-4162-87c7-19387a9ebb97,2025-02-15,232.45,178992.52,expense,Punjab Grill,Business dinner
0463ef8d-4240-468b-8db2-41374ca619dd,b9d87ef6-99e6-4028-9035-aa4497d1eb53,319cd8f9-6efb-4df0-ac58-248ba236d732,352e3807-c4b8-4f2f-b4a0-11f0a676a889,2025-02-20,647.74,178344.78,expense,JioMart,Online grocery order
affe5700-6008-4d61-9715-b41380b04150,b9d87ef6-99e6-4028-9035-aa4497d1eb53,319cd8f9-6efb-4df0-ac58-248ba236d732,afb11444-5eb7-49e4-adb0-6e90808b3f69,2025-02-22,34450.73,143894.05,expense,Kotak Bank,Account charges
d3ee6634-443c-4a10-bb8c-386174d52276,b9d87ef6-99e6-4028-9035-aa4497d1eb53,319cd8f9-6efb-4df0-ac58-248ba236d732,1936a4f4-2484-487e-9de0-bd4773f631e7,2025-02-22,409.76,143484.29,expense,Jio,Mobile recharge
7adb0d9a-61d2-47fd-8467-3a849bb7221a,b9d87ef6-99e6-4028-9035-aa4497d1eb53,319cd8f9-6efb-4df0-ac58-248ba236d732,0d3983fc-2dc6-40e8-898b-3e446f9ffcb2,2025-03-02,32722.73,176207.02,income,Company,Salary transfer
8d63c755-866e-42fb-a264-ffb6ef65e9f0,b9d87ef6-99e6-4028-9035-aa4497d1eb53,319cd8f9-6efb-4df0-ac58-248ba236d732,aea49b50-348f-446b-9a35-c970ed3e3a8a,2025-03-03,7700.0,168507.02,expense,Landlord,Monthly rent payment
b7e38c31-fc3f-48bc-ba45-462d1309669c,b9d87ef6-99e6-4028-9035-aa4497d1eb53,319cd8f9-6efb-4df0-ac58-248ba236d732,c1794d38-04bb-436c-a349-b7efa2949d59,2025-03-06,299.0,168208.02,expense,Amazon Prime,Monthly subscription
805ec31c-67e5-4033-bb4e-d970c0ccb62e,b9d87ef6-99e6-4028-9035-aa4497d1eb53,319cd8f9-6efb-4df0-ac58-248ba236d732,abe7e3b4-e94a-47f4-bb4c-ee2b5dfb1afb,2025-03-08,1231.92,166976.1,expense,HDFC MF,SIP debit
e8f3edb7-7560-4989-90e1-a8ae48214549,b9d87ef6-99e6-4028-9035-aa4497d1eb53,319cd8f9-6efb-4df0-ac58-248ba236d732,4e6141b4-8b08-4a48-92e3-00a3aed708d1,2025-03-13,26354.96,140621.14,expense,BESCOM,Electricity bill
eb7b0f89-130b-4b3f-b544-dfc90f9aeafd,b9d87ef6-99e6-4028-9035-aa4497d1eb53,319cd8f9-6efb-4df0-ac58-248ba236d732,baf0d272-8682-41c0-acfb-c78f1f2cd9a1,2025-03-13,8933.5,131687.64,expense,Samsung Store,Mobile accessory
bbdf3760-f8a5-45ca-b0d9-4245b8915159,b9d87ef6-99e6-4028-9035-aa4497d1eb53,319cd8f9-6efb-4df0-ac58-248ba236d732,19a947a7-2996-47c2-bc43-72e18eabee1f,2025-03-14,1164.93,130522.71,expense,Post Office,PPF deposit
f834b0ba-d2c3-4638-8485-7a7080b5743e,b9d87ef6-99e6-4028-9035-aa4497d1eb53,319cd8f9-6efb-4df0-ac58-248ba236d732,f9695d76-897b-4d1d-b699-30bdb8c3bd63,2025-03-18,1800.31,128722.4,expense,Rapido,Bike taxi
8092c62b-bb80-4233-a19a-9e7f060853c8,b9d87ef6-99e6-4028-9035-aa4497d1eb53,319cd8f9-6efb-4df0-ac58-248ba236d732,489f5d0e-1a15-4527-bbe0-a4d15d125f35,2025-03-21,5081.53,123640.87,expense,Local Pet Shop,Pet accessories
3cf940db-091f-4a98-adc9-56e2eb12fc56,b9d87ef6-99e6-4028-9035-aa4497d1eb53,319cd8f9-6efb-4df0-ac58-248ba236d732,68662b1b-9e19-427c-8a6f-0dea71240479,2025-03-24,1535.03,122105.84,expense,Adobe,Software subscription
1cf2d4d5-7cc2-4abb-bde5-8e3576c29c70,b9d87ef6-99e6-4028-9035-aa4497d1eb53,319cd8f9-6efb-4df0-ac58-248ba236d732,c1794d38-04bb-436c-a349-b7efa2949d59,2025-04-02,199.0,121906.84,expense,Netflix,Monthly subscription
88715d35-d1c3-402b-9e2a-97184174a588,b9d87ef6-99e6-4028-9035-aa4497d1eb53,319cd8f9-6efb-4df0-ac58-248ba236d732,24e016a3-fafe-4519-8295-2f5f87ed7005,2025-04-02,2801.4,119105.44,expense,Toit Brewpub,Craft beer
f332e588-e2cf-4f64-94c5-c61d38e8b37d,b9d87ef6-99e6-4028-9035-aa4497d1eb53,319cd8f9-6efb-4df0-ac58-248ba236d732,49b46c39-e438-4284-95c0-8dd9c25bbe33,2025-04-02,2030.09,117075.35,expense,Local Eatery,Food purchase
12144cd6-1528-4e8a-a5bc-34b175a0953b,b9d87ef6-99e6-4028-9035-aa4497d1eb53,319cd8f9-6efb-4df0-ac58-248ba236d732,aea49b50-348f-446b-9a35-c970ed3e3a8a,2025-04-03,7700.0,109375.35,expense,Housing Society,Monthly rent payment
36a3bb39-270e-477b-b16a-7c851ac96884,b9d87ef6-99e6-4028-9035-aa4497d1eb53,319cd8f9-6efb-4df0-ac58-248ba236d732,24e016a3-fafe-4519-8295-2f5f87ed7005,2025-04-03,558.3,108817.05,expense,Toit Brewpub,Craft beer
aff9264b-1d80-4c0d-845f-8175163ceb3a,b9d87ef6-99e6-4028-9035-aa4497d1eb53,319cd8f9-6efb-4df0-ac58-248ba236d732,0d3983fc-2dc6-40e8-898b-3e446f9ffcb2,2025-04-03,33589.81,142406.86,income,Payroll,Salary deposit
11c15d4f-2991-49a9-98ba-7fe8bb2ca782,b9d87ef6-99e6-4028-9035-aa4497d1eb53,319cd8f9-6efb-4df0-ac58-248ba236d732,4e6141b4-8b08-4a48-92e3-00a3aed708d1,2025-04-04,7313.49,135093.37,expense,Adani Electricity,Electricity payment
e5d1f8fa-f33b-4aa8-bc83-9d61aa71d268,b9d87ef6-99e6-4028-9035-aa4497d1eb53,319cd8f9-6efb-4df0-ac58-248ba236d732,abe7e3b4-e94a-47f4-bb4c-ee2b5dfb1afb,2025-04-07,1197.48,133895.89,expense,Angel One,Share purchase
4f1cb2f7-31e6-418d-a324-21bc41a04b76,b9d87ef6-99e6-4028-9035-aa4497d1eb53,319cd8f9-6efb-4df0-ac58-248ba236d732,4e6141b4-8b08-4a48-92e3-00a3aed708d1,2025-04-09,1656.41,132239.48,expense,Adani Electricity,Electricity payment
b6f40f23-90b2-4247-bb52-23beb6d01222,b9d87ef6-99e6-4028-9035-aa4497d1eb53,319cd8f9-6efb-4df0-ac58-248ba236d732,2240f66e-6ba1-4bb3-9578-9f6dd6e71363,2025-04-12,496.09,131743.39,expense,BWSSB,Water bill
eaf0ed09-1f71-4618-bb20-e75e624bdd55,b9d87ef6-99e6-4028-9035-aa4497d1eb53,319cd8f9-6efb-4df0-ac58-248ba236d732,19a947a7-2996-47c2-bc43-72e18eabee1f,2025-04-12,1191.51,130551.88,expense,Post Office,PPF deposit
8b11ec19-5e5a-4614-973e-dcacebaf0982,b9d87ef6-99e6-4028-9035-aa4497d1eb53,319cd8f9-6efb-4df0-ac58-248ba236d732,e1b2d153-cb13-4270-a0d4-ce6ee99867fa,2025-04-25,1291.92,129259.96,expense,Wine Shop,Bottle purchase
2c51f18f-1e7f-48b4-a035-e9808280fea9,b9d87ef6-99e6-4028-9035-aa4497d1eb53,319cd8f9-6efb-4df0-ac58-248ba236d732,2240f66e-6ba1-4bb3-9578-9f6dd6e71363,2025-04-29,25899.67,103360.29,expense,Gas Agency,LPG cylinder
51276fdb-33fa-4c51-89f6-ed4ec9079061,b9d87ef6-99e6-4028-9035-aa4497d1eb53,319cd8f9-6efb-4df0-ac58-248ba236d732,773ee99e-f4ff-4162-87c7-19387a9ebb97,2025-04-30,469.13,102891.16,expense,Barbeque Nation,Dinner with family
9d834436-1c6f-4519-9eb9-8a4c65a7ec48,f98fe819-1be6-4325-972b-a4401aceaed6,3244ee49-0d93-4cb0-bc57-8c334733aa6c,62bb0c22-62a3-42ba-a471-bae2976e7fe1,2025-01-01,62083.79,2766192.82,expense,GST Portal,GST payment
1703113c-548c-44bd-8d0d-02346084b6bf,f98fe819-1be6-4325-972b-a4401aceaed6,3244ee49-0d93-4cb0-bc57-8c334733aa6c,2240f66e-6ba1-4bb3-9578-9f6dd6e71363,2025-01-02,44419.99,2721772.83,expense,Jio Fiber,Internet bill
a70047ce-4b77-4f9f-9b2d-6dc310a4ff3b,f98fe819-1be6-4325-972b-a4401aceaed6,3244ee49-0d93-4cb0-bc57-8c334733aa6c,c1794d38-04bb-436c-a349-b7efa2949d59,2025-01-05,129.0,2721643.83,expense,YouTube Premium,Monthly subscription
7c4d4da6-1708-4cb1-ad13-0cc9f39588fd,f98fe819-1be6-4325-972b-a4401aceaed6,3244ee49-0d93-4cb0-bc57-8c334733aa6c,a9ffe6eb-4506-488f-8aae-77f81d637f71,2025-01-06,8268.25,2713375.58,expense,Westside,Seasonal shopping
62cf9cac-a34c-4aef-957f-b37fa056f695,f98fe819-1be6-4325-972b-a4401aceaed6,3244ee49-0d93-4cb0-bc57-8c334733aa6c,cb9de190-0f74-428e-8625-7eec9fa25043,2025-01-07,16674.74,2696700.84,expense,Housing.com,Property purchase down payment
ba626c61-367a-49c1-a82b-de899c0cb17e,f98fe819-1be6-4325-972b-a4401aceaed6,3244ee49-0d93-4cb0-bc57-8c334733aa6c,f89d39f0-2919-467d-9eae-73947cd92572,2025-01-08,2754.87,2693945.97,expense,Burger King,Burger meal
ebc57486-744c-4fe3-bf01-e6001a0a1536,f98fe819-1be6-4325-972b-a4401aceaed6,3244ee49-0d93-4cb0-bc57-8c334733aa6c,c1794d38-04bb-436c-a349-b7efa2949d59,2025-01-09,299.0,2693646.97,expense,Sony LIV,Monthly subscription
29a03787-8de8-4740-b658-720828205492,f98fe819-1be6-4325-972b-a4401aceaed6,3244ee49-0d93-4cb0-bc57-8c334733aa6c,1936a4f4-2484-487e-9de0-bd4773f631e7,2025-01-10,202.98,2693443.99,expense,BSNL,Mobile bill
7a979148-0f84-4d2a-a181-66c14c39e0f5,f98fe819-1be6-4325-972b-a4401aceaed6,3244ee49-0d93-4cb0-bc57-8c334733aa6c,3e870dc4-9bcb-4d85-a0ed-817b2217e50b,2025-01-11,32979.67,2660464.32,expense,HDFC Bank,Loan instalment
04db34f0-2a69-403d-8c31-ad46e24a7089,f98fe819-1be6-4325-972b-a4401aceaed6,3244ee49-0d93-4cb0-bc57-8c334733aa6c,abe7e3b4-e94a-47f4-bb4c-ee2b5dfb1afb,2025-01-12,16147.28,2644317.04,expense,SBI MF,Systematic investment
cfb2b04d-1653-4ff4-b4fc-6942aa38d70c,f98fe819-1be6-4325-972b-a4401aceaed6,3244ee49-0d93-4cb0-bc57-8c334733aa6c,afb11444-5eb7-49e4-adb0-6e90808b3f69,2025-01-13,85682.08,2558634.96,expense,HDFC Bank,Annual maintenance charge
ef5ed8d0-3d47-43eb-bec4-69bc2812558a,f98fe819-1be6-4325-972b-a4401aceaed6,3244ee49-0d93-4cb0-bc57-8c334733aa6c,55f4b023-f035-432f-8d19-0e1063848ee1,2025-01-13,16700.07,2541934.89,expense,Coin Shop,Collectibles purchase
6d66e586-5d56-489f-8a1d-0beb7cccd279,f98fe819-1be6-4325-972b-a4401aceaed6,3244ee49-0d93-4cb0-bc57-8c334733aa6c,19a947a7-2996-47c2-bc43-72e18eabee1f,2025-01-14,16625.75,2525309.14,expense,NPS,NPS contribution
63928a9c-75cd-4d78-8b64-c339b39d7189,f98fe819-1be6-4325-972b-a4401aceaed6,3244ee49-0d93-4cb0-bc57-8c334733aa6c,3e870dc4-9bcb-4d85-a0ed-817b2217e50b,2025-01-18,84952.87,2440356.27,expense,SBI,Personal loan EMI
be604909-1afe-4173-8632-6b51edfcc141,f98fe819-1be6-4325-972b-a4401aceaed6,3244ee49-0d93-4cb0-bc57-8c334733aa6c,49b46c39-e438-4284-95c0-8dd9c25bbe33,2025-01-19,2468.14,2437888.13,expense,Zomato,Meal delivery
60a2e09e-2181-4ec9-9e3a-570444cb06b1,f98fe819-1be6-4325-972b-a4401aceaed6,3244ee49-0d93-4cb0-bc57-8c334733aa6c,773ee99e-f4ff-4162-87c7-19387a9ebb97,2025-01-21,4810.24,2433077.89,expense,Social,Weekend brunch
9ff76ab2-4b9c-484b-aa6a-81a25270d2b3,f98fe819-1be6-4325-972b-a4401aceaed6,3244ee49-0d93-4cb0-bc57-8c334733aa6c,61655f71-e388-4300-a414-ec44adc7ee3b,2025-01-21,35374.67,2397703.22,expense,Birthday Party,Party expenses
7d5d103e-f337-4578-9c1f-19207ccb00a2,f98fe819-1be6-4325-972b-a4401aceaed6,3244ee49-0d93-4cb0-bc57-8c334733aa6c,8cdb5319-10b2-4cf2-89c8-22fadc1b7858,2025-01-24,106328.21,2291375.01,expense,Municipal Corp,Fine payment
91964ec0-71b6-4600-864a-7e6aeb66f58b,f98fe819-1be6-4325-972b-a4401aceaed6,3244ee49-0d93-4cb0-bc57-8c334733aa6c,4e6141b4-8b08-4a48-92e3-00a3aed708d1,2025-01-25,38826.71,2252548.3,expense,Tata Power,Power bill
623f05f1-e4ad-4dfb-ba55-0e1b7801e179,f98fe819-1be6-4325-972b-a4401aceaed6,3244ee49-0d93-4cb0-bc57-8c334733aa6c,f89d39f0-2919-467d-9eae-73947cd92572,2025-01-27,2473.07,2250075.23,expense,Pizza Hut,Pizza order
0e2b7f8c-72ed-4686-8f55-07c0b681c1da,f98fe819-1be6-4325-972b-a4401aceaed6,3244ee49-0d93-4cb0-bc57-8c334733aa6c,52f50416-8d6b-4f79-aa1e-87189fe727cf,2025-01-29,2324.85,2247750.38,expense,Purplle,Cosmetics
31a764e9-1a03-4591-8216-8014ec82ce5e,f98fe819-1be6-4325-972b-a4401aceaed6,3244ee49-0d93-4cb0-bc57-8c334733aa6c,96425e71-00ab-44ec-b7a5-b7bc7c419b3c,2025-01-29,69948.62,2177801.76,expense,LIC HFL,Mortgage payment
bdd124fd-dc77-435c-8eb6-0c0ec3a27f8c,f98fe819-1be6-4325-972b-a4401aceaed6,3244ee49-0d93-4cb0-bc57-8c334733aa6c,3e870dc4-9bcb-4d85-a0ed-817b2217e50b,2025-01-29,92394.06,2085407.7,expense,HDFC Bank,Loan instalment
b2f31c24-ca2b-4f3d-ab93-7ccf02687f79,f98fe819-1be6-4325-972b-a4401aceaed6,3244ee49-0d93-4cb0-bc57-8c334733aa6c,02b93640-5ea9-4023-9ca5-12aaa253ea5b,2025-01-31,3430.87,2081976.83,expense,ACT Fibernet,Internet payment
c90dde19-9fff-4096-9991-3f13c343410d,f98fe819-1be6-4325-972b-a4401aceaed6,3244ee49-0d93-4cb0-bc57-8c334733aa6c,f89d39f0-2919-467d-9eae-73947cd92572,2025-01-31,2718.16,2079258.67,expense,Subway,Sandwich
9a86e049-708d-4497-8d05-75be1844ad53,f98fe819-1be6-4325-972b-a4401aceaed6,3244ee49-0d93-4cb0-bc57-8c334733aa6c,197c9f3f-79b3-4a17-b0c4-57701d9daa96,2025-02-01,17700.26,2061558.41,expense,Cult.fit,Gym membership
624e03d3-b83d-43d2-a4cc-652d1485499a,f98fe819-1be6-4325-972b-a4401aceaed6,3244ee49-0d93-4cb0-bc57-8c334733aa6c,cb9de190-0f74-428e-8625-7eec9fa25043,2025-02-04,16640.02,2044918.39,expense,HDFC Realty,Property investment
754d1a9b-53a4-452a-9e7a-4af0502f44b0,f98fe819-1be6-4325-972b-a4401aceaed6,3244ee49-0d93-4cb0-bc57-8c334733aa6c,c1794d38-04bb-436c-a349-b7efa2949d59,2025-02-05,12090.32,2032828.07,expense,Netflix,Monthly subscription
14315a43-9d98-49c7-a39d-4b895ece2c38,f98fe819-1be6-4325-972b-a4401aceaed6,3244ee49-0d93-4cb0-bc57-8c334733aa6c,aea49b50-348f-446b-9a35-c970ed3e3a8a,2025-02-06,53897.98,1978930.09,expense,Housing Society,Rent payment
ffa7a7b9-95d9-4351-b3bc-a5a38d3daf01,f98fe819-1be6-4325-972b-a4401aceaed6,3244ee49-0d93-4cb0-bc57-8c334733aa6c,773ee99e-f4ff-4162-87c7-19387a9ebb97,2025-02-07,1559.83,1977370.26,expense,Mainland China,Anniversary dinner
c39eb52a-9d57-4a8d-8670-1de6105c8282,f98fe819-1be6-4325-972b-a4401aceaed6,3244ee49-0d93-4cb0-bc57-8c334733aa6c,ba7b532e-605d-4ad5-b9b6-3155499c93eb,2025-02-08,112279.22,1865091.04,expense,ICICI Prudential,Policy premium
a787b6ab-b32f-49d5-b405-321f3432556b,f98fe819-1be6-4325-972b-a4401aceaed6,3244ee49-0d93-4cb0-bc57-8c334733aa6c,8cdb5319-10b2-4cf2-89c8-22fadc1b7858,2025-02-10,93503.62,1771587.42,expense,Municipal Corp,Fine payment
2af1aa32-eaa3-4c90-9635-ec2f7f5ac0de,f98fe819-1be6-4325-972b-a4401aceaed6,3244ee49-0d93-4cb0-bc57-8c334733aa6c,55f4b023-f035-432f-8d19-0e1063848ee1,2025-02-11,16724.03,1754863.39,expense,Coin Shop,Collectibles purchase
dd2907a4-a0cb-4899-956c-cd05d4df0702,f98fe819-1be6-4325-972b-a4401aceaed6,3244ee49-0d93-4cb0-bc57-8c334733aa6c,abe7e3b4-e94a-47f4-bb4c-ee2b5dfb1afb,2025-02-11,15936.42,1738926.97,expense,Paytm Money,Mutual fund SIP
8595b465-b810-4d03-9eb9-f2d1b6bdd83c,f98fe819-1be6-4325-972b-a4401aceaed6,3244ee49-0d93-4cb0-bc57-8c334733aa6c,19a947a7-2996-47c2-bc43-72e18eabee1f,2025-02-12,16358.79,1722568.18,expense,NPS,NPS contribution
2d04fe0f-f67e-4c5f-92df-2a078f2443c6,f98fe819-1be6-4325-972b-a4401aceaed6,3244ee49-0d93-4cb0-bc57-8c334733aa6c,2240f66e-6ba1-4bb3-9578-9f6dd6e71363,2025-02-23,15677.63,1706890.55,expense,Jio Fiber,Internet bill
c5ff271f-25a9-494a-aa49-a3e1184e0e9a,f98fe819-1be6-4325-972b-a4401aceaed6,3244ee49-0d93-4cb0-bc57-8c334733aa6c,4e6141b4-8b08-4a48-92e3-00a3aed708d1,2025-02-25,32178.97,1674711.58,expense,Adani Electricity,Electricity payment
d55bd7ac-927f-45b4-b919-9440e0a33e55,f98fe819-1be6-4325-972b-a4401aceaed6,3244ee49-0d93-4cb0-bc57-8c334733aa6c,ba7b532e-605d-4ad5-b9b6-3155499c93eb,2025-02-25,102575.92,1572135.66,expense,HDFC Life,Term plan premium
7d93d119-ec1c-45a1-9cb4-ee316fe5ef2f,f98fe819-1be6-4325-972b-a4401aceaed6,3244ee49-0d93-4cb0-bc57-8c334733aa6c,ba7b532e-605d-4ad5-b9b6-3155499c93eb,2025-02-26,75267.76,1496867.9,expense,SBI Life,Insurance payment
3bef2c79-8e26-42ed-ba20-cb73b3329766,f98fe819-1be6-4325-972b-a4401aceaed6,3244ee49-0d93-4cb0-bc57-8c334733aa6c,3e870dc4-9bcb-4d85-a0ed-817b2217e50b,2025-02-27,117836.21,1379031.69,expense,ICICI Bank,Loan EMI
e9f14d38-237f-4c57-87bc-70957bcb2d4e,f98fe819-1be6-4325-972b-a4401aceaed6,3244ee49-0d93-4cb0-bc57-8c334733aa6c,773ee99e-f4ff-4162-87c7-19387a9ebb97,2025-03-02,5188.32,1373843.37,expense,Local Restaurant,Quick lunch
fb66d4b1-c71a-4120-bb0f-19d55feaf930,f98fe819-1be6-4325-972b-a4401aceaed6,3244ee49-0d93-4cb0-bc57-8c334733aa6c,4e6141b4-8b08-4a48-92e3-00a3aed708d1,2025-03-02,28418.8,1345424.57,expense,BSES,Power bill
8af6358d-0cee-4934-929e-1b6a25dfee22,f98fe819-1be6-4325-972b-a4401aceaed6,3244ee49-0d93-4cb0-bc57-8c334733aa6c,cb9de190-0f74-428e-8625-7eec9fa25043,2025-03-07,16707.96,1328716.61,expense,Housing.com,Property purchase down payment
d69bc338-2d24-48b3-ba75-b4b065092082,f98fe819-1be6-4325-972b-a4401aceaed6,3244ee49-0d93-4cb0-bc57-8c334733aa6c,4e6141b4-8b08-4a48-92e3-00a3aed708d1,2025-03-08,2075.31,1326641.3,expense,Tata Power,Power bill
86375b18-0ac2-4766-8a4c-2d794240deb2,f98fe819-1be6-4325-972b-a4401aceaed6,3244ee49-0d93-4cb0-bc57-8c334733aa6c,3a69e27b-2712-47a5-a445-c5d7a978f8c9,2025-03-09,23862.05,1302779.25,expense,Amazon,Stationery order
d8e6f6de-7c90-41d1-acb9-6bfc29cfb6a8,f98fe819-1be6-4325-972b-a4401aceaed6,3244ee49-0d93-4cb0-bc57-8c334733aa6c,c1794d38-04bb-436c-a349-b7efa2949d59,2025-03-09,299.0,1302480.25,expense,Hotstar,Monthly subscription
2e35234a-f218-4698-9007-5dc8c43fc517,f98fe819-1be6-4325-972b-a4401aceaed6,3244ee49-0d93-4cb0-bc57-8c334733aa6c,afb11444-5eb7-49e4-adb0-6e90808b3f69,2025-03-12,3136.09,1299344.16,expense,SBI,Service charge
0cfccd04-40ae-487b-baee-a22028d837de,f98fe819-1be6-4325-972b-a4401aceaed6,3244ee49-0d93-4cb0-bc57-8c334733aa6c,19a947a7-2996-47c2-bc43-72e18eabee1f,2025-03-13,16262.21,1283081.95,expense,Kotak Bank,FD booking
1d6f6716-1f0f-425c-a074-cd8fee4c92be,f98fe819-1be6-4325-972b-a4401aceaed6,3244ee49-0d93-4cb0-bc57-8c334733aa6c,aea49b50-348f-446b-9a35-c970ed3e3a8a,2025-03-14,6015.11,1277066.84,expense,NoBroker,Rent via NoBroker
3de99d58-2074-4097-b420-521f088025db,f98fe819-1be6-4325-972b-a4401aceaed6,3244ee49-0d93-4cb0-bc57-8c334733aa6c,55f4b023-f035-432f-8d19-0e1063848ee1,2025-03-14,15847.94,1261218.9,expense,Art Gallery,Art investment
3e8333f3-a71a-4f8f-b19f-5bd38ab2172a,f98fe819-1be6-4325-972b-a4401aceaed6,3244ee49-0d93-4cb0-bc57-8c334733aa6c,62bb0c22-62a3-42ba-a471-bae2976e7fe1,2025-03-14,116467.97,1144750.93,expense,GST Portal,GST payment
77238260-2242-4841-9d3e-ff0ec0fde7c4,f98fe819-1be6-4325-972b-a4401aceaed6,3244ee49-0d93-4cb0-bc57-8c334733aa6c,60260042-9174-4f85-82fc-aed9fb085bca,2025-03-14,8303.44,1136447.49,expense,Amazon,Accessories order
867d4bfa-704e-4855-bad2-ccef036b342c,f98fe819-1be6-4325-972b-a4401aceaed6,3244ee49-0d93-4cb0-bc57-8c334733aa6c,abe7e3b4-e94a-47f4-bb4c-ee2b5dfb1afb,2025-03-14,16147.1,1120300.39,expense,HDFC MF,SIP debit
811f80e9-4f62-4a2e-813f-7a26777c7301,f98fe819-1be6-4325-972b-a4401aceaed6,3244ee49-0d93-4cb0-bc57-8c334733aa6c,d926a624-ee93-4c92-bd0e-202091a8548e,2025-03-17,103440.12,1016860.27,expense,Axis Card,Card outstanding
c0f981ef-3ff6-4f0b-b41f-ad57b66bf5d8,f98fe819-1be6-4325-972b-a4401aceaed6,3244ee49-0d93-4cb0-bc57-8c334733aa6c,2240f66e-6ba1-4bb3-9578-9f6dd6e71363,2025-03-22,46211.24,970649.03,expense,Gas Agency,LPG cylinder
348db0ae-a24a-4788-95a8-cf295668aa57,f98fe819-1be6-4325-972b-a4401aceaed6,3244ee49-0d93-4cb0-bc57-8c334733aa6c,4e6141b4-8b08-4a48-92e3-00a3aed708d1,2025-03-23,56615.65,914033.38,expense,BSES,Power bill
48ddbcaa-99de-4fcd-82f2-bc2174dc7100,f98fe819-1be6-4325-972b-a4401aceaed6,3244ee49-0d93-4cb0-bc57-8c334733aa6c,43dc3332-707c-42c3-b0d9-0f067489a82d,2025-03-23,15717.08,898316.3,expense,HPCL,Petrol pump
7a1fe92e-ea7c-4228-9e18-127369152063,f98fe819-1be6-4325-972b-a4401aceaed6,3244ee49-0d93-4cb0-bc57-8c334733aa6c,773ee99e-f4ff-4162-87c7-19387a9ebb97,2025-03-25,2950.0,895366.3,expense,Haldiram's,Lunch
fa53e7f2-512b-4f66-8df3-9d61d984e264,f98fe819-1be6-4325-972b-a4401aceaed6,3244ee49-0d93-4cb0-bc57-8c334733aa6c,4e6141b4-8b08-4a48-92e3-00a3aed708d1,2025-03-26,15650.91,879715.39,expense,BSES,Power bill
6c856027-1727-4e65-a24f-bda838d8ca9e,f98fe819-1be6-4325-972b-a4401aceaed6,3244ee49-0d93-4cb0-bc57-8c334733aa6c,1936a4f4-2484-487e-9de0-bd4773f631e7,2025-03-29,3197.5,876517.89,expense,Airtel,Postpaid bill
cb827878-6fe4-4562-9a92-6229868b10d1,f98fe819-1be6-4325-972b-a4401aceaed6,3244ee49-0d93-4cb0-bc57-8c334733aa6c,24e016a3-fafe-4519-8295-2f5f87ed7005,2025-03-30,4207.2,872310.69,expense,Toit Brewpub,Craft beer
2d9a82ee-37fd-4140-bc65-b899ccd7428c,f98fe819-1be6-4325-972b-a4401aceaed6,3244ee49-0d93-4cb0-bc57-8c334733aa6c,96425e71-00ab-44ec-b7a5-b7bc7c419b3c,2025-03-31,67361.13,804949.56,expense,Axis Bank,Home loan EMI
2f7150e7-e7c1-46fb-8929-5bcbef22eba6,f98fe819-1be6-4325-972b-a4401aceaed6,3244ee49-0d93-4cb0-bc57-8c334733aa6c,1936a4f4-2484-487e-9de0-bd4773f631e7,2025-04-04,874.33,804075.23,expense,BSNL,Mobile bill
f33d7633-8371-4b63-88b5-4183d754c42d,f98fe819-1be6-4325-972b-a4401aceaed6,3244ee49-0d93-4cb0-bc57-8c334733aa6c,a9ffe6eb-4506-488f-8aae-77f81d637f71,2025-04-04,11659.29,792415.94,expense,FabIndia,Ethnic wear
4a15ec5b-4179-4963-adc4-4614f445fb2c,f98fe819-1be6-4325-972b-a4401aceaed6,3244ee49-0d93-4cb0-bc57-8c334733aa6c,cb9de190-0f74-428e-8625-7eec9fa25043,2025-04-06,16609.19,775806.75,expense,Housing.com,Property purchase down payment
a72e64fa-ecfd-4bdb-a9ac-621ef26571ed,f98fe819-1be6-4325-972b-a4401aceaed6,3244ee49-0d93-4cb0-bc57-8c334733aa6c,c1794d38-04bb-436c-a349-b7efa2949d59,2025-04-07,299.0,775507.75,expense,Amazon Prime,Monthly subscription
75b5f8e6-9a84-44eb-a7c2-260ea46b0a69,f98fe819-1be6-4325-972b-a4401aceaed6,3244ee49-0d93-4cb0-bc57-8c334733aa6c,d926a624-ee93-4c92-bd0e-202091a8548e,2025-04-08,92402.88,683104.87,expense,Axis Card,Card outstanding
4a7162cb-77b4-4ea8-b572-02110030bd36,f98fe819-1be6-4325-972b-a4401aceaed6,3244ee49-0d93-4cb0-bc57-8c334733aa6c,19a947a7-2996-47c2-bc43-72e18eabee1f,2025-04-12,16476.02,666628.85,expense,HDFC Bank,Fixed deposit
78c410ad-c4aa-4d74-bc66-6c15e4585e7b,f98fe819-1be6-4325-972b-a4401aceaed6,3244ee49-0d93-4cb0-bc57-8c334733aa6c,abe7e3b4-e94a-47f4-bb4c-ee2b5dfb1afb,2025-04-12,16399.38,650229.47,expense,HDFC MF,SIP debit
9a5e1f89-baf1-4d9b-a5d8-f9c2952f509f,f98fe819-1be6-4325-972b-a4401aceaed6,3244ee49-0d93-4cb0-bc57-8c334733aa6c,55f4b023-f035-432f-8d19-0e1063848ee1,2025-04-13,15819.99,634409.48,expense,Coin Shop,Collectibles purchase
022f325f-4fe3-41c9-830c-6cbef4cb69fa,f98fe819-1be6-4325-972b-a4401aceaed6,3244ee49-0d93-4cb0-bc57-8c334733aa6c,afb11444-5eb7-49e4-adb0-6e90808b3f69,2025-04-14,81493.75,552915.73,expense,Bank,ATM charges
a4d6f12c-73d8-41b3-aee5-14fd080b7d16,f98fe819-1be6-4325-972b-a4401aceaed6,3244ee49-0d93-4cb0-bc57-8c334733aa6c,2240f66e-6ba1-4bb3-9578-9f6dd6e71363,2025-04-15,856.05,552059.68,expense,BWSSB,Water bill
ebe0cdcf-23ec-4619-ade0-3c6c9c8edb34,f98fe819-1be6-4325-972b-a4401aceaed6,3244ee49-0d93-4cb0-bc57-8c334733aa6c,afb11444-5eb7-49e4-adb0-6e90808b3f69,2025-04-16,7042.88,545016.8,expense,SBI,Service charge
059d4083-4083-404a-9846-818d7775e0ca,f98fe819-1be6-4325-972b-a4401aceaed6,3244ee49-0d93-4cb0-bc57-8c334733aa6c,3e870dc4-9bcb-4d85-a0ed-817b2217e50b,2025-04-17,15396.99,529619.81,expense,SBI,Personal loan EMI
b0516db5-7ff5-4d21-a71a-3d72c98984b2,f98fe819-1be6-4325-972b-a4401aceaed6,3244ee49-0d93-4cb0-bc57-8c334733aa6c,352e3807-c4b8-4f2f-b4a0-11f0a676a889,2025-04-18,3494.56,526125.25,expense,Zepto,Quick grocery delivery
6ece2aac-1bc3-4d18-9392-e1d94923e773,f98fe819-1be6-4325-972b-a4401aceaed6,3244ee49-0d93-4cb0-bc57-8c334733aa6c,7d54e629-cfd3-42d6-93ed-efbfbbbfa7d6,2025-04-19,63319.14,462806.11,expense,Financial Advisor,Advisory fee
c36b1b8f-2a15-4f11-be40-52b22c1deae3,f98fe819-1be6-4325-972b-a4401aceaed6,3244ee49-0d93-4cb0-bc57-8c334733aa6c,7d54e629-cfd3-42d6-93ed-efbfbbbfa7d6,2025-04-19,61997.59,400808.52,expense,Financial Advisor,Advisory fee
b369370c-5d41-448b-a634-7bc559fb59df,f98fe819-1be6-4325-972b-a4401aceaed6,3244ee49-0d93-4cb0-bc57-8c334733aa6c,f9695d76-897b-4d1d-b699-30bdb8c3bd63,2025-04-20,27120.85,373687.67,expense,InDrive,Cab booking
5d796566-6e50-4c89-a3b8-6ea8cc05d299,f98fe819-1be6-4325-972b-a4401aceaed6,3244ee49-0d93-4cb0-bc57-8c334733aa6c,f89d39f0-2919-467d-9eae-73947cd92572,2025-04-22,5441.45,368246.22,expense,Domino's,Pizza delivery
90fa860d-bc05-4f07-9943-2f5604a8d2e9,f98fe819-1be6-4325-972b-a4401aceaed6,3244ee49-0d93-4cb0-bc57-8c334733aa6c,52f50416-8d6b-4f79-aa1e-87189fe727cf,2025-04-23,6636.67,361609.55,expense,Mamaearth,Skincare
c50e8a9e-5093-4376-aa91-3de2760f8084,f98fe819-1be6-4325-972b-a4401aceaed6,3244ee49-0d93-4cb0-bc57-8c334733aa6c,4e6141b4-8b08-4a48-92e3-00a3aed708d1,2025-04-29,29734.43,331875.12,expense,BESCOM,Electricity bill
75b0f64f-eb67-4e27-bfe0-107d1492576b,3fda265f-68c3-4ce0-9553-1ba65baa4d75,35f03a2b-9e24-4f28-a87a-4e3f9a520e93,aa200b24-ef0e-410d-9a5e-5cd5e6eb5584,2025-01-02,23606.33,2713757.72,expense,UrbanClap,Home service
febeb8a3-b330-466e-9704-5f5fcec3932f,3fda265f-68c3-4ce0-9553-1ba65baa4d75,35f03a2b-9e24-4f28-a87a-4e3f9a520e93,773ee99e-f4ff-4162-87c7-19387a9ebb97,2025-01-03,1165.75,2712591.97,expense,Punjab Grill,Business dinner
3225b131-4e9d-43e8-b707-9eea111f9bd0,3fda265f-68c3-4ce0-9553-1ba65baa4d75,35f03a2b-9e24-4f28-a87a-4e3f9a520e93,62bb0c22-62a3-42ba-a471-bae2976e7fe1,2025-01-04,81473.99,2631117.98,expense,MCA,Filing fee
b4666545-fac1-40d6-82c1-5f3bbfe9fa1f,3fda265f-68c3-4ce0-9553-1ba65baa4d75,35f03a2b-9e24-4f28-a87a-4e3f9a520e93,9824533c-e6eb-43ff-b2d1-9724f9f59c75,2025-01-04,7930.75,2623187.23,expense,Cook,Cook wages
2713eb94-9b46-4e28-b47c-fa221adbfd8c,3fda265f-68c3-4ce0-9553-1ba65baa4d75,35f03a2b-9e24-4f28-a87a-4e3f9a520e93,773ee99e-f4ff-4162-87c7-19387a9ebb97,2025-01-05,349.24,2622837.99,expense,Social,Weekend brunch
6165083c-29ff-4a88-ac31-4bcafc2a9bda,3fda265f-68c3-4ce0-9553-1ba65baa4d75,35f03a2b-9e24-4f28-a87a-4e3f9a520e93,cb9de190-0f74-428e-8625-7eec9fa25043,2025-01-05,9715.95,2613122.04,expense,Real Estate,Property investment
7d38a661-ac89-4c3a-879d-62c8c0d60799,3fda265f-68c3-4ce0-9553-1ba65baa4d75,35f03a2b-9e24-4f28-a87a-4e3f9a520e93,4e6141b4-8b08-4a48-92e3-00a3aed708d1,2025-01-06,1210.52,2611911.52,expense,BESCOM,Electricity bill
743b25e7-624e-40d9-801a-4630c5bee490,3fda265f-68c3-4ce0-9553-1ba65baa4d75,35f03a2b-9e24-4f28-a87a-4e3f9a520e93,2240f66e-6ba1-4bb3-9578-9f6dd6e71363,2025-01-07,348.17,2611563.35,expense,Gas Agency,LPG cylinder
09c80ea9-b0d1-439a-afc2-86409cb68302,3fda265f-68c3-4ce0-9553-1ba65baa4d75,35f03a2b-9e24-4f28-a87a-4e3f9a520e93,abe7e3b4-e94a-47f4-bb4c-ee2b5dfb1afb,2025-01-09,9676.41,2601886.94,expense,HDFC MF,SIP debit
2c0a669f-a51a-4da1-8599-ab929d45329a,3fda265f-68c3-4ce0-9553-1ba65baa4d75,35f03a2b-9e24-4f28-a87a-4e3f9a520e93,55f4b023-f035-432f-8d19-0e1063848ee1,2025-01-09,9322.98,2592563.96,expense,Coin Shop,Collectibles purchase
a8de4c65-791f-4eef-83aa-f6976e6ffa58,3fda265f-68c3-4ce0-9553-1ba65baa4d75,35f03a2b-9e24-4f28-a87a-4e3f9a520e93,1936a4f4-2484-487e-9de0-bd4773f631e7,2025-01-10,275.61,2592288.35,expense,Airtel,Postpaid bill
15cf41b0-4f1f-4f52-ae2e-07f152b24c0c,3fda265f-68c3-4ce0-9553-1ba65baa4d75,35f03a2b-9e24-4f28-a87a-4e3f9a520e93,f9695d76-897b-4d1d-b699-30bdb8c3bd63,2025-01-12,30748.31,2561540.04,expense,Auto,Auto fare
e57f1ce1-5277-47ed-8814-3a55af198c19,3fda265f-68c3-4ce0-9553-1ba65baa4d75,35f03a2b-9e24-4f28-a87a-4e3f9a520e93,02b93640-5ea9-4023-9ca5-12aaa253ea5b,2025-01-12,3314.78,2558225.26,expense,BSNL Broadband,Internet bill
7b8b1451-9525-4f4b-8788-9c7250eb64d9,3fda265f-68c3-4ce0-9553-1ba65baa4d75,35f03a2b-9e24-4f28-a87a-4e3f9a520e93,24e016a3-fafe-4519-8295-2f5f87ed7005,2025-01-14,4270.42,2553954.84,expense,Blue Tokai,Specialty coffee
a44a652a-be21-42a8-8db8-f436422d9a21,3fda265f-68c3-4ce0-9553-1ba65baa4d75,35f03a2b-9e24-4f28-a87a-4e3f9a520e93,aea49b50-348f-446b-9a35-c970ed3e3a8a,2025-01-14,37309.37,2516645.47,expense,NoBroker,Rent via NoBroker
a543d092-d362-4a74-ad93-3e22b76da359,3fda265f-68c3-4ce0-9553-1ba65baa4d75,35f03a2b-9e24-4f28-a87a-4e3f9a520e93,3e870dc4-9bcb-4d85-a0ed-817b2217e50b,2025-01-23,110691.06,2405954.41,expense,SBI,Personal loan EMI
01b44998-cd34-4a23-97e0-70ddc012cf78,3fda265f-68c3-4ce0-9553-1ba65baa4d75,35f03a2b-9e24-4f28-a87a-4e3f9a520e93,8cdb5319-10b2-4cf2-89c8-22fadc1b7858,2025-01-24,5503.79,2400450.62,expense,Municipal Corp,Fine payment
c47a1956-c216-447f-834a-c239243632e4,3fda265f-68c3-4ce0-9553-1ba65baa4d75,35f03a2b-9e24-4f28-a87a-4e3f9a520e93,489f5d0e-1a15-4527-bbe0-a4d15d125f35,2025-01-29,3653.48,2396797.14,expense,Amazon,Pet food order
f0208303-6dfe-44f2-b5f8-4abefd5ac035,3fda265f-68c3-4ce0-9553-1ba65baa4d75,35f03a2b-9e24-4f28-a87a-4e3f9a520e93,8020f28e-d18c-4677-a747-5497f031a5d2,2025-01-31,6973.55,2389823.59,expense,Nykaa,Beauty products
33c9d322-2388-4f80-8d66-824cd8feb416,3fda265f-68c3-4ce0-9553-1ba65baa4d75,35f03a2b-9e24-4f28-a87a-4e3f9a520e93,99b34d50-a760-4c27-b2ff-1bf9e6cbe779,2025-02-03,71478.74,2318344.85,expense,HDFC CC,Credit card bill
3684bdc5-b528-48c4-b1a7-00b64fc51cc4,3fda265f-68c3-4ce0-9553-1ba65baa4d75,35f03a2b-9e24-4f28-a87a-4e3f9a520e93,8cdb5319-10b2-4cf2-89c8-22fadc1b7858,2025-02-03,61810.18,2256534.67,expense,BBMP,Penalty
b5c807ad-472d-4b4b-a074-922fbd5344bb,3fda265f-68c3-4ce0-9553-1ba65baa4d75,35f03a2b-9e24-4f28-a87a-4e3f9a520e93,352e3807-c4b8-4f2f-b4a0-11f0a676a889,2025-02-05,4579.07,2251955.6,expense,Reliance Fresh,Fresh produce & vegetables
202c7950-a1f8-42cd-83d3-2c15c78fa48f,3fda265f-68c3-4ce0-9553-1ba65baa4d75,35f03a2b-9e24-4f28-a87a-4e3f9a520e93,cb9de190-0f74-428e-8625-7eec9fa25043,2025-02-06,9478.25,2242477.35,expense,HDFC Realty,Property investment
a5906595-2c32-4f20-a987-8de7a5aa1736,3fda265f-68c3-4ce0-9553-1ba65baa4d75,35f03a2b-9e24-4f28-a87a-4e3f9a520e93,c1794d38-04bb-436c-a349-b7efa2949d59,2025-02-06,299.0,2242178.35,expense,Hotstar,Monthly subscription
0994106e-ed0f-4cb6-93c1-38bede2eaea6,3fda265f-68c3-4ce0-9553-1ba65baa4d75,35f03a2b-9e24-4f28-a87a-4e3f9a520e93,4349d060-5a14-49ee-8130-067e37e5c987,2025-02-07,24830.38,2217347.97,expense,Drivezy,Vehicle rental
21d3bf1b-143d-400f-b03e-dc7ead25c374,3fda265f-68c3-4ce0-9553-1ba65baa4d75,35f03a2b-9e24-4f28-a87a-4e3f9a520e93,1936a4f4-2484-487e-9de0-bd4773f631e7,2025-02-07,465.91,2216882.06,expense,Vi,Phone bill
a4d25782-1f50-4b68-8022-a1fbe1b09457,3fda265f-68c3-4ce0-9553-1ba65baa4d75,35f03a2b-9e24-4f28-a87a-4e3f9a520e93,2240f66e-6ba1-4bb3-9578-9f6dd6e71363,2025-02-07,701.17,2216180.89,expense,ACT Fibernet,Internet payment
ae280090-9815-4e82-8f48-846701ba515a,3fda265f-68c3-4ce0-9553-1ba65baa4d75,35f03a2b-9e24-4f28-a87a-4e3f9a520e93,55f4b023-f035-432f-8d19-0e1063848ee1,2025-02-07,9436.24,2206744.65,expense,Antique Store,Collection investment
dde30146-8ee0-43d3-a0e5-1f89c210cd02,3fda265f-68c3-4ce0-9553-1ba65baa4d75,35f03a2b-9e24-4f28-a87a-4e3f9a520e93,abe7e3b4-e94a-47f4-bb4c-ee2b5dfb1afb,2025-02-07,9828.34,2196916.31,expense,Zerodha,Stock purchase
3a84d485-48f8-4fcd-be0c-2f78dba823b5,3fda265f-68c3-4ce0-9553-1ba65baa4d75,35f03a2b-9e24-4f28-a87a-4e3f9a520e93,3e870dc4-9bcb-4d85-a0ed-817b2217e50b,2025-02-08,82260.95,2114655.36,expense,Bajaj Finance,Consumer loan
51fcf4e3-408d-4984-af00-ba4c1b95016f,3fda265f-68c3-4ce0-9553-1ba65baa4d75,35f03a2b-9e24-4f28-a87a-4e3f9a520e93,c1794d38-04bb-436c-a349-b7efa2949d59,2025-02-09,499.0,2114156.36,expense,Airtel Broadband,Monthly subscription
dd09dd39-d5e3-49cb-8388-598492de0a98,3fda265f-68c3-4ce0-9553-1ba65baa4d75,35f03a2b-9e24-4f28-a87a-4e3f9a520e93,1936a4f4-2484-487e-9de0-bd4773f631e7,2025-02-11,3214.09,2110942.27,expense,BSNL,Mobile bill
d3127d47-3ff8-4d16-a69c-645344defba9,3fda265f-68c3-4ce0-9553-1ba65baa4d75,35f03a2b-9e24-4f28-a87a-4e3f9a520e93,7d54e629-cfd3-42d6-93ed-efbfbbbfa7d6,2025-02-14,7215.19,2103727.08,expense,Legal Services,Legal consultation
1f3b6a97-7d9c-4775-803d-ea5d90436f75,3fda265f-68c3-4ce0-9553-1ba65baa4d75,35f03a2b-9e24-4f28-a87a-4e3f9a520e93,ba7b532e-605d-4ad5-b9b6-3155499c93eb,2025-02-15,1342.15,2102384.93,expense,ICICI Prudential,Policy premium
1cd8abb3-c81a-4bf9-bd47-f5b2a2f9fce8,3fda265f-68c3-4ce0-9553-1ba65baa4d75,35f03a2b-9e24-4f28-a87a-4e3f9a520e93,a9ffe6eb-4506-488f-8aae-77f81d637f71,2025-02-20,10710.27,2091674.66,expense,Zara,Apparel
491f4b42-804a-4fe7-b565-93e150c85bfc,3fda265f-68c3-4ce0-9553-1ba65baa4d75,35f03a2b-9e24-4f28-a87a-4e3f9a520e93,96425e71-00ab-44ec-b7a5-b7bc7c419b3c,2025-02-20,30699.05,2060975.61,expense,Axis Bank,Home loan EMI
1f5b3d36-5f8e-43c7-9ec7-713b17fb5f1b,3fda265f-68c3-4ce0-9553-1ba65baa4d75,35f03a2b-9e24-4f28-a87a-4e3f9a520e93,a9ffe6eb-4506-488f-8aae-77f81d637f71,2025-02-22,5503.84,2055471.77,expense,Zara,Apparel
a2f718b5-4a20-4c45-8496-358f860cfc64,3fda265f-68c3-4ce0-9553-1ba65baa4d75,35f03a2b-9e24-4f28-a87a-4e3f9a520e93,96425e71-00ab-44ec-b7a5-b7bc7c419b3c,2025-02-26,57650.7,1997821.07,expense,LIC HFL,Mortgage payment
72e67249-fa96-4bc8-9737-9ac3b52e8718,3fda265f-68c3-4ce0-9553-1ba65baa4d75,35f03a2b-9e24-4f28-a87a-4e3f9a520e93,43dc3332-707c-42c3-b0d9-0f067489a82d,2025-02-28,13249.43,1984571.64,expense,HP Petrol,Diesel refill
bc44eb68-cb5d-4d62-bcba-7f6cbf76d345,3fda265f-68c3-4ce0-9553-1ba65baa4d75,35f03a2b-9e24-4f28-a87a-4e3f9a520e93,2240f66e-6ba1-4bb3-9578-9f6dd6e71363,2025-03-03,26536.27,1958035.37,expense,BWSSB,Water bill
1cb44567-4700-421d-a161-fc8a45cc4f92,3fda265f-68c3-4ce0-9553-1ba65baa4d75,35f03a2b-9e24-4f28-a87a-4e3f9a520e93,c1794d38-04bb-436c-a349-b7efa2949d59,2025-03-05,499.0,1957536.37,expense,Airtel Broadband,Monthly subscription
69f036b9-29e5-4789-9553-afb0c764c6c9,3fda265f-68c3-4ce0-9553-1ba65baa4d75,35f03a2b-9e24-4f28-a87a-4e3f9a520e93,d926a624-ee93-4c92-bd0e-202091a8548e,2025-03-06,24242.43,1933293.94,expense,HDFC CC,Credit card bill
bc33eb1c-49ad-432b-81cc-4d1e855abd04,3fda265f-68c3-4ce0-9553-1ba65baa4d75,35f03a2b-9e24-4f28-a87a-4e3f9a520e93,cb9de190-0f74-428e-8625-7eec9fa25043,2025-03-07,9744.93,1923549.01,expense,Real Estate,Property investment
cb18a043-1523-46c8-b08f-2de2fa3f90f9,3fda265f-68c3-4ce0-9553-1ba65baa4d75,35f03a2b-9e24-4f28-a87a-4e3f9a520e93,96425e71-00ab-44ec-b7a5-b7bc7c419b3c,2025-03-07,53615.92,1869933.09,expense,LIC HFL,Mortgage payment
617710c8-d8df-4bb9-ac65-4b75fadf8b86,3fda265f-68c3-4ce0-9553-1ba65baa4d75,35f03a2b-9e24-4f28-a87a-4e3f9a520e93,f0181f4d-fdb7-49be-a0d8-f49b0b96030c,2025-03-08,588.43,1869344.66,expense,BlueDart,Courier service
992f03e7-9261-4d5a-890d-cc63a8c20570,3fda265f-68c3-4ce0-9553-1ba65baa4d75,35f03a2b-9e24-4f28-a87a-4e3f9a520e93,9824533c-e6eb-43ff-b2d1-9724f9f59c75,2025-03-08,53041.94,1816302.72,expense,Cook,Cook wages
a191c619-7556-4e59-bc23-3117518bafcb,3fda265f-68c3-4ce0-9553-1ba65baa4d75,35f03a2b-9e24-4f28-a87a-4e3f9a520e93,ba7b532e-605d-4ad5-b9b6-3155499c93eb,2025-03-08,108840.56,1707462.16,expense,SBI Life,Insurance payment
bc4900cf-dc5f-4fde-a4b5-6c731d3feaa5,3fda265f-68c3-4ce0-9553-1ba65baa4d75,35f03a2b-9e24-4f28-a87a-4e3f9a520e93,55f4b023-f035-432f-8d19-0e1063848ee1,2025-03-08,9670.25,1697791.91,expense,Art Gallery,Art investment
445d026d-e205-4170-a957-d98ab3133e91,3fda265f-68c3-4ce0-9553-1ba65baa4d75,35f03a2b-9e24-4f28-a87a-4e3f9a520e93,afb11444-5eb7-49e4-adb0-6e90808b3f69,2025-03-09,72230.02,1625561.89,expense,HDFC Bank,Annual maintenance charge
2b012b7b-7cbd-4e5b-945d-dac8430bacaa,3fda265f-68c3-4ce0-9553-1ba65baa4d75,35f03a2b-9e24-4f28-a87a-4e3f9a520e93,62bb0c22-62a3-42ba-a471-bae2976e7fe1,2025-03-10,76146.71,1549415.18,expense,GST Portal,GST payment
663a55c8-fe5c-418e-a318-35ba2dcdc042,3fda265f-68c3-4ce0-9553-1ba65baa4d75,35f03a2b-9e24-4f28-a87a-4e3f9a520e93,ba0f6da6-4496-4265-b6e2-c69a3d91b7c4,2025-03-10,20583.25,1528831.93,expense,ICICI Lombard,Motor insurance
668c2d89-fa6e-4638-b487-972f5e9f3ced,3fda265f-68c3-4ce0-9553-1ba65baa4d75,35f03a2b-9e24-4f28-a87a-4e3f9a520e93,abe7e3b4-e94a-47f4-bb4c-ee2b5dfb1afb,2025-03-10,9481.09,1519350.84,expense,SBI MF,Systematic investment
c8fe119d-bf08-402b-ad8a-a1add4c53462,3fda265f-68c3-4ce0-9553-1ba65baa4d75,35f03a2b-9e24-4f28-a87a-4e3f9a520e93,f9695d76-897b-4d1d-b699-30bdb8c3bd63,2025-03-10,6018.31,1513332.53,expense,InDrive,Cab booking
478d5e84-c013-4106-b406-6488634a9380,3fda265f-68c3-4ce0-9553-1ba65baa4d75,35f03a2b-9e24-4f28-a87a-4e3f9a520e93,197c9f3f-79b3-4a17-b0c4-57701d9daa96,2025-03-12,26437.48,1486895.05,expense,Yoga Studio,Yoga classes
da2cf316-10ca-4232-9040-f7d5810deacd,3fda265f-68c3-4ce0-9553-1ba65baa4d75,35f03a2b-9e24-4f28-a87a-4e3f9a520e93,c1794d38-04bb-436c-a349-b7efa2949d59,2025-03-12,299.0,1486596.05,expense,Hotstar,Monthly subscription
df13efa0-3761-42d4-bc4f-1dd75d02d880,3fda265f-68c3-4ce0-9553-1ba65baa4d75,35f03a2b-9e24-4f28-a87a-4e3f9a520e93,aa200b24-ef0e-410d-9a5e-5cd5e6eb5584,2025-03-13,69438.68,1417157.37,expense,UrbanClap,Home service
5a23d11e-cc90-4319-a537-4b8adf2f73a5,3fda265f-68c3-4ce0-9553-1ba65baa4d75,35f03a2b-9e24-4f28-a87a-4e3f9a520e93,94943a15-5000-4909-864f-c229ccc559c2,2025-03-15,8085.84,1409071.53,expense,Urban Ladder,Home decor
87a5ca3f-0a4d-44ae-a47c-e3f3860186b4,3fda265f-68c3-4ce0-9553-1ba65baa4d75,35f03a2b-9e24-4f28-a87a-4e3f9a520e93,4e6141b4-8b08-4a48-92e3-00a3aed708d1,2025-03-15,56144.43,1352927.1,expense,Tata Power,Power bill
0326240a-aa56-4a2c-aa87-979f548eab07,3fda265f-68c3-4ce0-9553-1ba65baa4d75,35f03a2b-9e24-4f28-a87a-4e3f9a520e93,3e870dc4-9bcb-4d85-a0ed-817b2217e50b,2025-03-16,95159.79,1257767.31,expense,Axis Bank,Loan repayment
a667c823-d75e-40ba-b817-af0e9343bdb0,3fda265f-68c3-4ce0-9553-1ba65baa4d75,35f03a2b-9e24-4f28-a87a-4e3f9a520e93,820faeca-f72b-4444-b3ed-cc4b2457b6fa,2025-03-16,21087.97,1236679.34,expense,Flipkart,Online purchase
6bb2b35a-0f8b-4c6a-959a-38b03c049cd9,3fda265f-68c3-4ce0-9553-1ba65baa4d75,35f03a2b-9e24-4f28-a87a-4e3f9a520e93,4e6141b4-8b08-4a48-92e3-00a3aed708d1,2025-03-17,54630.12,1182049.22,expense,BSES,Power bill
e12959a5-019c-45c3-bd2f-384b05ea6012,3fda265f-68c3-4ce0-9553-1ba65baa4d75,35f03a2b-9e24-4f28-a87a-4e3f9a520e93,3e870dc4-9bcb-4d85-a0ed-817b2217e50b,2025-03-19,68753.35,1113295.87,expense,HDFC Bank,Loan instalment
5d4c9e83-b95b-4a85-a9d3-b97e6e4a4a33,3fda265f-68c3-4ce0-9553-1ba65baa4d75,35f03a2b-9e24-4f28-a87a-4e3f9a520e93,ba7b532e-605d-4ad5-b9b6-3155499c93eb,2025-03-20,118294.71,995001.16,expense,Max Life,Premium payment
2fea703a-55cc-4e0b-a99e-cc9c1071b06a,3fda265f-68c3-4ce0-9553-1ba65baa4d75,35f03a2b-9e24-4f28-a87a-4e3f9a520e93,c1794d38-04bb-436c-a349-b7efa2949d59,2025-03-21,21823.66,973177.5,expense,Apple Music,Music plan
85153f72-9d15-4cb4-b06c-e480e017cbb0,3fda265f-68c3-4ce0-9553-1ba65baa4d75,35f03a2b-9e24-4f28-a87a-4e3f9a520e93,afb11444-5eb7-49e4-adb0-6e90808b3f69,2025-03-21,48247.58,924929.92,expense,Kotak Bank,Account charges
6ad61c2b-ca66-4c46-852d-1898e798db90,3fda265f-68c3-4ce0-9553-1ba65baa4d75,35f03a2b-9e24-4f28-a87a-4e3f9a520e93,c7f7365c-5b40-4bbe-8a90-fd79b4fb99be,2025-03-23,55341.88,869588.04,expense,Housing Society,Maintenance charge
9883c7f2-7f83-4fa4-bf30-5e0236b17f83,3fda265f-68c3-4ce0-9553-1ba65baa4d75,35f03a2b-9e24-4f28-a87a-4e3f9a520e93,223324ac-c0b3-4f8f-bc2b-440cc66d4f97,2025-03-29,11729.17,857858.87,expense,Stanley,Tools purchase
ce634645-26ba-4be7-a67a-feb9cf0bde34,3fda265f-68c3-4ce0-9553-1ba65baa4d75,35f03a2b-9e24-4f28-a87a-4e3f9a520e93,2240f66e-6ba1-4bb3-9578-9f6dd6e71363,2025-03-30,4740.07,853118.8,expense,Airtel,Broadband bill
7f4eedab-d15c-469b-a5b1-9a78868d9f2b,3fda265f-68c3-4ce0-9553-1ba65baa4d75,35f03a2b-9e24-4f28-a87a-4e3f9a520e93,ba7b532e-605d-4ad5-b9b6-3155499c93eb,2025-03-31,73810.1,779308.7,expense,ICICI Prudential,Policy premium
ec0db0ea-71ea-4ef5-8db5-d8d24a9e714f,3fda265f-68c3-4ce0-9553-1ba65baa4d75,35f03a2b-9e24-4f28-a87a-4e3f9a520e93,99b34d50-a760-4c27-b2ff-1bf9e6cbe779,2025-03-31,109193.28,670115.42,expense,SBI Card,Card payment
a0302c9e-dc5c-4ec6-9ae4-16405036c97d,3fda265f-68c3-4ce0-9553-1ba65baa4d75,35f03a2b-9e24-4f28-a87a-4e3f9a520e93,85035d91-6985-446f-90d5-16e1b52a5e52,2025-04-02,35704.92,634410.5,expense,Dish TV,DTH subscription
02cffd25-9ac8-4f89-ac50-0e101a26dce4,3fda265f-68c3-4ce0-9553-1ba65baa4d75,35f03a2b-9e24-4f28-a87a-4e3f9a520e93,cb9de190-0f74-428e-8625-7eec9fa25043,2025-04-05,9667.78,624742.72,expense,HDFC Realty,Property investment
3a49610c-82ef-4c15-bb65-a985210f8a9c,3fda265f-68c3-4ce0-9553-1ba65baa4d75,35f03a2b-9e24-4f28-a87a-4e3f9a520e93,7b4b3f22-72da-46c4-913d-6c0f0486886f,2025-04-06,1059.31,623683.41,expense,1mg,Healthcare products
9de9b601-f771-4e4d-8290-5d221d288892,3fda265f-68c3-4ce0-9553-1ba65baa4d75,35f03a2b-9e24-4f28-a87a-4e3f9a520e93,55f4b023-f035-432f-8d19-0e1063848ee1,2025-04-08,9396.06,614287.35,expense,Coin Shop,Collectibles purchase
6f17907c-46ad-4cd7-b1bd-0107d4895d6b,3fda265f-68c3-4ce0-9553-1ba65baa4d75,35f03a2b-9e24-4f28-a87a-4e3f9a520e93,abe7e3b4-e94a-47f4-bb4c-ee2b5dfb1afb,2025-04-09,9706.14,604581.21,expense,Groww,Monthly SIP
599565eb-741f-4b92-ad95-4724260f01ee,3fda265f-68c3-4ce0-9553-1ba65baa4d75,35f03a2b-9e24-4f28-a87a-4e3f9a520e93,352e3807-c4b8-4f2f-b4a0-11f0a676a889,2025-04-10,565.71,604015.5,expense,DMart,Supermarket shopping
de506a70-e973-4d21-9195-9a3ee21ab6cb,3fda265f-68c3-4ce0-9553-1ba65baa4d75,35f03a2b-9e24-4f28-a87a-4e3f9a520e93,4e6141b4-8b08-4a48-92e3-00a3aed708d1,2025-04-11,43682.23,560333.27,expense,Tata Power,Power bill
3c644c04-845f-43eb-8231-5cbbf28e4721,3fda265f-68c3-4ce0-9553-1ba65baa4d75,35f03a2b-9e24-4f28-a87a-4e3f9a520e93,773ee99e-f4ff-4162-87c7-19387a9ebb97,2025-04-12,4115.26,556218.01,expense,Mainland China,Anniversary dinner
f4eee20a-81f6-4c1b-8079-d1398a36cb2a,3fda265f-68c3-4ce0-9553-1ba65baa4d75,35f03a2b-9e24-4f28-a87a-4e3f9a520e93,2240f66e-6ba1-4bb3-9578-9f6dd6e71363,2025-04-13,467.45,555750.56,expense,ACT Fibernet,Internet payment
59e4f6e0-0127-4d80-8285-52dc32b34925,3fda265f-68c3-4ce0-9553-1ba65baa4d75,35f03a2b-9e24-4f28-a87a-4e3f9a520e93,02b93640-5ea9-4023-9ca5-12aaa253ea5b,2025-04-17,430.54,555320.02,expense,Airtel,Internet bill
3e492d6d-b1c5-46a2-aad4-90c1c48510ed,3fda265f-68c3-4ce0-9553-1ba65baa4d75,35f03a2b-9e24-4f28-a87a-4e3f9a520e93,ba7b532e-605d-4ad5-b9b6-3155499c93eb,2025-04-18,6432.19,548887.83,expense,Max Life,Premium payment
caeb702f-2c74-4139-9130-3b8fddaa4055,3fda265f-68c3-4ce0-9553-1ba65baa4d75,35f03a2b-9e24-4f28-a87a-4e3f9a520e93,ba7b532e-605d-4ad5-b9b6-3155499c93eb,2025-04-20,54599.13,494288.7,expense,LIC,Life insurance premium
bcd3f032-8c1a-4aa9-960e-d11f8cba221c,3fda265f-68c3-4ce0-9553-1ba65baa4d75,35f03a2b-9e24-4f28-a87a-4e3f9a520e93,eb6cafa9-5129-4c5f-a238-d432e93d5710,2025-04-22,13345.16,480943.54,expense,FASTag NHAI,Toll payment
59aafd51-8d20-493e-9df5-8fc41dd9b806,3fda265f-68c3-4ce0-9553-1ba65baa4d75,35f03a2b-9e24-4f28-a87a-4e3f9a520e93,9824533c-e6eb-43ff-b2d1-9724f9f59c75,2025-04-24,35099.49,445844.05,expense,Watchman,Security tip
b2ff0d40-1c23-4132-b496-159f1ea208fa,3fda265f-68c3-4ce0-9553-1ba65baa4d75,35f03a2b-9e24-4f28-a87a-4e3f9a520e93,4e6141b4-8b08-4a48-92e3-00a3aed708d1,2025-04-26,45165.2,400678.85,expense,BESCOM,Electricity bill
49e80b14-5fa9-4db0-a5c9-e973a993e0f1,3fda265f-68c3-4ce0-9553-1ba65baa4d75,35f03a2b-9e24-4f28-a87a-4e3f9a520e93,a9ffe6eb-4506-488f-8aae-77f81d637f71,2025-04-29,11932.63,388746.22,expense,FabIndia,Ethnic wear
b7d454d6-e54f-44b3-a753-b3bc287f60cb,3fda265f-68c3-4ce0-9553-1ba65baa4d75,35f03a2b-9e24-4f28-a87a-4e3f9a520e93,aea49b50-348f-446b-9a35-c970ed3e3a8a,2025-04-29,51593.86,337152.36,expense,Housing Society,Rent payment
c92d8ae8-b70b-42d6-88a7-61d1eb521a6e,bc988342-1383-4a29-b7af-23d779e4f7ec,38873681-8777-4da4-b764-8d6fdbb4b9bf,298d4111-2247-4dba-92bb-dbb57d5980a2,2025-01-01,19356.59,1591938.97,expense,RTO Online,Vehicle registration
03b42f79-e02c-4d4d-98ce-3e29db04bd89,bc988342-1383-4a29-b7af-23d779e4f7ec,38873681-8777-4da4-b764-8d6fdbb4b9bf,60260042-9174-4f85-82fc-aed9fb085bca,2025-01-06,6112.47,1585826.5,expense,Amazon,Accessories order
8d905556-292f-4695-9814-6e4c9ff59011,bc988342-1383-4a29-b7af-23d779e4f7ec,38873681-8777-4da4-b764-8d6fdbb4b9bf,a9ffe6eb-4506-488f-8aae-77f81d637f71,2025-01-11,12011.49,1573815.01,expense,Bata,Footwear
a43395a1-a1f3-4069-926f-c5180fad1130,bc988342-1383-4a29-b7af-23d779e4f7ec,38873681-8777-4da4-b764-8d6fdbb4b9bf,52f50416-8d6b-4f79-aa1e-87189fe727cf,2025-01-11,26836.22,1546978.79,expense,Mamaearth,Skincare
9fb6dc65-3ff0-44da-94fd-d3e578820a3b,bc988342-1383-4a29-b7af-23d779e4f7ec,38873681-8777-4da4-b764-8d6fdbb4b9bf,8020f28e-d18c-4677-a747-5497f031a5d2,2025-01-12,25884.81,1521093.98,expense,Lakme Salon,Salon visit
5cbadc6b-97e8-4c8d-b336-0a9f4132bbce,bc988342-1383-4a29-b7af-23d779e4f7ec,38873681-8777-4da4-b764-8d6fdbb4b9bf,197c9f3f-79b3-4a17-b0c4-57701d9daa96,2025-01-15,3619.67,1517474.31,expense,Yoga Studio,Yoga classes
338d7995-6dd4-4ece-8f01-effdb0ba1262,bc988342-1383-4a29-b7af-23d779e4f7ec,38873681-8777-4da4-b764-8d6fdbb4b9bf,96425e71-00ab-44ec-b7a5-b7bc7c419b3c,2025-01-18,64460.97,1453013.34,expense,HDFC Bank,Home loan EMI
6fb989e2-d6d1-41a5-9ff3-eb86b4c2c31b,bc988342-1383-4a29-b7af-23d779e4f7ec,38873681-8777-4da4-b764-8d6fdbb4b9bf,3e870dc4-9bcb-4d85-a0ed-817b2217e50b,2025-01-18,109414.17,1343599.17,expense,Axis Bank,Loan repayment
7c1a5e91-079c-4a6f-848d-5100a6b5dc4c,bc988342-1383-4a29-b7af-23d779e4f7ec,38873681-8777-4da4-b764-8d6fdbb4b9bf,62bb0c22-62a3-42ba-a471-bae2976e7fe1,2025-01-19,35172.88,1308426.29,expense,Income Tax Portal,Advance tax payment
c1fb0363-9144-44bc-9021-ab1a39382ea4,bc988342-1383-4a29-b7af-23d779e4f7ec,38873681-8777-4da4-b764-8d6fdbb4b9bf,352e3807-c4b8-4f2f-b4a0-11f0a676a889,2025-01-20,1317.33,1307108.96,expense,Reliance Fresh,Fresh produce & vegetables
b63b1470-6d6b-434d-9e87-937040f5bc8f,bc988342-1383-4a29-b7af-23d779e4f7ec,38873681-8777-4da4-b764-8d6fdbb4b9bf,60260042-9174-4f85-82fc-aed9fb085bca,2025-01-25,11525.32,1295583.64,expense,Tanishq,Accessories
e1e74e9c-a12f-4d70-a63e-63ffa49bf2e1,bc988342-1383-4a29-b7af-23d779e4f7ec,38873681-8777-4da4-b764-8d6fdbb4b9bf,9824533c-e6eb-43ff-b2d1-9724f9f59c75,2025-01-25,32845.1,1262738.54,expense,Watchman,Security tip
b8819df2-58a9-46e1-a40a-4efc43d74f81,bc988342-1383-4a29-b7af-23d779e4f7ec,38873681-8777-4da4-b764-8d6fdbb4b9bf,352e3807-c4b8-4f2f-b4a0-11f0a676a889,2025-01-26,3256.53,1259482.01,expense,Reliance Fresh,Fresh produce & vegetables
db74e609-1a5e-444b-9e88-f0ef78ef9194,bc988342-1383-4a29-b7af-23d779e4f7ec,38873681-8777-4da4-b764-8d6fdbb4b9bf,7d54e629-cfd3-42d6-93ed-efbfbbbfa7d6,2025-01-30,119948.76,1139533.25,expense,CA Firm,Tax advisory
d0e36168-bcb5-4f61-a272-230d457fa198,bc988342-1383-4a29-b7af-23d779e4f7ec,38873681-8777-4da4-b764-8d6fdbb4b9bf,3e870dc4-9bcb-4d85-a0ed-817b2217e50b,2025-01-31,5781.24,1133752.01,expense,SBI,Personal loan EMI
e48b4d5e-54f2-4866-8ca5-2aecafc5711a,bc988342-1383-4a29-b7af-23d779e4f7ec,38873681-8777-4da4-b764-8d6fdbb4b9bf,948ffb81-b520-4b5d-99fe-0e30b14ff505,2025-01-31,394.22,1133357.79,expense,Crossword,Bookstore
c27c3240-9d95-47a0-938a-aee4aa3793db,bc988342-1383-4a29-b7af-23d779e4f7ec,38873681-8777-4da4-b764-8d6fdbb4b9bf,248ccf02-2fad-4a57-8831-52e79f698e4c,2025-02-02,13687.47,1119670.32,expense,BMTC,Bus pass recharge
772999a1-cfc3-4c28-a0f6-cb650217e809,bc988342-1383-4a29-b7af-23d779e4f7ec,38873681-8777-4da4-b764-8d6fdbb4b9bf,7d54e629-cfd3-42d6-93ed-efbfbbbfa7d6,2025-02-06,54934.89,1064735.43,expense,Legal Services,Legal consultation
82a0d0fe-a661-480a-9560-48fd47052858,bc988342-1383-4a29-b7af-23d779e4f7ec,38873681-8777-4da4-b764-8d6fdbb4b9bf,4e6141b4-8b08-4a48-92e3-00a3aed708d1,2025-02-06,678.57,1064056.86,expense,Tata Power,Power bill
30bc916d-cf19-42c0-8261-4bab97a96dfd,bc988342-1383-4a29-b7af-23d779e4f7ec,38873681-8777-4da4-b764-8d6fdbb4b9bf,c1794d38-04bb-436c-a349-b7efa2949d59,2025-02-08,299.0,1063757.86,expense,Amazon Prime,Monthly subscription
9ddf66b5-bf50-4ee9-bf83-f2c63766493d,bc988342-1383-4a29-b7af-23d779e4f7ec,38873681-8777-4da4-b764-8d6fdbb4b9bf,f89d39f0-2919-467d-9eae-73947cd92572,2025-02-11,1307.37,1062450.49,expense,Subway,Sandwich
d46d29cc-f6ba-4f31-a4bc-72a2b34ea61f,bc988342-1383-4a29-b7af-23d779e4f7ec,38873681-8777-4da4-b764-8d6fdbb4b9bf,f9695d76-897b-4d1d-b699-30bdb8c3bd63,2025-02-13,16549.98,1045900.51,expense,Auto,Auto fare
dfecaf98-d891-4d4f-80b1-ce4270d51611,bc988342-1383-4a29-b7af-23d779e4f7ec,38873681-8777-4da4-b764-8d6fdbb4b9bf,ba7b532e-605d-4ad5-b9b6-3155499c93eb,2025-02-13,59538.3,986362.21,expense,Max Life,Premium payment
56faabc8-cde7-4dea-9204-bd62aadf18a5,bc988342-1383-4a29-b7af-23d779e4f7ec,38873681-8777-4da4-b764-8d6fdbb4b9bf,223324ac-c0b3-4f8f-bc2b-440cc66d4f97,2025-02-14,24264.72,962097.49,expense,Stanley,Tools purchase
85553a6e-7d6a-4d6d-98e3-8d19e0ff337d,bc988342-1383-4a29-b7af-23d779e4f7ec,38873681-8777-4da4-b764-8d6fdbb4b9bf,94943a15-5000-4909-864f-c229ccc559c2,2025-02-15,31890.82,930206.67,expense,Pepperfry,Furniture order
00386b38-7f48-4d75-9b83-b9119215a330,bc988342-1383-4a29-b7af-23d779e4f7ec,38873681-8777-4da4-b764-8d6fdbb4b9bf,c70299e8-74c3-48e3-832d-a15ca45f9d40,2025-02-17,25087.53,905119.14,expense,Air India,Flight booking
e9a5b113-ba11-44f2-9ea2-39bc0e380ab8,bc988342-1383-4a29-b7af-23d779e4f7ec,38873681-8777-4da4-b764-8d6fdbb4b9bf,43dc3332-707c-42c3-b0d9-0f067489a82d,2025-02-18,1788.66,903330.48,expense,Indian Oil,Fuel top-up
f0d1b028-61ad-44b2-b40e-ace45098a264,bc988342-1383-4a29-b7af-23d779e4f7ec,38873681-8777-4da4-b764-8d6fdbb4b9bf,62f6b8d3-1048-4d35-8644-028a80420f06,2025-02-18,6833.2,896497.28,expense,Archies,Gift item
95fa39f7-a978-4ad3-91d3-1461c00247b4,bc988342-1383-4a29-b7af-23d779e4f7ec,38873681-8777-4da4-b764-8d6fdbb4b9bf,61afab8e-aacd-41f8-8e63-aed9c88790f3,2025-02-19,12799.81,883697.47,expense,SBI Bank,Vehicle loan instalment
bd8cac50-0d32-48c4-9e4a-3322d819cf28,bc988342-1383-4a29-b7af-23d779e4f7ec,38873681-8777-4da4-b764-8d6fdbb4b9bf,4e6141b4-8b08-4a48-92e3-00a3aed708d1,2025-02-19,22309.16,861388.31,expense,BESCOM,Electricity bill
ee24281e-8da2-493b-8525-216f48494a6a,bc988342-1383-4a29-b7af-23d779e4f7ec,38873681-8777-4da4-b764-8d6fdbb4b9bf,482d3ee1-01c6-4f27-880c-5c2e86ff4326,2025-02-19,6173.77,855214.54,expense,Max Hospital,Healthcare
2f95828a-2ec5-49a2-8984-78a451f7301b,bc988342-1383-4a29-b7af-23d779e4f7ec,38873681-8777-4da4-b764-8d6fdbb4b9bf,245a1bba-ff69-4f13-bb3d-7fff3c2b30be,2025-02-20,27291.4,827923.14,expense,Mall Parking,Parking charges
134551b0-0c39-42ff-91ff-e7cceea2d17d,bc988342-1383-4a29-b7af-23d779e4f7ec,38873681-8777-4da4-b764-8d6fdbb4b9bf,52f50416-8d6b-4f79-aa1e-87189fe727cf,2025-02-25,21934.92,805988.22,expense,Purplle,Cosmetics
29e32bf5-2bcc-4a5b-aee8-1a25a385b625,bc988342-1383-4a29-b7af-23d779e4f7ec,38873681-8777-4da4-b764-8d6fdbb4b9bf,2240f66e-6ba1-4bb3-9578-9f6dd6e71363,2025-02-27,57248.16,748740.06,expense,BWSSB,Water bill
3931e889-6b1f-4965-9139-cae6a802ccb3,bc988342-1383-4a29-b7af-23d779e4f7ec,38873681-8777-4da4-b764-8d6fdbb4b9bf,482d3ee1-01c6-4f27-880c-5c2e86ff4326,2025-03-05,23066.25,725673.81,expense,Max Hospital,Healthcare
a794117b-8d5b-4bf6-8ad4-72c47c909ff9,bc988342-1383-4a29-b7af-23d779e4f7ec,38873681-8777-4da4-b764-8d6fdbb4b9bf,afb11444-5eb7-49e4-adb0-6e90808b3f69,2025-03-07,77124.6,648549.21,expense,Kotak Bank,Account charges
0d4090be-7427-4fbd-b798-f3cf83c38e09,bc988342-1383-4a29-b7af-23d779e4f7ec,38873681-8777-4da4-b764-8d6fdbb4b9bf,352e3807-c4b8-4f2f-b4a0-11f0a676a889,2025-03-08,5436.98,643112.23,expense,JioMart,Online grocery order
697b56f7-64b4-4279-b8f0-af6868a86469,bc988342-1383-4a29-b7af-23d779e4f7ec,38873681-8777-4da4-b764-8d6fdbb4b9bf,2240f66e-6ba1-4bb3-9578-9f6dd6e71363,2025-03-12,422.64,642689.59,expense,Airtel,Broadband bill
81251e2b-4eee-4ac9-a4ca-391528b212db,bc988342-1383-4a29-b7af-23d779e4f7ec,38873681-8777-4da4-b764-8d6fdbb4b9bf,3e870dc4-9bcb-4d85-a0ed-817b2217e50b,2025-03-13,59312.28,583377.31,expense,ICICI Bank,Loan EMI
e1a40800-b629-473f-80a4-70d70b90f520,bc988342-1383-4a29-b7af-23d779e4f7ec,38873681-8777-4da4-b764-8d6fdbb4b9bf,ba7b532e-605d-4ad5-b9b6-3155499c93eb,2025-03-17,14109.61,569267.7,expense,Max Life,Premium payment
4e6528ad-7d00-46c2-95ec-8240f9d8f251,bc988342-1383-4a29-b7af-23d779e4f7ec,38873681-8777-4da4-b764-8d6fdbb4b9bf,245a1bba-ff69-4f13-bb3d-7fff3c2b30be,2025-03-18,9994.72,559272.98,expense,Mall Parking,Parking charges
66955653-06ed-43a0-9600-14c65f98f437,bc988342-1383-4a29-b7af-23d779e4f7ec,38873681-8777-4da4-b764-8d6fdbb4b9bf,aa200b24-ef0e-410d-9a5e-5cd5e6eb5584,2025-03-20,67253.05,492019.93,expense,Painting Service,Wall painting
c87153cb-d5d8-4d92-8d4b-e59ce1ff071d,bc988342-1383-4a29-b7af-23d779e4f7ec,38873681-8777-4da4-b764-8d6fdbb4b9bf,68662b1b-9e19-427c-8a6f-0dea71240479,2025-03-20,1538.21,490481.72,expense,Google Play,App purchase
c9290f8d-16e7-4928-a457-78bfe5a0600c,bc988342-1383-4a29-b7af-23d779e4f7ec,38873681-8777-4da4-b764-8d6fdbb4b9bf,62bb0c22-62a3-42ba-a471-bae2976e7fe1,2025-03-22,84623.59,405858.13,expense,Income Tax Portal,Advance tax payment
642552f5-e213-4248-a08d-ddefbd389442,bc988342-1383-4a29-b7af-23d779e4f7ec,38873681-8777-4da4-b764-8d6fdbb4b9bf,43dc3332-707c-42c3-b0d9-0f067489a82d,2025-03-25,16136.83,389721.3,expense,Shell,Fuel refill
937c0bb6-eb27-40de-948b-5dea367f41f8,bc988342-1383-4a29-b7af-23d779e4f7ec,38873681-8777-4da4-b764-8d6fdbb4b9bf,06112ebb-b73c-40a0-aaba-87c783f69c60,2025-03-25,2265.07,387456.23,expense,Music Store,Instrument accessories
380ee0fc-82cd-437e-8926-f6badc295151,bc988342-1383-4a29-b7af-23d779e4f7ec,38873681-8777-4da4-b764-8d6fdbb4b9bf,baf0d272-8682-41c0-acfb-c78f1f2cd9a1,2025-03-27,25770.18,361686.05,expense,Vijay Sales,Appliance
96c485bf-47cc-4467-b595-a0ca8c8361b1,bc988342-1383-4a29-b7af-23d779e4f7ec,38873681-8777-4da4-b764-8d6fdbb4b9bf,ba7b532e-605d-4ad5-b9b6-3155499c93eb,2025-03-27,2619.11,359066.94,expense,SBI Life,Insurance payment
9dd1efa4-b1a2-47b3-a886-f6cf432151b7,bc988342-1383-4a29-b7af-23d779e4f7ec,38873681-8777-4da4-b764-8d6fdbb4b9bf,d926a624-ee93-4c92-bd0e-202091a8548e,2025-03-28,110917.13,248149.81,expense,Axis Card,Card outstanding
7e6aec8c-b984-4aee-bb65-cec15a986e4f,bc988342-1383-4a29-b7af-23d779e4f7ec,38873681-8777-4da4-b764-8d6fdbb4b9bf,248ccf02-2fad-4a57-8831-52e79f698e4c,2025-03-30,8985.2,239164.61,expense,BMTC,Bus pass recharge
f04721e3-5c55-4c14-9cdf-2e44352ba6a1,bc988342-1383-4a29-b7af-23d779e4f7ec,38873681-8777-4da4-b764-8d6fdbb4b9bf,68662b1b-9e19-427c-8a6f-0dea71240479,2025-03-31,2751.04,236413.57,expense,App Store,iOS purchase
f1e9c321-7a56-4218-a690-a70be7300226,bc988342-1383-4a29-b7af-23d779e4f7ec,38873681-8777-4da4-b764-8d6fdbb4b9bf,4e6141b4-8b08-4a48-92e3-00a3aed708d1,2025-04-01,66387.76,170025.81,expense,Tata Power,Power bill
7c819a33-1548-4698-82dd-292abfaf05de,bc988342-1383-4a29-b7af-23d779e4f7ec,38873681-8777-4da4-b764-8d6fdbb4b9bf,e1b2d153-cb13-4270-a0d4-ce6ee99867fa,2025-04-02,19054.04,150971.77,expense,TASMAC,Liquor purchase
bbcfe04d-2291-46a3-b9b6-d246399b42f5,bc988342-1383-4a29-b7af-23d779e4f7ec,38873681-8777-4da4-b764-8d6fdbb4b9bf,aea49b50-348f-446b-9a35-c970ed3e3a8a,2025-04-05,33953.19,117018.58,expense,Housing Society,Rent payment
3e9c6aa3-58c1-4187-8ad3-4612d01de11c,bc988342-1383-4a29-b7af-23d779e4f7ec,38873681-8777-4da4-b764-8d6fdbb4b9bf,773ee99e-f4ff-4162-87c7-19387a9ebb97,2025-04-07,1234.45,115784.13,expense,Haldiram's,Lunch
6b7b909f-ef0d-4842-8f0b-b966afa17e5d,bc988342-1383-4a29-b7af-23d779e4f7ec,38873681-8777-4da4-b764-8d6fdbb4b9bf,68662b1b-9e19-427c-8a6f-0dea71240479,2025-04-11,364.22,115419.91,expense,App Store,iOS purchase
c3677b0d-2c9a-4a9d-b820-bcbca54c5b1a,bc988342-1383-4a29-b7af-23d779e4f7ec,38873681-8777-4da4-b764-8d6fdbb4b9bf,298d4111-2247-4dba-92bb-dbb57d5980a2,2025-04-15,24961.61,90458.3,expense,Vahan Portal,Road tax payment
e98daaa6-9751-4250-a534-afa41149422f,bc988342-1383-4a29-b7af-23d779e4f7ec,38873681-8777-4da4-b764-8d6fdbb4b9bf,ba7b532e-605d-4ad5-b9b6-3155499c93eb,2025-04-15,2927.3,87531.0,expense,Max Life,Premium payment
a0600f11-e6bd-447b-a4d0-f2bc97b950f6,bc988342-1383-4a29-b7af-23d779e4f7ec,38873681-8777-4da4-b764-8d6fdbb4b9bf,4e6141b4-8b08-4a48-92e3-00a3aed708d1,2025-04-17,8757.67,78773.33,expense,Adani Electricity,Electricity payment
372359a4-0cc6-4d2e-b1f7-71b2a9694377,bc988342-1383-4a29-b7af-23d779e4f7ec,38873681-8777-4da4-b764-8d6fdbb4b9bf,197c9f3f-79b3-4a17-b0c4-57701d9daa96,2025-04-20,20147.46,58625.87,expense,Anytime Fitness,Gym membership
5a404e23-ad3f-4b1b-a0f2-91c69f3d4e6a,bc988342-1383-4a29-b7af-23d779e4f7ec,38873681-8777-4da4-b764-8d6fdbb4b9bf,1936a4f4-2484-487e-9de0-bd4773f631e7,2025-04-24,536.52,58089.35,expense,Jio,Mobile recharge
fca08de3-9754-41b4-be35-a7c83478601a,bc988342-1383-4a29-b7af-23d779e4f7ec,38873681-8777-4da4-b764-8d6fdbb4b9bf,61afab8e-aacd-41f8-8e63-aed9c88790f3,2025-04-24,605.96,57483.39,expense,SBI Bank,Vehicle loan instalment
6cddc116-186e-4a03-ae22-a523048e57c5,bc988342-1383-4a29-b7af-23d779e4f7ec,38873681-8777-4da4-b764-8d6fdbb4b9bf,aa200b24-ef0e-410d-9a5e-5cd5e6eb5584,2025-04-26,58568.75,-1085.36,expense,Carpenter,Carpentry work
b9d311e2-7725-478f-9718-c56661f1c15a,bc988342-1383-4a29-b7af-23d779e4f7ec,38873681-8777-4da4-b764-8d6fdbb4b9bf,85035d91-6985-446f-90d5-16e1b52a5e52,2025-04-26,29989.91,-31075.27,expense,Tata Sky,DTH recharge
ab3e5757-5f64-468e-abe9-6e41772cd145,bc988342-1383-4a29-b7af-23d779e4f7ec,38873681-8777-4da4-b764-8d6fdbb4b9bf,352e3807-c4b8-4f2f-b4a0-11f0a676a889,2025-04-27,3774.37,-34849.64,expense,DMart,Supermarket shopping
f49ff12b-c618-4bd7-a93f-5c53455d113f,bc988342-1383-4a29-b7af-23d779e4f7ec,38873681-8777-4da4-b764-8d6fdbb4b9bf,773ee99e-f4ff-4162-87c7-19387a9ebb97,2025-04-27,3379.4,-38229.04,expense,Mainland China,Anniversary dinner
5c0e11f5-6d33-492a-97c0-381941902660,bc988342-1383-4a29-b7af-23d779e4f7ec,38873681-8777-4da4-b764-8d6fdbb4b9bf,1936a4f4-2484-487e-9de0-bd4773f631e7,2025-04-30,3574.63,-41803.67,expense,BSNL,Mobile bill
c3196aef-c7eb-4b03-b304-281e509fcbab,b2e67456-ae78-4a7d-b17c-e280b8b211cb,3d599191-5b72-42d1-826e-e0f9fc96c54b,352e3807-c4b8-4f2f-b4a0-11f0a676a889,2025-01-02,4466.55,1559992.58,expense,DMart,Supermarket shopping
95c60a83-9475-44c6-a1f6-7343855544f5,b2e67456-ae78-4a7d-b17c-e280b8b211cb,3d599191-5b72-42d1-826e-e0f9fc96c54b,d926a624-ee93-4c92-bd0e-202091a8548e,2025-01-03,91445.38,1468547.2,expense,SBI Card,Card payment
8f7761e5-fa06-4ab1-835d-8722fbe8e4b7,b2e67456-ae78-4a7d-b17c-e280b8b211cb,3d599191-5b72-42d1-826e-e0f9fc96c54b,08661166-7a9f-4744-8d50-d84bca0b6ebc,2025-01-05,6374.43,1462172.77,expense,Sportz Village,Sports facility
b67541e8-8730-4711-93a2-45cf5aea5a0b,b2e67456-ae78-4a7d-b17c-e280b8b211cb,3d599191-5b72-42d1-826e-e0f9fc96c54b,773ee99e-f4ff-4162-87c7-19387a9ebb97,2025-01-06,1148.26,1461024.51,expense,Punjab Grill,Business dinner
ea926aba-b0a0-43ed-8d1b-c4edcddaf4b5,b2e67456-ae78-4a7d-b17c-e280b8b211cb,3d599191-5b72-42d1-826e-e0f9fc96c54b,3e870dc4-9bcb-4d85-a0ed-817b2217e50b,2025-01-08,17341.59,1443682.92,expense,ICICI Bank,Loan EMI
1c699b7f-eb48-4255-a927-1289f26d387f,b2e67456-ae78-4a7d-b17c-e280b8b211cb,3d599191-5b72-42d1-826e-e0f9fc96c54b,7ce32b06-f082-4fbd-a3e5-d5c1d8cb6b23,2025-01-10,11900.66,1431782.26,expense,MPL,Online gaming
5fd78ba1-5031-410f-a31f-4b81fea11d7f,b2e67456-ae78-4a7d-b17c-e280b8b211cb,3d599191-5b72-42d1-826e-e0f9fc96c54b,43dc3332-707c-42c3-b0d9-0f067489a82d,2025-01-13,26820.24,1404962.02,expense,Shell,Fuel refill
8dd95609-fe80-45fb-b944-2187f017c57f,b2e67456-ae78-4a7d-b17c-e280b8b211cb,3d599191-5b72-42d1-826e-e0f9fc96c54b,61655f71-e388-4300-a414-ec44adc7ee3b,2025-01-15,37897.75,1367064.27,expense,Catering,Event catering
22cdde4e-5ef3-4053-b929-e47fbda3d120,b2e67456-ae78-4a7d-b17c-e280b8b211cb,3d599191-5b72-42d1-826e-e0f9fc96c54b,d926a624-ee93-4c92-bd0e-202091a8548e,2025-01-16,11192.4,1355871.87,expense,Axis Card,Card outstanding
5e8a2272-fc3a-48ca-8557-235efa9abb50,b2e67456-ae78-4a7d-b17c-e280b8b211cb,3d599191-5b72-42d1-826e-e0f9fc96c54b,61afab8e-aacd-41f8-8e63-aed9c88790f3,2025-01-19,9098.87,1346773.0,expense,SBI Bank,Vehicle loan instalment
809c4f45-5bab-4257-a4b2-c632388bd024,b2e67456-ae78-4a7d-b17c-e280b8b211cb,3d599191-5b72-42d1-826e-e0f9fc96c54b,52f50416-8d6b-4f79-aa1e-87189fe727cf,2025-01-19,26770.05,1320002.95,expense,Purplle,Cosmetics
9b37b31a-a11f-4166-afec-7a8870abd6de,b2e67456-ae78-4a7d-b17c-e280b8b211cb,3d599191-5b72-42d1-826e-e0f9fc96c54b,60d066bc-e9ed-4249-b6d9-4da0fa4b9b29,2025-01-19,19227.64,1300775.31,expense,INOX,Movie tickets
4ab48f6c-d069-485a-a36d-7c0b9316ca10,b2e67456-ae78-4a7d-b17c-e280b8b211cb,3d599191-5b72-42d1-826e-e0f9fc96c54b,60d066bc-e9ed-4249-b6d9-4da0fa4b9b29,2025-01-22,27981.41,1272793.9,expense,BookMyShow,Event tickets
eaa76a61-627a-4fbf-8bdc-c383a99422b6,b2e67456-ae78-4a7d-b17c-e280b8b211cb,3d599191-5b72-42d1-826e-e0f9fc96c54b,60d066bc-e9ed-4249-b6d9-4da0fa4b9b29,2025-01-22,13330.39,1259463.51,expense,INOX,Movie tickets
223c4a14-2f26-41a1-b2c7-c4d7bd7fbc54,b2e67456-ae78-4a7d-b17c-e280b8b211cb,3d599191-5b72-42d1-826e-e0f9fc96c54b,4e6141b4-8b08-4a48-92e3-00a3aed708d1,2025-01-24,66431.98,1193031.53,expense,BSES,Power bill
c3648273-1103-45fa-b539-6d9aae33e29b,b2e67456-ae78-4a7d-b17c-e280b8b211cb,3d599191-5b72-42d1-826e-e0f9fc96c54b,f0181f4d-fdb7-49be-a0d8-f49b0b96030c,2025-01-25,2483.93,1190547.6,expense,DTDC,Parcel delivery
18b28adf-5b06-4f91-b430-3a7930da12fb,b2e67456-ae78-4a7d-b17c-e280b8b211cb,3d599191-5b72-42d1-826e-e0f9fc96c54b,ee7c44a4-b997-4955-8565-e0095cc9a643,2025-01-29,15929.9,1174617.7,expense,IndiGo,Business travel flight
6a81de47-86b0-4903-94c2-f56de243152a,b2e67456-ae78-4a7d-b17c-e280b8b211cb,3d599191-5b72-42d1-826e-e0f9fc96c54b,52f50416-8d6b-4f79-aa1e-87189fe727cf,2025-01-29,32397.75,1142219.95,expense,Mamaearth,Skincare
eeb00b88-ef87-4ddc-8c44-879bf8734c49,b2e67456-ae78-4a7d-b17c-e280b8b211cb,3d599191-5b72-42d1-826e-e0f9fc96c54b,7b4b3f22-72da-46c4-913d-6c0f0486886f,2025-01-31,5000.21,1137219.74,expense,Apollo Pharmacy,Medicine purchase
2476e95c-0e5a-4851-a279-8deaa44ccc7e,b2e67456-ae78-4a7d-b17c-e280b8b211cb,3d599191-5b72-42d1-826e-e0f9fc96c54b,e449546b-a5d2-425f-9873-40aac234c33e,2025-02-08,15200.36,1122019.38,expense,Local Entertainment,Entertainment expense
3569d42a-ed64-4379-bee7-4d04e866cfea,b2e67456-ae78-4a7d-b17c-e280b8b211cb,3d599191-5b72-42d1-826e-e0f9fc96c54b,9cc575a8-fc65-4f4a-abf5-8594a4d342a0,2025-02-10,708.33,1121311.05,expense,Local Shop,PC accessories
4a8b9ff5-6b4a-42ca-9e37-9514631bc4e3,b2e67456-ae78-4a7d-b17c-e280b8b211cb,3d599191-5b72-42d1-826e-e0f9fc96c54b,ba7b532e-605d-4ad5-b9b6-3155499c93eb,2025-02-10,43872.17,1077438.88,expense,LIC,Life insurance premium
2de19e55-6308-4589-9de2-73d906224df0,b2e67456-ae78-4a7d-b17c-e280b8b211cb,3d599191-5b72-42d1-826e-e0f9fc96c54b,245a1bba-ff69-4f13-bb3d-7fff3c2b30be,2025-02-11,24917.24,1052521.64,expense,Mall Parking,Parking charges
98861518-7717-4592-8e7b-da35a5d0ee51,b2e67456-ae78-4a7d-b17c-e280b8b211cb,3d599191-5b72-42d1-826e-e0f9fc96c54b,248ccf02-2fad-4a57-8831-52e79f698e4c,2025-02-11,21082.29,1031439.35,expense,BMTC,Bus pass recharge
2899ca5f-7845-4175-aa43-fe04f3ae8720,b2e67456-ae78-4a7d-b17c-e280b8b211cb,3d599191-5b72-42d1-826e-e0f9fc96c54b,aea49b50-348f-446b-9a35-c970ed3e3a8a,2025-02-12,1254.29,1030185.06,expense,Housing Society,Rent payment
ff9c2093-ad6b-4e95-a8d4-ad5c32aada77,b2e67456-ae78-4a7d-b17c-e280b8b211cb,3d599191-5b72-42d1-826e-e0f9fc96c54b,ba7b532e-605d-4ad5-b9b6-3155499c93eb,2025-02-14,8533.35,1021651.71,expense,SBI Life,Insurance payment
959b0b61-d569-4c68-a3c3-264aca1b03d2,b2e67456-ae78-4a7d-b17c-e280b8b211cb,3d599191-5b72-42d1-826e-e0f9fc96c54b,2240f66e-6ba1-4bb3-9578-9f6dd6e71363,2025-02-15,690.82,1020960.89,expense,Airtel,Broadband bill
abd94f78-7d0a-48d1-9244-b2dcd27c5191,b2e67456-ae78-4a7d-b17c-e280b8b211cb,3d599191-5b72-42d1-826e-e0f9fc96c54b,43dc3332-707c-42c3-b0d9-0f067489a82d,2025-02-15,2711.34,1018249.55,expense,Indian Oil,Fuel top-up
b9ea16cd-fecf-4381-b2de-afa468752dae,b2e67456-ae78-4a7d-b17c-e280b8b211cb,3d599191-5b72-42d1-826e-e0f9fc96c54b,197c9f3f-79b3-4a17-b0c4-57701d9daa96,2025-02-15,26688.41,991561.14,expense,Yoga Studio,Yoga classes
984d7dcb-3afb-4a08-963e-733ffb345f54,b2e67456-ae78-4a7d-b17c-e280b8b211cb,3d599191-5b72-42d1-826e-e0f9fc96c54b,7b4b3f22-72da-46c4-913d-6c0f0486886f,2025-02-16,24228.98,967332.16,expense,MedPlus,Pharmacy
c12cfdcb-581e-4d82-a6ee-79a719a44cd0,b2e67456-ae78-4a7d-b17c-e280b8b211cb,3d599191-5b72-42d1-826e-e0f9fc96c54b,352e3807-c4b8-4f2f-b4a0-11f0a676a889,2025-02-17,4325.1,963007.06,expense,Zepto,Quick grocery delivery
f6f432d5-107a-4ae4-b763-eb407ecafcf1,b2e67456-ae78-4a7d-b17c-e280b8b211cb,3d599191-5b72-42d1-826e-e0f9fc96c54b,825886bd-f63b-4c0f-9ac7-7f98670856c9,2025-02-17,4293.11,958713.95,expense,PM Relief Fund,Donation
204928f7-d4be-42a4-b7a8-b180dfccea51,b2e67456-ae78-4a7d-b17c-e280b8b211cb,3d599191-5b72-42d1-826e-e0f9fc96c54b,2240f66e-6ba1-4bb3-9578-9f6dd6e71363,2025-02-18,47709.43,911004.52,expense,Gas Agency,LPG cylinder
4ed5691c-2de4-4342-9f29-505fd492501d,b2e67456-ae78-4a7d-b17c-e280b8b211cb,3d599191-5b72-42d1-826e-e0f9fc96c54b,248ccf02-2fad-4a57-8831-52e79f698e4c,2025-02-18,17378.93,893625.59,expense,DMRC,Metro card top-up
2e2a4f88-1f99-43a3-b1bb-80b64b5fd03a,b2e67456-ae78-4a7d-b17c-e280b8b211cb,3d599191-5b72-42d1-826e-e0f9fc96c54b,245a1bba-ff69-4f13-bb3d-7fff3c2b30be,2025-02-24,820.07,892805.52,expense,Airport Parking,Airport parking
41d7d112-8280-4954-872e-1eeb5779294f,b2e67456-ae78-4a7d-b17c-e280b8b211cb,3d599191-5b72-42d1-826e-e0f9fc96c54b,62bb0c22-62a3-42ba-a471-bae2976e7fe1,2025-02-24,33839.28,858966.24,expense,MCA,Filing fee
1cb38b84-6fc8-475a-9bae-305ab5f128ce,b2e67456-ae78-4a7d-b17c-e280b8b211cb,3d599191-5b72-42d1-826e-e0f9fc96c54b,44142b8c-0a2a-4f19-9d1f-e4b5898c28b2,2025-02-25,30734.95,828231.29,expense,Nursery,Plants and soil
76c6ced4-3175-42a2-b8ed-06f104bd3c5e,b2e67456-ae78-4a7d-b17c-e280b8b211cb,3d599191-5b72-42d1-826e-e0f9fc96c54b,a9ffe6eb-4506-488f-8aae-77f81d637f71,2025-02-26,5436.12,822795.17,expense,Myntra,Clothing order
d2a8ca7b-31e2-467e-b4ab-dbac3b77711f,b2e67456-ae78-4a7d-b17c-e280b8b211cb,3d599191-5b72-42d1-826e-e0f9fc96c54b,298d4111-2247-4dba-92bb-dbb57d5980a2,2025-02-27,33787.65,789007.52,expense,RTO Online,Vehicle registration
6530ba7a-a917-4189-bd4d-39b49b4c9b51,b2e67456-ae78-4a7d-b17c-e280b8b211cb,3d599191-5b72-42d1-826e-e0f9fc96c54b,afb11444-5eb7-49e4-adb0-6e90808b3f69,2025-03-02,58938.84,730068.68,expense,Kotak Bank,Account charges
66436fb9-53f8-4b6d-84b2-aacbf6d4e8f1,b2e67456-ae78-4a7d-b17c-e280b8b211cb,3d599191-5b72-42d1-826e-e0f9fc96c54b,8cdb5319-10b2-4cf2-89c8-22fadc1b7858,2025-03-02,40246.94,689821.74,expense,Municipal Corp,Fine payment
493e0d47-1300-4a7f-9567-8daf37a70c32,b2e67456-ae78-4a7d-b17c-e280b8b211cb,3d599191-5b72-42d1-826e-e0f9fc96c54b,248ccf02-2fad-4a57-8831-52e79f698e4c,2025-03-03,20941.52,668880.22,expense,KSRTC,Bus ticket
d360292e-f498-4268-9cfe-8600f2fa64f2,b2e67456-ae78-4a7d-b17c-e280b8b211cb,3d599191-5b72-42d1-826e-e0f9fc96c54b,52f50416-8d6b-4f79-aa1e-87189fe727cf,2025-03-03,16482.28,652397.94,expense,Mamaearth,Skincare
a05e8b4e-3110-4058-8da8-5912b36005ea,b2e67456-ae78-4a7d-b17c-e280b8b211cb,3d599191-5b72-42d1-826e-e0f9fc96c54b,c1794d38-04bb-436c-a349-b7efa2949d59,2025-03-04,99.0,652298.94,expense,Apple Music,Monthly subscription
b2f81e37-a40f-4db9-a89c-697938f379b0,b2e67456-ae78-4a7d-b17c-e280b8b211cb,3d599191-5b72-42d1-826e-e0f9fc96c54b,baf0d272-8682-41c0-acfb-c78f1f2cd9a1,2025-03-04,10563.5,641735.44,expense,Vijay Sales,Appliance
c4415be3-a50a-49f5-b13f-94e960c455ea,b2e67456-ae78-4a7d-b17c-e280b8b211cb,3d599191-5b72-42d1-826e-e0f9fc96c54b,24e016a3-fafe-4519-8295-2f5f87ed7005,2025-03-07,1927.66,639807.78,expense,Toit Brewpub,Craft beer
0b23600e-968d-4208-8fbf-279416027811,b2e67456-ae78-4a7d-b17c-e280b8b211cb,3d599191-5b72-42d1-826e-e0f9fc96c54b,1936a4f4-2484-487e-9de0-bd4773f631e7,2025-03-08,167.45,639640.33,expense,Vi,Phone bill
8a8d269f-4d7d-4e7a-b122-c727706aebb5,b2e67456-ae78-4a7d-b17c-e280b8b211cb,3d599191-5b72-42d1-826e-e0f9fc96c54b,43dc3332-707c-42c3-b0d9-0f067489a82d,2025-03-09,22341.78,617298.55,expense,BPCL,Petrol refill
7e80be8a-4546-400e-bbe1-11449048942d,b2e67456-ae78-4a7d-b17c-e280b8b211cb,3d599191-5b72-42d1-826e-e0f9fc96c54b,f89d39f0-2919-467d-9eae-73947cd92572,2025-03-14,3616.11,613682.44,expense,Domino's,Pizza delivery
96b3dbbf-9840-4c9c-8bf0-c9cbcaee5f83,b2e67456-ae78-4a7d-b17c-e280b8b211cb,3d599191-5b72-42d1-826e-e0f9fc96c54b,06112ebb-b73c-40a0-aaba-87c783f69c60,2025-03-14,42912.35,570770.09,expense,Music Store,Instrument accessories
9bf76b37-4f13-44bb-b47b-16c0472aa42d,b2e67456-ae78-4a7d-b17c-e280b8b211cb,3d599191-5b72-42d1-826e-e0f9fc96c54b,aea49b50-348f-446b-9a35-c970ed3e3a8a,2025-03-14,8305.12,562464.97,expense,NoBroker,Rent via NoBroker
118b5593-c3f3-497c-85f0-c962ff4fe6bf,b2e67456-ae78-4a7d-b17c-e280b8b211cb,3d599191-5b72-42d1-826e-e0f9fc96c54b,94943a15-5000-4909-864f-c229ccc559c2,2025-03-15,13979.32,548485.65,expense,Pepperfry,Furniture order
8f6e359a-1ae3-433e-bc39-f12326c56ecc,b2e67456-ae78-4a7d-b17c-e280b8b211cb,3d599191-5b72-42d1-826e-e0f9fc96c54b,f9695d76-897b-4d1d-b699-30bdb8c3bd63,2025-03-15,26184.61,522301.04,expense,Uber,Ride to office
4fdde479-fbde-4960-a4b5-e8d6f22892ce,b2e67456-ae78-4a7d-b17c-e280b8b211cb,3d599191-5b72-42d1-826e-e0f9fc96c54b,7d54e629-cfd3-42d6-93ed-efbfbbbfa7d6,2025-03-16,34331.76,487969.28,expense,Legal Services,Legal consultation
a44a20dd-8b0a-4049-ac0c-c4a37dfafa3f,b2e67456-ae78-4a7d-b17c-e280b8b211cb,3d599191-5b72-42d1-826e-e0f9fc96c54b,9b12be40-523e-43ac-b1e0-56b200b39928,2025-03-16,4226.7,483742.58,expense,New India Assurance,Property cover
93d1dcdf-b1de-4fbf-9332-68401a97a6b6,b2e67456-ae78-4a7d-b17c-e280b8b211cb,3d599191-5b72-42d1-826e-e0f9fc96c54b,197c9f3f-79b3-4a17-b0c4-57701d9daa96,2025-03-17,6071.35,477671.23,expense,Yoga Studio,Yoga classes
193826b7-baf8-4255-a707-0ef719de3e66,b2e67456-ae78-4a7d-b17c-e280b8b211cb,3d599191-5b72-42d1-826e-e0f9fc96c54b,aea49b50-348f-446b-9a35-c970ed3e3a8a,2025-03-18,3382.79,474288.44,expense,Housing Society,Rent payment
96539bfd-530a-4fb7-a1b9-b47cad3690a8,b2e67456-ae78-4a7d-b17c-e280b8b211cb,3d599191-5b72-42d1-826e-e0f9fc96c54b,f89d39f0-2919-467d-9eae-73947cd92572,2025-03-21,3441.66,470846.78,expense,KFC,Fast food
3ebc2de2-980d-47f1-8079-0e8efb19c690,b2e67456-ae78-4a7d-b17c-e280b8b211cb,3d599191-5b72-42d1-826e-e0f9fc96c54b,352e3807-c4b8-4f2f-b4a0-11f0a676a889,2025-03-24,3611.63,467235.15,expense,JioMart,Online grocery order
1aed6858-e2b8-4af9-94a9-d2d7091effc8,b2e67456-ae78-4a7d-b17c-e280b8b211cb,3d599191-5b72-42d1-826e-e0f9fc96c54b,825886bd-f63b-4c0f-9ac7-7f98670856c9,2025-03-25,38205.5,429029.65,expense,GiveIndia,Donation
0cd40330-847a-40de-ace9-1a244ab17281,b2e67456-ae78-4a7d-b17c-e280b8b211cb,3d599191-5b72-42d1-826e-e0f9fc96c54b,62bb0c22-62a3-42ba-a471-bae2976e7fe1,2025-03-26,26930.41,402099.24,expense,Income Tax Portal,Advance tax payment
1f2f4a3a-a18e-4e81-a35a-fc073cc21421,b2e67456-ae78-4a7d-b17c-e280b8b211cb,3d599191-5b72-42d1-826e-e0f9fc96c54b,352e3807-c4b8-4f2f-b4a0-11f0a676a889,2025-03-27,4407.74,397691.5,expense,Reliance Fresh,Fresh produce & vegetables
8d5e7045-e636-4d16-b1da-efb7fb8fd02b,b2e67456-ae78-4a7d-b17c-e280b8b211cb,3d599191-5b72-42d1-826e-e0f9fc96c54b,773ee99e-f4ff-4162-87c7-19387a9ebb97,2025-03-29,3248.67,394442.83,expense,Social,Weekend brunch
c1981532-aca9-4515-b805-dfeb22ca1a49,b2e67456-ae78-4a7d-b17c-e280b8b211cb,3d599191-5b72-42d1-826e-e0f9fc96c54b,49b46c39-e438-4284-95c0-8dd9c25bbe33,2025-03-29,5225.63,389217.2,expense,Zomato,Meal delivery
fa3e6674-0404-417e-932e-35ce02ba0bd1,b2e67456-ae78-4a7d-b17c-e280b8b211cb,3d599191-5b72-42d1-826e-e0f9fc96c54b,1936a4f4-2484-487e-9de0-bd4773f631e7,2025-03-29,2623.51,386593.69,expense,BSNL,Mobile bill
bf844fb9-e297-4ee5-8c15-d4577616724c,b2e67456-ae78-4a7d-b17c-e280b8b211cb,3d599191-5b72-42d1-826e-e0f9fc96c54b,820faeca-f72b-4444-b3ed-cc4b2457b6fa,2025-03-30,12150.25,374443.44,expense,Flipkart,Online purchase
1c1814ba-ad9b-4fc2-9dae-f3c1a97e7742,b2e67456-ae78-4a7d-b17c-e280b8b211cb,3d599191-5b72-42d1-826e-e0f9fc96c54b,aea49b50-348f-446b-9a35-c970ed3e3a8a,2025-04-06,27195.83,347247.61,expense,NoBroker,Rent via NoBroker
3f9727eb-762a-4030-aaf8-93237acdf8b2,b2e67456-ae78-4a7d-b17c-e280b8b211cb,3d599191-5b72-42d1-826e-e0f9fc96c54b,67f170d4-68ec-4828-8164-1ab3ae9440e0,2025-04-06,3077.74,344169.87,expense,BookMyShow,Activity booking
0bde0519-e96c-4d48-888a-1f09179c56b0,b2e67456-ae78-4a7d-b17c-e280b8b211cb,3d599191-5b72-42d1-826e-e0f9fc96c54b,43dc3332-707c-42c3-b0d9-0f067489a82d,2025-04-07,2673.71,341496.16,expense,HP Petrol,Diesel refill
7aa0ca65-fa0c-469a-987e-647c3ec8b34e,b2e67456-ae78-4a7d-b17c-e280b8b211cb,3d599191-5b72-42d1-826e-e0f9fc96c54b,4e6141b4-8b08-4a48-92e3-00a3aed708d1,2025-04-07,12495.79,329000.37,expense,BSES,Power bill
b58edef7-2c99-4dff-bf20-bfe60fdeb103,b2e67456-ae78-4a7d-b17c-e280b8b211cb,3d599191-5b72-42d1-826e-e0f9fc96c54b,948ffb81-b520-4b5d-99fe-0e30b14ff505,2025-04-07,24763.22,304237.15,expense,Kindle,eBook
6ac3b8ea-9c7b-4a6a-ab4f-a3aa9ff8686f,b2e67456-ae78-4a7d-b17c-e280b8b211cb,3d599191-5b72-42d1-826e-e0f9fc96c54b,f89d39f0-2919-467d-9eae-73947cd92572,2025-04-13,644.4,303592.75,expense,Pizza Hut,Pizza order
afd7bf36-a5cd-4d89-867b-60a1c140983d,b2e67456-ae78-4a7d-b17c-e280b8b211cb,3d599191-5b72-42d1-826e-e0f9fc96c54b,2240f66e-6ba1-4bb3-9578-9f6dd6e71363,2025-04-13,52340.2,251252.55,expense,ACT Fibernet,Internet payment
9bb8212e-2aa5-4f15-a75f-49646e775adc,b2e67456-ae78-4a7d-b17c-e280b8b211cb,3d599191-5b72-42d1-826e-e0f9fc96c54b,3e870dc4-9bcb-4d85-a0ed-817b2217e50b,2025-04-15,111657.39,139595.16,expense,ICICI Bank,Loan EMI
0ac90619-d978-4665-b78b-3275df0c0f7e,b2e67456-ae78-4a7d-b17c-e280b8b211cb,3d599191-5b72-42d1-826e-e0f9fc96c54b,948ffb81-b520-4b5d-99fe-0e30b14ff505,2025-04-17,37691.98,101903.18,expense,Kindle,eBook
22a8e591-5dcf-41b0-9f58-6e137df9c791,b2e67456-ae78-4a7d-b17c-e280b8b211cb,3d599191-5b72-42d1-826e-e0f9fc96c54b,43dc3332-707c-42c3-b0d9-0f067489a82d,2025-04-18,17933.49,83969.69,expense,Shell,Fuel refill
f7624acf-d3a3-4aca-acfb-64a4f7aabc8a,b2e67456-ae78-4a7d-b17c-e280b8b211cb,3d599191-5b72-42d1-826e-e0f9fc96c54b,f89d39f0-2919-467d-9eae-73947cd92572,2025-04-20,3987.02,79982.67,expense,Pizza Hut,Pizza order
160bdd9f-7f31-427d-af66-614d41976295,b2e67456-ae78-4a7d-b17c-e280b8b211cb,3d599191-5b72-42d1-826e-e0f9fc96c54b,61afab8e-aacd-41f8-8e63-aed9c88790f3,2025-04-23,30551.12,49431.55,expense,Kotak Bank,Auto loan EMI
29510e69-ef4b-4af9-81eb-b1e081e321e0,b2e67456-ae78-4a7d-b17c-e280b8b211cb,3d599191-5b72-42d1-826e-e0f9fc96c54b,482d3ee1-01c6-4f27-880c-5c2e86ff4326,2025-04-29,45018.88,4412.67,expense,Apollo Hospital,Doctor consultation
28499a34-4026-49d6-a2b7-e4a7e4425ac7,bc988342-1383-4a29-b7af-23d779e4f7ec,421fe716-fa60-43a4-8540-ab0814d10c12,ba7b532e-605d-4ad5-b9b6-3155499c93eb,2025-01-02,49792.01,1788903.88,expense,ICICI Prudential,Policy premium
2c97ba98-7c19-4464-b2b9-676810f8d744,bc988342-1383-4a29-b7af-23d779e4f7ec,421fe716-fa60-43a4-8540-ab0814d10c12,7b4b3f22-72da-46c4-913d-6c0f0486886f,2025-01-04,30273.55,1758630.33,expense,MedPlus,Pharmacy
8b64bca1-b1a3-4292-9741-c13597f269ba,bc988342-1383-4a29-b7af-23d779e4f7ec,421fe716-fa60-43a4-8540-ab0814d10c12,ba7b532e-605d-4ad5-b9b6-3155499c93eb,2025-01-06,6915.6,1751714.73,expense,ICICI Prudential,Policy premium
a1808eec-b6f5-409d-858d-f3d38094de19,bc988342-1383-4a29-b7af-23d779e4f7ec,421fe716-fa60-43a4-8540-ab0814d10c12,d926a624-ee93-4c92-bd0e-202091a8548e,2025-01-06,29998.96,1721715.77,expense,Bank,Bank charges
294bc05d-d48e-4ef8-8737-12f494e0bdf9,bc988342-1383-4a29-b7af-23d779e4f7ec,421fe716-fa60-43a4-8540-ab0814d10c12,cb9de190-0f74-428e-8625-7eec9fa25043,2025-01-08,8794.11,1712921.66,expense,Real Estate,Property investment
32eadb2f-a62d-4185-849f-f31e1cde7935,bc988342-1383-4a29-b7af-23d779e4f7ec,421fe716-fa60-43a4-8540-ab0814d10c12,52f50416-8d6b-4f79-aa1e-87189fe727cf,2025-01-09,10028.97,1702892.69,expense,Forest Essentials,Skincare
ad1ce925-7a8f-42af-963f-341c3921b5b2,bc988342-1383-4a29-b7af-23d779e4f7ec,421fe716-fa60-43a4-8540-ab0814d10c12,55f4b023-f035-432f-8d19-0e1063848ee1,2025-01-09,8469.14,1694423.55,expense,Art Gallery,Art investment
e9813e0f-857d-464e-93c1-9493800371a0,bc988342-1383-4a29-b7af-23d779e4f7ec,421fe716-fa60-43a4-8540-ab0814d10c12,60260042-9174-4f85-82fc-aed9fb085bca,2025-01-09,5718.64,1688704.91,expense,Local Store,Accessories purchase
1306db5a-1bb8-4302-b617-07e7b9f24c54,bc988342-1383-4a29-b7af-23d779e4f7ec,421fe716-fa60-43a4-8540-ab0814d10c12,abe7e3b4-e94a-47f4-bb4c-ee2b5dfb1afb,2025-01-10,8908.22,1679796.69,expense,HDFC MF,SIP debit
6f9f3ce1-5d37-4f9f-81e7-ada8106bd809,bc988342-1383-4a29-b7af-23d779e4f7ec,421fe716-fa60-43a4-8540-ab0814d10c12,c1794d38-04bb-436c-a349-b7efa2949d59,2025-01-10,21411.29,1658385.4,expense,Amazon Prime,Prime membership
efb90543-cf05-4b4e-8aa1-b5013a9bf7b6,bc988342-1383-4a29-b7af-23d779e4f7ec,421fe716-fa60-43a4-8540-ab0814d10c12,19a947a7-2996-47c2-bc43-72e18eabee1f,2025-01-11,8507.87,1649877.53,expense,SBI RD,Recurring deposit
bfc7eccc-4b4c-4794-85a5-a18f61e8a239,bc988342-1383-4a29-b7af-23d779e4f7ec,421fe716-fa60-43a4-8540-ab0814d10c12,ba0f6da6-4496-4265-b6e2-c69a3d91b7c4,2025-01-14,12145.76,1637731.77,expense,HDFC ERGO,Vehicle insurance
21a62a8e-3794-4977-a143-02ad4eee78a9,bc988342-1383-4a29-b7af-23d779e4f7ec,421fe716-fa60-43a4-8540-ab0814d10c12,a9ffe6eb-4506-488f-8aae-77f81d637f71,2025-01-15,646.76,1637085.01,expense,Zara,Apparel
1c7c0ce0-cd1c-44b7-bce6-181290707118,bc988342-1383-4a29-b7af-23d779e4f7ec,421fe716-fa60-43a4-8540-ab0814d10c12,24e016a3-fafe-4519-8295-2f5f87ed7005,2025-01-16,1460.9,1635624.11,expense,Toit Brewpub,Craft beer
4fc6a3c9-c44f-4864-9d56-2c2bf2606f17,bc988342-1383-4a29-b7af-23d779e4f7ec,421fe716-fa60-43a4-8540-ab0814d10c12,f89d39f0-2919-467d-9eae-73947cd92572,2025-01-19,3264.31,1632359.8,expense,McDonald's,Quick meal
968bdac1-55ae-4c2b-a345-9afb52376852,bc988342-1383-4a29-b7af-23d779e4f7ec,421fe716-fa60-43a4-8540-ab0814d10c12,352e3807-c4b8-4f2f-b4a0-11f0a676a889,2025-01-20,4211.44,1628148.36,expense,Reliance Fresh,Fresh produce & vegetables
d7af4138-e00b-47b0-8ba9-1e8d8b649fea,bc988342-1383-4a29-b7af-23d779e4f7ec,421fe716-fa60-43a4-8540-ab0814d10c12,197c9f3f-79b3-4a17-b0c4-57701d9daa96,2025-01-22,12210.91,1615937.45,expense,Gold's Gym,Monthly gym fee
92bba1e9-baa2-49c5-a694-a12265575e27,bc988342-1383-4a29-b7af-23d779e4f7ec,421fe716-fa60-43a4-8540-ab0814d10c12,f9695d76-897b-4d1d-b699-30bdb8c3bd63,2025-01-25,22609.64,1593327.81,expense,Auto,Auto fare
b2765ac4-a9cc-474c-aeb1-3daf53fc46e2,bc988342-1383-4a29-b7af-23d779e4f7ec,421fe716-fa60-43a4-8540-ab0814d10c12,f9695d76-897b-4d1d-b699-30bdb8c3bd63,2025-01-26,21353.42,1571974.39,expense,Auto,Auto fare
b28ed1d4-a22b-4329-a7f8-957f0a457883,bc988342-1383-4a29-b7af-23d779e4f7ec,421fe716-fa60-43a4-8540-ab0814d10c12,245a1bba-ff69-4f13-bb3d-7fff3c2b30be,2025-01-29,11829.94,1560144.45,expense,Mall Parking,Parking charges
62547ab1-b149-4e30-a65b-452ff6395228,bc988342-1383-4a29-b7af-23d779e4f7ec,421fe716-fa60-43a4-8540-ab0814d10c12,352e3807-c4b8-4f2f-b4a0-11f0a676a889,2025-02-02,3123.24,1557021.21,expense,Zepto,Quick grocery delivery
6e235037-a880-4e01-8bed-37cc0ab32db5,bc988342-1383-4a29-b7af-23d779e4f7ec,421fe716-fa60-43a4-8540-ab0814d10c12,3e870dc4-9bcb-4d85-a0ed-817b2217e50b,2025-02-02,36420.04,1520601.17,expense,Bajaj Finance,Consumer loan
ea28214c-704b-4358-bb50-7ce2b17b52a9,bc988342-1383-4a29-b7af-23d779e4f7ec,421fe716-fa60-43a4-8540-ab0814d10c12,c1794d38-04bb-436c-a349-b7efa2949d59,2025-02-03,29559.97,1491041.2,expense,Spotify,Music subscription
05e6f636-fdbc-41c6-94c3-e32d2ea4c858,bc988342-1383-4a29-b7af-23d779e4f7ec,421fe716-fa60-43a4-8540-ab0814d10c12,96425e71-00ab-44ec-b7a5-b7bc7c419b3c,2025-02-05,39864.37,1451176.83,expense,LIC HFL,Mortgage payment
c1ac30b3-9c44-4ef3-8ab3-f5db700099f3,bc988342-1383-4a29-b7af-23d779e4f7ec,421fe716-fa60-43a4-8540-ab0814d10c12,cb9de190-0f74-428e-8625-7eec9fa25043,2025-02-05,8861.92,1442314.91,expense,Housing.com,Property purchase down payment
2f9121b2-b384-4810-b8ee-044eb96d9410,bc988342-1383-4a29-b7af-23d779e4f7ec,421fe716-fa60-43a4-8540-ab0814d10c12,55f4b023-f035-432f-8d19-0e1063848ee1,2025-02-08,8731.24,1433583.67,expense,Antique Store,Collection investment
6a95c5bb-3a10-4961-bd8d-3761d02d01c3,bc988342-1383-4a29-b7af-23d779e4f7ec,421fe716-fa60-43a4-8540-ab0814d10c12,7b4b3f22-72da-46c4-913d-6c0f0486886f,2025-02-08,35206.65,1398377.02,expense,Apollo Pharmacy,Medicine purchase
e13c3ebb-5d8d-4cc6-972f-267f8996ea6e,bc988342-1383-4a29-b7af-23d779e4f7ec,421fe716-fa60-43a4-8540-ab0814d10c12,2240f66e-6ba1-4bb3-9578-9f6dd6e71363,2025-02-09,440.15,1397936.87,expense,Jio Fiber,Internet bill
faec23c5-4437-4c18-bfd8-11d8dab1db4f,bc988342-1383-4a29-b7af-23d779e4f7ec,421fe716-fa60-43a4-8540-ab0814d10c12,19a947a7-2996-47c2-bc43-72e18eabee1f,2025-02-09,8566.32,1389370.55,expense,Post Office,PPF deposit
eae5675b-7f91-494d-a307-308667e0f2ad,bc988342-1383-4a29-b7af-23d779e4f7ec,421fe716-fa60-43a4-8540-ab0814d10c12,abe7e3b4-e94a-47f4-bb4c-ee2b5dfb1afb,2025-02-10,8777.24,1380593.31,expense,Angel One,Share purchase
54234522-cb8f-4185-9ff3-d8fd3933f2ef,bc988342-1383-4a29-b7af-23d779e4f7ec,421fe716-fa60-43a4-8540-ab0814d10c12,aea49b50-348f-446b-9a35-c970ed3e3a8a,2025-02-14,48757.78,1331835.53,expense,NoBroker,Rent via NoBroker
c9f5d0f6-5578-496c-b628-9fd2593dabc1,bc988342-1383-4a29-b7af-23d779e4f7ec,421fe716-fa60-43a4-8540-ab0814d10c12,e449546b-a5d2-425f-9873-40aac234c33e,2025-02-16,32311.32,1299524.21,expense,Local Entertainment,Entertainment expense
f0e94455-fe6a-490a-a85d-63a308b91b9b,bc988342-1383-4a29-b7af-23d779e4f7ec,421fe716-fa60-43a4-8540-ab0814d10c12,06112ebb-b73c-40a0-aaba-87c783f69c60,2025-02-16,6670.37,1292853.84,expense,Art Shop,Art supplies
5c8c14e7-f695-4d84-91ab-039592e24e52,bc988342-1383-4a29-b7af-23d779e4f7ec,421fe716-fa60-43a4-8540-ab0814d10c12,248ccf02-2fad-4a57-8831-52e79f698e4c,2025-02-18,23242.89,1269610.95,expense,Mumbai Metro,Metro fare
02783fff-4169-4a0c-abbb-dd051621f7c5,bc988342-1383-4a29-b7af-23d779e4f7ec,421fe716-fa60-43a4-8540-ab0814d10c12,a4b93f63-6549-4c49-a3c8-3dff01794737,2025-02-19,20476.6,1249134.35,expense,Mothercare,Baby products
33efc8b4-4cfd-46f3-a59e-a09f80884c69,bc988342-1383-4a29-b7af-23d779e4f7ec,421fe716-fa60-43a4-8540-ab0814d10c12,24e016a3-fafe-4519-8295-2f5f87ed7005,2025-02-23,2867.89,1246266.46,expense,Third Wave Coffee,Evening coffee
94da5128-fd4e-4374-9bbc-650ab4e86196,bc988342-1383-4a29-b7af-23d779e4f7ec,421fe716-fa60-43a4-8540-ab0814d10c12,a9ffe6eb-4506-488f-8aae-77f81d637f71,2025-02-23,30093.57,1216172.89,expense,Myntra,Clothing order
8b8abfd1-0089-4a24-8791-7906375f2cbd,bc988342-1383-4a29-b7af-23d779e4f7ec,421fe716-fa60-43a4-8540-ab0814d10c12,52f50416-8d6b-4f79-aa1e-87189fe727cf,2025-02-24,27818.66,1188354.23,expense,Nykaa,Beauty products
3120b84d-69eb-43ab-920a-2148be99045d,bc988342-1383-4a29-b7af-23d779e4f7ec,421fe716-fa60-43a4-8540-ab0814d10c12,3e870dc4-9bcb-4d85-a0ed-817b2217e50b,2025-02-26,59507.78,1128846.45,expense,Bajaj Finance,Consumer loan
9082e289-a883-4612-a16a-4b00a128d478,bc988342-1383-4a29-b7af-23d779e4f7ec,421fe716-fa60-43a4-8540-ab0814d10c12,f9695d76-897b-4d1d-b699-30bdb8c3bd63,2025-02-26,296.62,1128549.83,expense,Ola,Cab ride
eca97509-633c-4765-a75e-47718616bd42,bc988342-1383-4a29-b7af-23d779e4f7ec,421fe716-fa60-43a4-8540-ab0814d10c12,773ee99e-f4ff-4162-87c7-19387a9ebb97,2025-02-28,616.45,1127933.38,expense,Punjab Grill,Business dinner
168e9e59-1864-4d05-b918-07c0a7c01268,bc988342-1383-4a29-b7af-23d779e4f7ec,421fe716-fa60-43a4-8540-ab0814d10c12,4e6141b4-8b08-4a48-92e3-00a3aed708d1,2025-03-03,56252.89,1071680.49,expense,BESCOM,Electricity bill
a042d333-4810-4ff0-85ef-6988a8a0bba7,bc988342-1383-4a29-b7af-23d779e4f7ec,421fe716-fa60-43a4-8540-ab0814d10c12,4e6141b4-8b08-4a48-92e3-00a3aed708d1,2025-03-05,63395.42,1008285.07,expense,BESCOM,Electricity bill
2acea51f-190d-419e-88ff-f1ca5c1578ad,bc988342-1383-4a29-b7af-23d779e4f7ec,421fe716-fa60-43a4-8540-ab0814d10c12,cb9de190-0f74-428e-8625-7eec9fa25043,2025-03-08,8682.28,999602.79,expense,HDFC Realty,Property investment
3e2556d3-d4f2-47d7-906d-fc025230bca2,bc988342-1383-4a29-b7af-23d779e4f7ec,421fe716-fa60-43a4-8540-ab0814d10c12,61afab8e-aacd-41f8-8e63-aed9c88790f3,2025-03-08,2326.46,997276.33,expense,SBI Bank,Vehicle loan instalment
d541af8a-bc4b-4c8f-b409-50e1155135c3,bc988342-1383-4a29-b7af-23d779e4f7ec,421fe716-fa60-43a4-8540-ab0814d10c12,248ccf02-2fad-4a57-8831-52e79f698e4c,2025-03-08,12815.97,984460.36,expense,DMRC,Metro card top-up
43d3e7a2-8f66-437a-af8d-3e39edb4bfa7,bc988342-1383-4a29-b7af-23d779e4f7ec,421fe716-fa60-43a4-8540-ab0814d10c12,55f4b023-f035-432f-8d19-0e1063848ee1,2025-03-10,8860.57,975599.79,expense,Coin Shop,Collectibles purchase
d3334301-903f-4d3c-b9ae-329a199661f5,bc988342-1383-4a29-b7af-23d779e4f7ec,421fe716-fa60-43a4-8540-ab0814d10c12,abe7e3b4-e94a-47f4-bb4c-ee2b5dfb1afb,2025-03-10,8626.03,966973.76,expense,Paytm Money,Mutual fund SIP
68894ea0-6796-4fe8-ad29-003ec535ddfc,bc988342-1383-4a29-b7af-23d779e4f7ec,421fe716-fa60-43a4-8540-ab0814d10c12,62bb0c22-62a3-42ba-a471-bae2976e7fe1,2025-03-11,2703.26,964270.5,expense,GST Portal,GST payment
918137e4-1b53-408d-8dac-2db0ab9602e9,bc988342-1383-4a29-b7af-23d779e4f7ec,421fe716-fa60-43a4-8540-ab0814d10c12,19a947a7-2996-47c2-bc43-72e18eabee1f,2025-03-11,8680.87,955589.63,expense,HDFC Bank,Fixed deposit
efd0e739-c755-4bb6-a82f-962ff8434bd0,bc988342-1383-4a29-b7af-23d779e4f7ec,421fe716-fa60-43a4-8540-ab0814d10c12,9824533c-e6eb-43ff-b2d1-9724f9f59c75,2025-03-13,49448.73,906140.9,expense,Laundry,Laundry service
0631cd9a-f6d1-464e-98b7-a82c1731b952,bc988342-1383-4a29-b7af-23d779e4f7ec,421fe716-fa60-43a4-8540-ab0814d10c12,99b34d50-a760-4c27-b2ff-1bf9e6cbe779,2025-03-16,53648.77,852492.13,expense,Axis Card,Card outstanding
1eeafeae-e4eb-44e9-85a2-42ca7e0a4178,bc988342-1383-4a29-b7af-23d779e4f7ec,421fe716-fa60-43a4-8540-ab0814d10c12,245a1bba-ff69-4f13-bb3d-7fff3c2b30be,2025-03-21,722.13,851770.0,expense,BBMP Parking,Public parking fee
3a577e29-05a9-48a5-8652-576ba419c581,bc988342-1383-4a29-b7af-23d779e4f7ec,421fe716-fa60-43a4-8540-ab0814d10c12,52f50416-8d6b-4f79-aa1e-87189fe727cf,2025-03-25,4884.18,846885.82,expense,Purplle,Cosmetics
7272f5fc-b6b1-4815-b6ce-de7cf111e219,bc988342-1383-4a29-b7af-23d779e4f7ec,421fe716-fa60-43a4-8540-ab0814d10c12,8cdb5319-10b2-4cf2-89c8-22fadc1b7858,2025-03-25,99147.74,747738.08,expense,BBMP,Penalty
2d4fbb6c-7641-4c32-b5b1-d380d6d65b3e,bc988342-1383-4a29-b7af-23d779e4f7ec,421fe716-fa60-43a4-8540-ab0814d10c12,352e3807-c4b8-4f2f-b4a0-11f0a676a889,2025-03-28,2422.35,745315.73,expense,JioMart,Online grocery order
41883c01-cb09-42d1-9464-22ca4c7886a5,bc988342-1383-4a29-b7af-23d779e4f7ec,421fe716-fa60-43a4-8540-ab0814d10c12,197c9f3f-79b3-4a17-b0c4-57701d9daa96,2025-04-05,16190.29,729125.44,expense,Cult.fit,Gym membership
a157af35-da1e-4912-8755-59682afd6f3f,bc988342-1383-4a29-b7af-23d779e4f7ec,421fe716-fa60-43a4-8540-ab0814d10c12,c1794d38-04bb-436c-a349-b7efa2949d59,2025-04-06,499.0,728626.44,expense,Airtel Broadband,Monthly subscription
ae2201bc-3e48-49e2-8fa8-8ff7b55bc04c,bc988342-1383-4a29-b7af-23d779e4f7ec,421fe716-fa60-43a4-8540-ab0814d10c12,a9ffe6eb-4506-488f-8aae-77f81d637f71,2025-04-06,12219.64,716406.8,expense,Myntra,Clothing order
c6a4cd74-0225-4c22-a96a-a2b1137c5da0,bc988342-1383-4a29-b7af-23d779e4f7ec,421fe716-fa60-43a4-8540-ab0814d10c12,cb9de190-0f74-428e-8625-7eec9fa25043,2025-04-07,8608.72,707798.08,expense,HDFC Realty,Property investment
02624a9a-03ff-4616-b398-d8a3d15a9b0f,bc988342-1383-4a29-b7af-23d779e4f7ec,421fe716-fa60-43a4-8540-ab0814d10c12,55f4b023-f035-432f-8d19-0e1063848ee1,2025-04-09,8649.94,699148.14,expense,Art Gallery,Art investment
874dbe25-4e53-4637-adb1-4d2af383b5d6,bc988342-1383-4a29-b7af-23d779e4f7ec,421fe716-fa60-43a4-8540-ab0814d10c12,ba7b532e-605d-4ad5-b9b6-3155499c93eb,2025-04-09,54962.8,644185.34,expense,Max Life,Premium payment
9f01709d-9b2c-4c32-bd67-d773e395a592,bc988342-1383-4a29-b7af-23d779e4f7ec,421fe716-fa60-43a4-8540-ab0814d10c12,19a947a7-2996-47c2-bc43-72e18eabee1f,2025-04-10,8517.26,635668.08,expense,SBI RD,Recurring deposit
d5ab77d3-001d-4b7f-9698-9693ee014df5,bc988342-1383-4a29-b7af-23d779e4f7ec,421fe716-fa60-43a4-8540-ab0814d10c12,abe7e3b4-e94a-47f4-bb4c-ee2b5dfb1afb,2025-04-11,8810.19,626857.89,expense,Zerodha,Stock purchase
64875c30-b297-47cf-aaa3-cfa5b94f3259,bc988342-1383-4a29-b7af-23d779e4f7ec,421fe716-fa60-43a4-8540-ab0814d10c12,773ee99e-f4ff-4162-87c7-19387a9ebb97,2025-04-12,5261.76,621596.13,expense,Local Restaurant,Quick lunch
f4d414e4-f81a-4d82-b22b-7cfcb885124c,bc988342-1383-4a29-b7af-23d779e4f7ec,421fe716-fa60-43a4-8540-ab0814d10c12,c1794d38-04bb-436c-a349-b7efa2949d59,2025-04-12,44174.6,577421.53,expense,Amazon Prime,Prime membership
6fbcdf15-0733-423f-8fe6-e4f6a1d3707f,bc988342-1383-4a29-b7af-23d779e4f7ec,421fe716-fa60-43a4-8540-ab0814d10c12,43dc3332-707c-42c3-b0d9-0f067489a82d,2025-04-17,1400.58,576020.95,expense,HP Petrol,Diesel refill
6e3ec572-e776-4229-98f3-e068d3ffb5d4,bc988342-1383-4a29-b7af-23d779e4f7ec,421fe716-fa60-43a4-8540-ab0814d10c12,352e3807-c4b8-4f2f-b4a0-11f0a676a889,2025-04-18,2577.81,573443.14,expense,BigBasket,Weekly grocery order
b959603b-d9bc-41cb-8128-27d5922137f0,bc988342-1383-4a29-b7af-23d779e4f7ec,421fe716-fa60-43a4-8540-ab0814d10c12,352e3807-c4b8-4f2f-b4a0-11f0a676a889,2025-04-21,404.06,573039.08,expense,Zepto,Quick grocery delivery
3818d464-b87f-41d9-8114-98e932160970,bc988342-1383-4a29-b7af-23d779e4f7ec,421fe716-fa60-43a4-8540-ab0814d10c12,76b12465-5eec-4e07-98cb-43137e404dcd,2025-04-23,13454.78,559584.3,expense,Duolingo,Language learning
42a135b4-5ba1-4947-890c-b5c585d1f970,bc988342-1383-4a29-b7af-23d779e4f7ec,421fe716-fa60-43a4-8540-ab0814d10c12,7ce32b06-f082-4fbd-a3e5-d5c1d8cb6b23,2025-04-23,54499.97,505084.33,expense,Dream11,Fantasy sports
47abf367-3a37-4e37-82a8-c0bfcafac8e1,bc988342-1383-4a29-b7af-23d779e4f7ec,421fe716-fa60-43a4-8540-ab0814d10c12,61afab8e-aacd-41f8-8e63-aed9c88790f3,2025-04-24,2640.11,502444.22,expense,Mahindra Finance,Vehicle EMI
1482c8f9-8f93-46b9-ba6e-49652b3e5ca2,bc988342-1383-4a29-b7af-23d779e4f7ec,421fe716-fa60-43a4-8540-ab0814d10c12,baf0d272-8682-41c0-acfb-c78f1f2cd9a1,2025-04-25,614.9,501829.32,expense,Samsung Store,Mobile accessory
47c3f77a-7286-411b-9c38-8cbacaa7eb74,bc988342-1383-4a29-b7af-23d779e4f7ec,421fe716-fa60-43a4-8540-ab0814d10c12,489f5d0e-1a15-4527-bbe0-a4d15d125f35,2025-04-29,23892.61,477936.71,expense,Heads Up For Tails,Pet products
f06736a2-c69e-4304-9a8d-12e513f35702,bba64a3b-7d90-4be1-9ad9-026801b99f11,45b18c64-2752-45b6-af3d-b2df1b1b1379,0d3983fc-2dc6-40e8-898b-3e446f9ffcb2,2025-01-01,148818.4,1544176.92,income,Employer,Monthly salary credit
14499b47-227c-4935-b0a3-06209cf1c3a3,bba64a3b-7d90-4be1-9ad9-026801b99f11,45b18c64-2752-45b6-af3d-b2df1b1b1379,773ee99e-f4ff-4162-87c7-19387a9ebb97,2025-01-02,2558.5,1541618.42,expense,Mainland China,Anniversary dinner
8414abd2-b4bf-408a-8e0d-ce208b305fed,bba64a3b-7d90-4be1-9ad9-026801b99f11,45b18c64-2752-45b6-af3d-b2df1b1b1379,c1794d38-04bb-436c-a349-b7efa2949d59,2025-01-03,399.0,1541219.42,expense,Jio Fiber,Monthly subscription
849a0e8e-f715-4b69-bf6e-94e56846a175,bba64a3b-7d90-4be1-9ad9-026801b99f11,45b18c64-2752-45b6-af3d-b2df1b1b1379,96425e71-00ab-44ec-b7a5-b7bc7c419b3c,2025-01-03,45800.0,1495419.42,expense,LIC HFL,Home loan EMI
c1d4ea22-0533-4a87-97a9-faf3e56272aa,bba64a3b-7d90-4be1-9ad9-026801b99f11,45b18c64-2752-45b6-af3d-b2df1b1b1379,ee7c44a4-b997-4955-8565-e0095cc9a643,2025-01-05,20643.97,1474775.45,expense,Uber,Client visit cab
e2179347-37a6-4dec-98e9-f120ea7abdb5,bba64a3b-7d90-4be1-9ad9-026801b99f11,45b18c64-2752-45b6-af3d-b2df1b1b1379,94943a15-5000-4909-864f-c229ccc559c2,2025-01-05,19164.49,1455610.96,expense,IKEA,Home furnishing
7a24d3bf-b2fe-4924-8f3a-6e46ab2b2fc2,bba64a3b-7d90-4be1-9ad9-026801b99f11,45b18c64-2752-45b6-af3d-b2df1b1b1379,68662b1b-9e19-427c-8a6f-0dea71240479,2025-01-06,3709.52,1451901.44,expense,Microsoft,Software subscription
538c996e-5d9a-40b5-9eee-19a38c384638,bba64a3b-7d90-4be1-9ad9-026801b99f11,45b18c64-2752-45b6-af3d-b2df1b1b1379,61655f71-e388-4300-a414-ec44adc7ee3b,2025-01-07,4469.63,1447431.81,expense,Catering,Event catering
1399a357-6a6f-469d-b0aa-a2a54706d6f1,bba64a3b-7d90-4be1-9ad9-026801b99f11,45b18c64-2752-45b6-af3d-b2df1b1b1379,3e870dc4-9bcb-4d85-a0ed-817b2217e50b,2025-01-09,8710.08,1438721.73,expense,Axis Bank,Loan repayment
21bd0cc3-7d4d-40d5-bf17-9f3ae4103b28,bba64a3b-7d90-4be1-9ad9-026801b99f11,45b18c64-2752-45b6-af3d-b2df1b1b1379,61afab8e-aacd-41f8-8e63-aed9c88790f3,2025-01-09,918.89,1437802.84,expense,Kotak Bank,Auto loan EMI
cacc1428-76b2-4931-bda7-e08c4206dd0a,bba64a3b-7d90-4be1-9ad9-026801b99f11,45b18c64-2752-45b6-af3d-b2df1b1b1379,489f5d0e-1a15-4527-bbe0-a4d15d125f35,2025-01-09,28600.71,1409202.13,expense,Local Pet Shop,Pet accessories
67b9c5d7-21f0-4a49-b40a-1a06e819b222,bba64a3b-7d90-4be1-9ad9-026801b99f11,45b18c64-2752-45b6-af3d-b2df1b1b1379,a9ffe6eb-4506-488f-8aae-77f81d637f71,2025-01-12,16945.82,1392256.31,expense,FabIndia,Ethnic wear
21a7bca9-ea05-4afc-b75f-365fa8f1c99b,bba64a3b-7d90-4be1-9ad9-026801b99f11,45b18c64-2752-45b6-af3d-b2df1b1b1379,85035d91-6985-446f-90d5-16e1b52a5e52,2025-01-13,9003.2,1383253.11,expense,Airtel DTH,DTH payment
dac0c426-630a-4e7c-9a00-3b573aee4ed3,bba64a3b-7d90-4be1-9ad9-026801b99f11,45b18c64-2752-45b6-af3d-b2df1b1b1379,24e016a3-fafe-4519-8295-2f5f87ed7005,2025-01-13,3011.22,1380241.89,expense,Starbucks,Coffee
603d12bc-6259-4021-a328-2ebdc844b27b,bba64a3b-7d90-4be1-9ad9-026801b99f11,45b18c64-2752-45b6-af3d-b2df1b1b1379,ba7b532e-605d-4ad5-b9b6-3155499c93eb,2025-01-14,100188.29,1280053.6,expense,HDFC Life,Term plan premium
cee008c6-e512-4143-8b01-8efffd6696a7,bba64a3b-7d90-4be1-9ad9-026801b99f11,45b18c64-2752-45b6-af3d-b2df1b1b1379,96425e71-00ab-44ec-b7a5-b7bc7c419b3c,2025-01-17,25552.84,1254500.76,expense,Axis Bank,Home loan EMI
bd30be7b-afb9-4ffa-bd75-096bfc82c866,bba64a3b-7d90-4be1-9ad9-026801b99f11,45b18c64-2752-45b6-af3d-b2df1b1b1379,4e6141b4-8b08-4a48-92e3-00a3aed708d1,2025-01-22,33298.99,1221201.77,expense,BESCOM,Electricity bill
ee20f29a-4a69-4828-a474-4feb8b1723bb,bba64a3b-7d90-4be1-9ad9-026801b99f11,45b18c64-2752-45b6-af3d-b2df1b1b1379,49b46c39-e438-4284-95c0-8dd9c25bbe33,2025-01-26,627.49,1220574.28,expense,Local Eatery,Food purchase
372d9bd8-0dce-402f-852c-abd50a291930,bba64a3b-7d90-4be1-9ad9-026801b99f11,45b18c64-2752-45b6-af3d-b2df1b1b1379,60d066bc-e9ed-4249-b6d9-4da0fa4b9b29,2025-01-27,10449.89,1210124.39,expense,PVR Cinemas,Cinema
ff2f5c63-2e6b-4c7d-9377-7ffcd27845b1,bba64a3b-7d90-4be1-9ad9-026801b99f11,45b18c64-2752-45b6-af3d-b2df1b1b1379,aa200b24-ef0e-410d-9a5e-5cd5e6eb5584,2025-01-28,19739.13,1190385.26,expense,UrbanClap,Home service
2af3659d-1bb8-492d-b2cc-bd64a36d464b,bba64a3b-7d90-4be1-9ad9-026801b99f11,45b18c64-2752-45b6-af3d-b2df1b1b1379,afb11444-5eb7-49e4-adb0-6e90808b3f69,2025-01-29,19686.97,1170698.29,expense,Axis Bank,Processing fee
1efd84cd-ca2e-466d-a22e-3133c7a340f2,bba64a3b-7d90-4be1-9ad9-026801b99f11,45b18c64-2752-45b6-af3d-b2df1b1b1379,a4b93f63-6549-4c49-a3c8-3dff01794737,2025-01-30,16454.32,1154243.97,expense,Amazon,Kids order
e95da605-ffc8-4c20-99ca-f6a93d65f244,bba64a3b-7d90-4be1-9ad9-026801b99f11,45b18c64-2752-45b6-af3d-b2df1b1b1379,06112ebb-b73c-40a0-aaba-87c783f69c60,2025-01-30,18641.43,1135602.54,expense,Amazon,Hobby supplies
e62c4c38-6c25-462f-804c-d7e8147e9d41,bba64a3b-7d90-4be1-9ad9-026801b99f11,45b18c64-2752-45b6-af3d-b2df1b1b1379,0d3983fc-2dc6-40e8-898b-3e446f9ffcb2,2025-01-31,153996.41,1289598.95,income,Company,Salary transfer
b82e0424-b91d-4303-baee-74e5e98acf3d,bba64a3b-7d90-4be1-9ad9-026801b99f11,45b18c64-2752-45b6-af3d-b2df1b1b1379,d926a624-ee93-4c92-bd0e-202091a8548e,2025-02-02,17489.5,1272109.45,expense,Axis Card,Card outstanding
ba15321a-903b-41e5-a2cd-5cae7b7f84c7,bba64a3b-7d90-4be1-9ad9-026801b99f11,45b18c64-2752-45b6-af3d-b2df1b1b1379,f9695d76-897b-4d1d-b699-30bdb8c3bd63,2025-02-02,29979.79,1242129.66,expense,Ola,Cab ride
f3396356-9190-4115-9a3d-a5bac6b43d12,bba64a3b-7d90-4be1-9ad9-026801b99f11,45b18c64-2752-45b6-af3d-b2df1b1b1379,ba7b532e-605d-4ad5-b9b6-3155499c93eb,2025-02-02,34674.66,1207455.0,expense,Max Life,Premium payment
bfc74fdd-6688-430b-a76b-628db9c49946,bba64a3b-7d90-4be1-9ad9-026801b99f11,45b18c64-2752-45b6-af3d-b2df1b1b1379,3e870dc4-9bcb-4d85-a0ed-817b2217e50b,2025-02-03,24500.0,1182955.0,expense,Axis Bank,Loan repayment
f9e513ba-fd94-46cf-a6c5-9060010dd3bd,bba64a3b-7d90-4be1-9ad9-026801b99f11,45b18c64-2752-45b6-af3d-b2df1b1b1379,8020f28e-d18c-4677-a747-5497f031a5d2,2025-02-03,3508.78,1179446.22,expense,Body Shop,Beauty products
5cab2701-a6de-483a-915b-4a4c1dda3708,bba64a3b-7d90-4be1-9ad9-026801b99f11,45b18c64-2752-45b6-af3d-b2df1b1b1379,4e6141b4-8b08-4a48-92e3-00a3aed708d1,2025-02-05,37338.23,1142107.99,expense,Tata Power,Power bill
03bedb93-64c1-4b20-ae9b-e9839000ff0d,bba64a3b-7d90-4be1-9ad9-026801b99f11,45b18c64-2752-45b6-af3d-b2df1b1b1379,8020f28e-d18c-4677-a747-5497f031a5d2,2025-02-06,27640.93,1114467.06,expense,Lakme Salon,Salon visit
d360fa17-3c31-429b-9462-3cddf8a9f807,bba64a3b-7d90-4be1-9ad9-026801b99f11,45b18c64-2752-45b6-af3d-b2df1b1b1379,baf0d272-8682-41c0-acfb-c78f1f2cd9a1,2025-02-08,11856.03,1102611.03,expense,Croma,Electronics purchase
23e4f154-bc89-44e3-8945-ce9d8bcd9178,bba64a3b-7d90-4be1-9ad9-026801b99f11,45b18c64-2752-45b6-af3d-b2df1b1b1379,ba7b532e-605d-4ad5-b9b6-3155499c93eb,2025-02-09,4683.2,1097927.83,expense,LIC,Life insurance premium
164ab246-0751-4598-a639-c8b7ec9ff14e,bba64a3b-7d90-4be1-9ad9-026801b99f11,45b18c64-2752-45b6-af3d-b2df1b1b1379,2240f66e-6ba1-4bb3-9578-9f6dd6e71363,2025-02-10,47019.52,1050908.31,expense,ACT Fibernet,Internet payment
8ad9c84d-16be-4f7b-b78a-81389243bacb,bba64a3b-7d90-4be1-9ad9-026801b99f11,45b18c64-2752-45b6-af3d-b2df1b1b1379,7b4b3f22-72da-46c4-913d-6c0f0486886f,2025-02-10,4946.94,1045961.37,expense,Apollo Pharmacy,Medicine purchase
632ced33-a03b-49d7-84fc-434568c0b5a0,bba64a3b-7d90-4be1-9ad9-026801b99f11,45b18c64-2752-45b6-af3d-b2df1b1b1379,ba7b532e-605d-4ad5-b9b6-3155499c93eb,2025-02-13,99483.08,946478.29,expense,HDFC Life,Term plan premium
de242745-5c14-4194-b2cc-cd9725448114,bba64a3b-7d90-4be1-9ad9-026801b99f11,45b18c64-2752-45b6-af3d-b2df1b1b1379,482d3ee1-01c6-4f27-880c-5c2e86ff4326,2025-02-13,26484.93,919993.36,expense,Apollo Hospital,Doctor consultation
0d7b0e05-4a11-41b6-a729-f09bab27376c,bba64a3b-7d90-4be1-9ad9-026801b99f11,45b18c64-2752-45b6-af3d-b2df1b1b1379,4e6141b4-8b08-4a48-92e3-00a3aed708d1,2025-02-14,1681.9,918311.46,expense,BSES,Power bill
7c8164f3-c779-410b-abf4-63b086a614b9,bba64a3b-7d90-4be1-9ad9-026801b99f11,45b18c64-2752-45b6-af3d-b2df1b1b1379,61afab8e-aacd-41f8-8e63-aed9c88790f3,2025-02-14,2598.39,915713.07,expense,SBI Bank,Vehicle loan instalment
7edf756a-7efd-412f-81a1-130d49aab750,bba64a3b-7d90-4be1-9ad9-026801b99f11,45b18c64-2752-45b6-af3d-b2df1b1b1379,f89d39f0-2919-467d-9eae-73947cd92572,2025-02-15,3132.4,912580.67,expense,Domino's,Pizza delivery
626eaa9e-07ff-495b-a601-45fe68eda566,bba64a3b-7d90-4be1-9ad9-026801b99f11,45b18c64-2752-45b6-af3d-b2df1b1b1379,68662b1b-9e19-427c-8a6f-0dea71240479,2025-02-19,3115.3,909465.37,expense,Steam,Game purchase
89554749-99cc-4141-a3ea-ed890471ba43,bba64a3b-7d90-4be1-9ad9-026801b99f11,45b18c64-2752-45b6-af3d-b2df1b1b1379,a9ffe6eb-4506-488f-8aae-77f81d637f71,2025-02-20,9891.45,899573.92,expense,Myntra,Clothing order
ae6058a6-573c-4756-a305-aca16c109aa5,bba64a3b-7d90-4be1-9ad9-026801b99f11,45b18c64-2752-45b6-af3d-b2df1b1b1379,ba7b532e-605d-4ad5-b9b6-3155499c93eb,2025-02-20,83757.56,815816.36,expense,Max Life,Premium payment
b3360b04-507e-4bbc-b5ff-89d5ce219e3e,bba64a3b-7d90-4be1-9ad9-026801b99f11,45b18c64-2752-45b6-af3d-b2df1b1b1379,4349d060-5a14-49ee-8130-067e37e5c987,2025-02-20,34130.75,781685.61,expense,Bounce,Scooter rental
942b4c3c-c1f1-46cf-beee-bb20380f6786,bba64a3b-7d90-4be1-9ad9-026801b99f11,45b18c64-2752-45b6-af3d-b2df1b1b1379,f89d39f0-2919-467d-9eae-73947cd92572,2025-02-22,3079.17,778606.44,expense,KFC,Fast food
4d4f94eb-ebb9-4b38-8d8a-c2b82ad1ba71,bba64a3b-7d90-4be1-9ad9-026801b99f11,45b18c64-2752-45b6-af3d-b2df1b1b1379,482d3ee1-01c6-4f27-880c-5c2e86ff4326,2025-02-24,31652.86,746953.58,expense,Practo,Online consultation
6aca2727-1706-496f-a031-ae7c29a47ed4,bba64a3b-7d90-4be1-9ad9-026801b99f11,45b18c64-2752-45b6-af3d-b2df1b1b1379,820faeca-f72b-4444-b3ed-cc4b2457b6fa,2025-02-26,15878.07,731075.51,expense,Amazon,Online shopping
823b6d91-3365-4d74-aed7-312c84ef385f,bba64a3b-7d90-4be1-9ad9-026801b99f11,45b18c64-2752-45b6-af3d-b2df1b1b1379,482d3ee1-01c6-4f27-880c-5c2e86ff4326,2025-02-26,12967.41,718108.1,expense,Apollo Hospital,Doctor consultation
ab715422-cc19-4c47-b0c2-fe36d800e03e,bba64a3b-7d90-4be1-9ad9-026801b99f11,45b18c64-2752-45b6-af3d-b2df1b1b1379,248ccf02-2fad-4a57-8831-52e79f698e4c,2025-02-27,30423.54,687684.56,expense,BMTC,Bus pass recharge
e2ed8546-dda3-4df8-ae69-946c320755a5,bba64a3b-7d90-4be1-9ad9-026801b99f11,45b18c64-2752-45b6-af3d-b2df1b1b1379,06112ebb-b73c-40a0-aaba-87c783f69c60,2025-03-01,18221.86,669462.7,expense,Art Shop,Art supplies
355feb99-7566-4468-8d6d-5f63c8fe42b4,bba64a3b-7d90-4be1-9ad9-026801b99f11,45b18c64-2752-45b6-af3d-b2df1b1b1379,96425e71-00ab-44ec-b7a5-b7bc7c419b3c,2025-03-02,45800.0,623662.7,expense,LIC HFL,Home loan EMI
48159608-18ad-45f3-bb30-a50db9f1771f,bba64a3b-7d90-4be1-9ad9-026801b99f11,45b18c64-2752-45b6-af3d-b2df1b1b1379,43dc3332-707c-42c3-b0d9-0f067489a82d,2025-03-03,17297.78,606364.92,expense,Shell,Fuel refill
e5496150-f72e-4883-9a9d-4c926a17af53,bba64a3b-7d90-4be1-9ad9-026801b99f11,45b18c64-2752-45b6-af3d-b2df1b1b1379,d926a624-ee93-4c92-bd0e-202091a8548e,2025-03-04,9899.84,596465.08,expense,HDFC CC,Credit card bill
e66bc7b6-c68f-4b21-9483-2a0d5b84bd80,bba64a3b-7d90-4be1-9ad9-026801b99f11,45b18c64-2752-45b6-af3d-b2df1b1b1379,0d3983fc-2dc6-40e8-898b-3e446f9ffcb2,2025-03-04,153710.6,750175.68,income,Company,Salary transfer
50890fa6-a0d7-445a-857f-ba87e322a8ac,bba64a3b-7d90-4be1-9ad9-026801b99f11,45b18c64-2752-45b6-af3d-b2df1b1b1379,ba7b532e-605d-4ad5-b9b6-3155499c93eb,2025-03-06,27357.65,722818.03,expense,LIC,Life insurance premium
ba055293-c6b4-4516-9ce7-2fa4d2824178,bba64a3b-7d90-4be1-9ad9-026801b99f11,45b18c64-2752-45b6-af3d-b2df1b1b1379,ba7b532e-605d-4ad5-b9b6-3155499c93eb,2025-03-06,42342.13,680475.9,expense,Max Life,Premium payment
c08fc2c6-f655-4678-a754-25d804b56fb3,bba64a3b-7d90-4be1-9ad9-026801b99f11,45b18c64-2752-45b6-af3d-b2df1b1b1379,482d3ee1-01c6-4f27-880c-5c2e86ff4326,2025-03-06,12288.34,668187.56,expense,Practo,Online consultation
6dc4acf3-2a53-4571-959d-7fc6fe497184,bba64a3b-7d90-4be1-9ad9-026801b99f11,45b18c64-2752-45b6-af3d-b2df1b1b1379,1936a4f4-2484-487e-9de0-bd4773f631e7,2025-03-07,2411.14,665776.42,expense,Airtel,Postpaid bill
48721454-a466-4363-8138-0cff3c7cb49a,bba64a3b-7d90-4be1-9ad9-026801b99f11,45b18c64-2752-45b6-af3d-b2df1b1b1379,2240f66e-6ba1-4bb3-9578-9f6dd6e71363,2025-03-08,25594.73,640181.69,expense,Airtel,Broadband bill
7115801a-2707-4923-af48-c1c59863462b,bba64a3b-7d90-4be1-9ad9-026801b99f11,45b18c64-2752-45b6-af3d-b2df1b1b1379,9824533c-e6eb-43ff-b2d1-9724f9f59c75,2025-03-09,45299.43,594882.26,expense,Maid,Maid salary
071556a8-d804-4499-80a7-002fc9ac5a2d,bba64a3b-7d90-4be1-9ad9-026801b99f11,45b18c64-2752-45b6-af3d-b2df1b1b1379,3d010285-23fe-4f66-9e98-091ac1adb6a3,2025-03-11,10389.66,584492.6,expense,Booking.com,Hotel reservation
1a309daa-a77f-4674-aef8-5b643fc2a946,bba64a3b-7d90-4be1-9ad9-026801b99f11,45b18c64-2752-45b6-af3d-b2df1b1b1379,f9695d76-897b-4d1d-b699-30bdb8c3bd63,2025-03-12,24395.7,560096.9,expense,Uber,Ride to office
86e71020-7a18-4d5a-b60c-ec33759372ab,bba64a3b-7d90-4be1-9ad9-026801b99f11,45b18c64-2752-45b6-af3d-b2df1b1b1379,94943a15-5000-4909-864f-c229ccc559c2,2025-03-12,17417.54,542679.36,expense,IKEA,Home furnishing
b82b9215-581b-4679-87c8-dc5669ccf500,bba64a3b-7d90-4be1-9ad9-026801b99f11,45b18c64-2752-45b6-af3d-b2df1b1b1379,298d4111-2247-4dba-92bb-dbb57d5980a2,2025-03-14,26944.82,515734.54,expense,Vahan Portal,Road tax payment
80b27b32-0584-4b11-8518-fc1b4323c7e8,bba64a3b-7d90-4be1-9ad9-026801b99f11,45b18c64-2752-45b6-af3d-b2df1b1b1379,60d066bc-e9ed-4249-b6d9-4da0fa4b9b29,2025-03-21,4907.16,510827.38,expense,BookMyShow,Event tickets
7e8dedf8-00eb-402e-8c9a-6f8d25884d52,bba64a3b-7d90-4be1-9ad9-026801b99f11,45b18c64-2752-45b6-af3d-b2df1b1b1379,563cfb4f-7726-4895-ade8-5f8358148b40,2025-03-22,770.08,511597.46,income,HDFC Bank,Cashback credit
ea2c1fbc-e2a4-482f-8a25-1ab00c1baabb,bba64a3b-7d90-4be1-9ad9-026801b99f11,45b18c64-2752-45b6-af3d-b2df1b1b1379,f0181f4d-fdb7-49be-a0d8-f49b0b96030c,2025-03-25,3246.68,508350.78,expense,Delhivery,Shipping charges
37f08c8d-0c00-45fb-b065-c12009068f23,bba64a3b-7d90-4be1-9ad9-026801b99f11,45b18c64-2752-45b6-af3d-b2df1b1b1379,352e3807-c4b8-4f2f-b4a0-11f0a676a889,2025-03-26,4580.36,503770.42,expense,JioMart,Online grocery order
c0dba91b-d46b-451b-b3ad-a37fff2ae63e,bba64a3b-7d90-4be1-9ad9-026801b99f11,45b18c64-2752-45b6-af3d-b2df1b1b1379,352e3807-c4b8-4f2f-b4a0-11f0a676a889,2025-03-26,1239.01,502531.41,expense,Zepto,Quick grocery delivery
5c8fe8ec-bebd-4206-9587-db4b9a82c262,bba64a3b-7d90-4be1-9ad9-026801b99f11,45b18c64-2752-45b6-af3d-b2df1b1b1379,948ffb81-b520-4b5d-99fe-0e30b14ff505,2025-03-28,39845.04,462686.37,expense,Flipkart,Books order
c1531e8f-ee4d-43cb-aac7-91a17e1dc884,bba64a3b-7d90-4be1-9ad9-026801b99f11,45b18c64-2752-45b6-af3d-b2df1b1b1379,60d066bc-e9ed-4249-b6d9-4da0fa4b9b29,2025-03-28,18492.06,444194.31,expense,INOX,Movie tickets
5d0c49f6-0a0d-47d5-b210-b5ff52672f8c,bba64a3b-7d90-4be1-9ad9-026801b99f11,45b18c64-2752-45b6-af3d-b2df1b1b1379,773ee99e-f4ff-4162-87c7-19387a9ebb97,2025-03-30,2964.28,441230.03,expense,Punjab Grill,Business dinner
66205b63-12cf-4743-9a7f-6add3416f155,bba64a3b-7d90-4be1-9ad9-026801b99f11,45b18c64-2752-45b6-af3d-b2df1b1b1379,96425e71-00ab-44ec-b7a5-b7bc7c419b3c,2025-04-01,52576.39,388653.64,expense,SBI,Housing loan instalment
4275cd56-6617-403a-ac7e-2c36d74e03e2,bba64a3b-7d90-4be1-9ad9-026801b99f11,45b18c64-2752-45b6-af3d-b2df1b1b1379,3e870dc4-9bcb-4d85-a0ed-817b2217e50b,2025-04-03,24500.0,364153.64,expense,ICICI Bank,Loan EMI
798b2a2a-79fe-403d-a830-1ea26c33f0a1,bba64a3b-7d90-4be1-9ad9-026801b99f11,45b18c64-2752-45b6-af3d-b2df1b1b1379,1936a4f4-2484-487e-9de0-bd4773f631e7,2025-04-03,1783.59,362370.05,expense,Airtel,Postpaid bill
61603f68-6a74-46ca-8242-7919ff434aa0,bba64a3b-7d90-4be1-9ad9-026801b99f11,45b18c64-2752-45b6-af3d-b2df1b1b1379,248ccf02-2fad-4a57-8831-52e79f698e4c,2025-04-04,25342.89,337027.16,expense,BMTC,Bus pass recharge
7642f42e-6696-4ae6-ac65-12088eead51b,bba64a3b-7d90-4be1-9ad9-026801b99f11,45b18c64-2752-45b6-af3d-b2df1b1b1379,43dc3332-707c-42c3-b0d9-0f067489a82d,2025-04-06,23195.46,313831.7,expense,HP Petrol,Diesel refill
484ce408-e535-458a-bdae-58272755f8d8,bba64a3b-7d90-4be1-9ad9-026801b99f11,45b18c64-2752-45b6-af3d-b2df1b1b1379,ee7c44a4-b997-4955-8565-e0095cc9a643,2025-04-08,7861.09,305970.61,expense,IRCTC,Business train ticket
f09d3631-5f5a-4ba1-b3ba-c29e407ccf46,bba64a3b-7d90-4be1-9ad9-026801b99f11,45b18c64-2752-45b6-af3d-b2df1b1b1379,ba7b532e-605d-4ad5-b9b6-3155499c93eb,2025-04-08,6671.57,299299.04,expense,Max Life,Premium payment
9f0cdc5f-f7a6-42f3-8906-877e36c429ac,bba64a3b-7d90-4be1-9ad9-026801b99f11,45b18c64-2752-45b6-af3d-b2df1b1b1379,7b4b3f22-72da-46c4-913d-6c0f0486886f,2025-04-10,13492.63,285806.41,expense,NetMeds,Online medicine order
c52fb5ed-e822-43ea-a884-fa7c8f2d3ec3,bba64a3b-7d90-4be1-9ad9-026801b99f11,45b18c64-2752-45b6-af3d-b2df1b1b1379,aa200b24-ef0e-410d-9a5e-5cd5e6eb5584,2025-04-12,40063.24,245743.17,expense,Painting Service,Wall painting
d8d23a7c-b63a-4e8c-ab40-68d0b03437c8,bba64a3b-7d90-4be1-9ad9-026801b99f11,45b18c64-2752-45b6-af3d-b2df1b1b1379,a9ffe6eb-4506-488f-8aae-77f81d637f71,2025-04-12,22448.26,223294.91,expense,Ajio,Online fashion
af65b3be-6141-4ed1-ac24-b304cd8102d9,bba64a3b-7d90-4be1-9ad9-026801b99f11,45b18c64-2752-45b6-af3d-b2df1b1b1379,3e870dc4-9bcb-4d85-a0ed-817b2217e50b,2025-04-16,22960.76,200334.15,expense,ICICI Bank,Loan EMI
d8372643-df0f-49f8-a407-de4024f4a01a,bba64a3b-7d90-4be1-9ad9-026801b99f11,45b18c64-2752-45b6-af3d-b2df1b1b1379,352e3807-c4b8-4f2f-b4a0-11f0a676a889,2025-04-20,2280.87,198053.28,expense,BigBasket,Weekly grocery order
fa6035bb-185f-45a9-8efa-3b23e061d49a,bba64a3b-7d90-4be1-9ad9-026801b99f11,45b18c64-2752-45b6-af3d-b2df1b1b1379,61afab8e-aacd-41f8-8e63-aed9c88790f3,2025-04-21,8981.51,189071.77,expense,SBI Bank,Vehicle loan instalment
2e7e3ae8-e28a-472d-a14d-7e6e867fcb2e,bba64a3b-7d90-4be1-9ad9-026801b99f11,45b18c64-2752-45b6-af3d-b2df1b1b1379,52f50416-8d6b-4f79-aa1e-87189fe727cf,2025-04-24,23335.6,165736.17,expense,Nykaa,Beauty products
dc53d12b-ece7-4716-a06d-d571604f4d98,bba64a3b-7d90-4be1-9ad9-026801b99f11,45b18c64-2752-45b6-af3d-b2df1b1b1379,4e6141b4-8b08-4a48-92e3-00a3aed708d1,2025-04-24,8181.65,157554.52,expense,BSES,Power bill
59efeafe-0e6f-497a-be6e-c9f40a5066e5,bba64a3b-7d90-4be1-9ad9-026801b99f11,45b18c64-2752-45b6-af3d-b2df1b1b1379,aea49b50-348f-446b-9a35-c970ed3e3a8a,2025-04-25,24334.97,133219.55,expense,Landlord,Monthly rent payment
d2281d07-d33a-4708-aaba-8de42ccd802b,bba64a3b-7d90-4be1-9ad9-026801b99f11,45b18c64-2752-45b6-af3d-b2df1b1b1379,baf0d272-8682-41c0-acfb-c78f1f2cd9a1,2025-04-26,3968.0,129251.55,expense,Amazon,Electronics order
97a5278b-444b-4846-b7ef-960f6c193d2a,bba64a3b-7d90-4be1-9ad9-026801b99f11,45b18c64-2752-45b6-af3d-b2df1b1b1379,3e870dc4-9bcb-4d85-a0ed-817b2217e50b,2025-04-27,50305.93,78945.62,expense,Bajaj Finance,Consumer loan
034dbc36-023d-425c-868b-987face3bd35,bba64a3b-7d90-4be1-9ad9-026801b99f11,45b18c64-2752-45b6-af3d-b2df1b1b1379,ba7b532e-605d-4ad5-b9b6-3155499c93eb,2025-04-28,59382.35,19563.27,expense,ICICI Prudential,Policy premium
0b93a093-3e4f-4913-8a85-2e053fbdfa68,b2e67456-ae78-4a7d-b17c-e280b8b211cb,4b10857f-801d-4b40-ba04-19b0e81cdeb4,19a947a7-2996-47c2-bc43-72e18eabee1f,2025-01-06,8213.59,1716403.49,expense,SBI RD,Recurring deposit
8c99d51d-a540-44c1-9be5-1849b550c985,b2e67456-ae78-4a7d-b17c-e280b8b211cb,4b10857f-801d-4b40-ba04-19b0e81cdeb4,d926a624-ee93-4c92-bd0e-202091a8548e,2025-01-06,105878.08,1610525.41,expense,HDFC CC,Credit card bill
9e4ab12a-3bd6-4b63-96c0-29b7ba86f99b,b2e67456-ae78-4a7d-b17c-e280b8b211cb,4b10857f-801d-4b40-ba04-19b0e81cdeb4,abe7e3b4-e94a-47f4-bb4c-ee2b5dfb1afb,2025-01-08,8087.62,1602437.79,expense,Upstox,Equity buy
4f77445d-3f9d-4e69-8583-7beffd366ddc,b2e67456-ae78-4a7d-b17c-e280b8b211cb,4b10857f-801d-4b40-ba04-19b0e81cdeb4,c1794d38-04bb-436c-a349-b7efa2949d59,2025-01-10,99.0,1602338.79,expense,Apple Music,Monthly subscription
4e84db76-98d7-4d23-9aaa-b8b1c3d04b45,b2e67456-ae78-4a7d-b17c-e280b8b211cb,4b10857f-801d-4b40-ba04-19b0e81cdeb4,3e870dc4-9bcb-4d85-a0ed-817b2217e50b,2025-01-12,78008.83,1524329.96,expense,SBI,Personal loan EMI
8675162a-fe88-4c91-949b-fcc032bb6550,b2e67456-ae78-4a7d-b17c-e280b8b211cb,4b10857f-801d-4b40-ba04-19b0e81cdeb4,cb9de190-0f74-428e-8625-7eec9fa25043,2025-01-12,7926.08,1516403.88,expense,Real Estate,Property investment
bac2bd79-ea6c-404d-b01e-8bbc9c91cf6d,b2e67456-ae78-4a7d-b17c-e280b8b211cb,4b10857f-801d-4b40-ba04-19b0e81cdeb4,a9ffe6eb-4506-488f-8aae-77f81d637f71,2025-01-13,29494.69,1486909.19,expense,FabIndia,Ethnic wear
5b9212c8-7229-40fe-bd35-3edf3998dba2,b2e67456-ae78-4a7d-b17c-e280b8b211cb,4b10857f-801d-4b40-ba04-19b0e81cdeb4,7b4b3f22-72da-46c4-913d-6c0f0486886f,2025-01-14,15182.45,1471726.74,expense,NetMeds,Online medicine order
2d0bab18-706a-44ad-9061-9f5ed99cc3c1,b2e67456-ae78-4a7d-b17c-e280b8b211cb,4b10857f-801d-4b40-ba04-19b0e81cdeb4,773ee99e-f4ff-4162-87c7-19387a9ebb97,2025-01-15,971.2,1470755.54,expense,Barbeque Nation,Dinner with family
a9a38594-9ff3-4340-90e0-f0d2f8e4c39d,b2e67456-ae78-4a7d-b17c-e280b8b211cb,4b10857f-801d-4b40-ba04-19b0e81cdeb4,02b93640-5ea9-4023-9ca5-12aaa253ea5b,2025-01-18,236.08,1470519.46,expense,Jio Fiber,Broadband bill
82d4bad9-9c79-43ea-b4cf-8f6d1870d611,b2e67456-ae78-4a7d-b17c-e280b8b211cb,4b10857f-801d-4b40-ba04-19b0e81cdeb4,223324ac-c0b3-4f8f-bc2b-440cc66d4f97,2025-01-19,17713.99,1452805.47,expense,Amazon,Tools order
0418bcd9-fad7-4dfd-9ade-086f37aa8c9b,b2e67456-ae78-4a7d-b17c-e280b8b211cb,4b10857f-801d-4b40-ba04-19b0e81cdeb4,3e870dc4-9bcb-4d85-a0ed-817b2217e50b,2025-01-20,20706.89,1432098.58,expense,HDFC Bank,Loan instalment
6b69b3a2-adb0-47dd-b9cc-642d6e444926,b2e67456-ae78-4a7d-b17c-e280b8b211cb,4b10857f-801d-4b40-ba04-19b0e81cdeb4,ba7b532e-605d-4ad5-b9b6-3155499c93eb,2025-01-21,65347.8,1366750.78,expense,HDFC Life,Term plan premium
fd7111e4-483b-46fe-bd88-4215c1beb38e,b2e67456-ae78-4a7d-b17c-e280b8b211cb,4b10857f-801d-4b40-ba04-19b0e81cdeb4,b44b3d71-0880-41d9-8f85-0348da9b0531,2025-01-21,33795.59,1332955.19,expense,Tanishq,Jewellery purchase
07168db3-ea38-4492-827c-cc7e581def60,b2e67456-ae78-4a7d-b17c-e280b8b211cb,4b10857f-801d-4b40-ba04-19b0e81cdeb4,9824533c-e6eb-43ff-b2d1-9724f9f59c75,2025-01-24,40618.04,1292337.15,expense,Cook,Cook wages
60ad2b7b-ca7a-45d2-ac68-6c7e3763314a,b2e67456-ae78-4a7d-b17c-e280b8b211cb,4b10857f-801d-4b40-ba04-19b0e81cdeb4,1936a4f4-2484-487e-9de0-bd4773f631e7,2025-01-25,3264.06,1289073.09,expense,Airtel,Postpaid bill
dd2fe026-5142-425c-80de-de43abc4a102,b2e67456-ae78-4a7d-b17c-e280b8b211cb,4b10857f-801d-4b40-ba04-19b0e81cdeb4,2240f66e-6ba1-4bb3-9578-9f6dd6e71363,2025-01-25,19602.2,1269470.89,expense,Jio Fiber,Internet bill
23eedc8e-874a-4048-ba51-bd1bc7104491,b2e67456-ae78-4a7d-b17c-e280b8b211cb,4b10857f-801d-4b40-ba04-19b0e81cdeb4,825886bd-f63b-4c0f-9ac7-7f98670856c9,2025-01-26,37545.73,1231925.16,expense,PM Relief Fund,Donation
58bbdaf3-3358-46ab-a369-cb99e0d1ab69,b2e67456-ae78-4a7d-b17c-e280b8b211cb,4b10857f-801d-4b40-ba04-19b0e81cdeb4,248ccf02-2fad-4a57-8831-52e79f698e4c,2025-01-26,28638.82,1203286.34,expense,KSRTC,Bus ticket
8f95a923-153d-45e1-b8ef-703953a6cf7c,b2e67456-ae78-4a7d-b17c-e280b8b211cb,4b10857f-801d-4b40-ba04-19b0e81cdeb4,ba0f6da6-4496-4265-b6e2-c69a3d91b7c4,2025-01-26,23946.35,1179339.99,expense,New India Assurance,Car insurance renewal
989c35b6-269e-40d7-85df-ab8098e8e9a9,b2e67456-ae78-4a7d-b17c-e280b8b211cb,4b10857f-801d-4b40-ba04-19b0e81cdeb4,1936a4f4-2484-487e-9de0-bd4773f631e7,2025-01-26,3009.41,1176330.58,expense,Airtel,Postpaid bill
183a1756-c80f-4b4c-9982-df00cdc6b94e,b2e67456-ae78-4a7d-b17c-e280b8b211cb,4b10857f-801d-4b40-ba04-19b0e81cdeb4,4e6141b4-8b08-4a48-92e3-00a3aed708d1,2025-01-27,14508.98,1161821.6,expense,Tata Power,Power bill
fdc9f245-21b4-431e-9783-c5374eb62961,b2e67456-ae78-4a7d-b17c-e280b8b211cb,4b10857f-801d-4b40-ba04-19b0e81cdeb4,52f50416-8d6b-4f79-aa1e-87189fe727cf,2025-01-27,8548.49,1153273.11,expense,Nykaa,Beauty products
4825e8ee-8a83-4c54-9736-53e9d65bb473,b2e67456-ae78-4a7d-b17c-e280b8b211cb,4b10857f-801d-4b40-ba04-19b0e81cdeb4,52f50416-8d6b-4f79-aa1e-87189fe727cf,2025-02-03,22003.99,1131269.12,expense,Mamaearth,Skincare
95596bb5-6eae-4a7e-a823-05f3519ffeb5,b2e67456-ae78-4a7d-b17c-e280b8b211cb,4b10857f-801d-4b40-ba04-19b0e81cdeb4,9824533c-e6eb-43ff-b2d1-9724f9f59c75,2025-02-04,65468.17,1065800.95,expense,Cook,Cook wages
db35ad93-9072-4a6d-b64d-9425467c3dc5,b2e67456-ae78-4a7d-b17c-e280b8b211cb,4b10857f-801d-4b40-ba04-19b0e81cdeb4,773ee99e-f4ff-4162-87c7-19387a9ebb97,2025-02-05,463.71,1065337.24,expense,Social,Weekend brunch
0a10403c-9504-4e22-87e2-dba49422ada8,b2e67456-ae78-4a7d-b17c-e280b8b211cb,4b10857f-801d-4b40-ba04-19b0e81cdeb4,61655f71-e388-4300-a414-ec44adc7ee3b,2025-02-06,22277.63,1043059.61,expense,Wedding Venue,Event expense
65eee506-d831-450d-84d3-83f0f842bdc6,b2e67456-ae78-4a7d-b17c-e280b8b211cb,4b10857f-801d-4b40-ba04-19b0e81cdeb4,1936a4f4-2484-487e-9de0-bd4773f631e7,2025-02-06,588.03,1042471.58,expense,Jio,Mobile recharge
691fb836-743e-4ef0-a806-a5cfad0cedb0,b2e67456-ae78-4a7d-b17c-e280b8b211cb,4b10857f-801d-4b40-ba04-19b0e81cdeb4,19a947a7-2996-47c2-bc43-72e18eabee1f,2025-02-06,7864.91,1034606.67,expense,HDFC Bank,Fixed deposit
8eb46f47-828c-4f0b-a162-477d8ee5a37c,b2e67456-ae78-4a7d-b17c-e280b8b211cb,4b10857f-801d-4b40-ba04-19b0e81cdeb4,4e6141b4-8b08-4a48-92e3-00a3aed708d1,2025-02-06,1018.77,1033587.9,expense,BSES,Power bill
9f4fdb33-e755-43b5-9e3d-da8243cfc845,b2e67456-ae78-4a7d-b17c-e280b8b211cb,4b10857f-801d-4b40-ba04-19b0e81cdeb4,aa200b24-ef0e-410d-9a5e-5cd5e6eb5584,2025-02-06,20934.71,1012653.19,expense,Painting Service,Wall painting
56f5e3eb-7622-4348-b8c5-1595858ec20b,b2e67456-ae78-4a7d-b17c-e280b8b211cb,4b10857f-801d-4b40-ba04-19b0e81cdeb4,94943a15-5000-4909-864f-c229ccc559c2,2025-02-07,15246.59,997406.6,expense,Urban Ladder,Home decor
a9efe5ba-843a-411c-9056-0754c5fabfbd,b2e67456-ae78-4a7d-b17c-e280b8b211cb,4b10857f-801d-4b40-ba04-19b0e81cdeb4,abe7e3b4-e94a-47f4-bb4c-ee2b5dfb1afb,2025-02-07,8207.07,989199.53,expense,Paytm Money,Mutual fund SIP
c3598d64-c469-43f8-8802-db9acbd2c34c,b2e67456-ae78-4a7d-b17c-e280b8b211cb,4b10857f-801d-4b40-ba04-19b0e81cdeb4,245a1bba-ff69-4f13-bb3d-7fff3c2b30be,2025-02-08,21964.33,967235.2,expense,BBMP Parking,Public parking fee
79f6f7a4-a632-49c8-b8a3-f2494e2c8bd1,b2e67456-ae78-4a7d-b17c-e280b8b211cb,4b10857f-801d-4b40-ba04-19b0e81cdeb4,43dc3332-707c-42c3-b0d9-0f067489a82d,2025-02-09,33566.78,933668.42,expense,Indian Oil,Fuel top-up
beff4473-4be1-413d-b8c0-1dea30e21db7,b2e67456-ae78-4a7d-b17c-e280b8b211cb,4b10857f-801d-4b40-ba04-19b0e81cdeb4,02b93640-5ea9-4023-9ca5-12aaa253ea5b,2025-02-10,515.58,933152.84,expense,Jio Fiber,Broadband bill
c004413b-1574-43a0-b5ee-ecc5a124e4cc,b2e67456-ae78-4a7d-b17c-e280b8b211cb,4b10857f-801d-4b40-ba04-19b0e81cdeb4,248ccf02-2fad-4a57-8831-52e79f698e4c,2025-02-12,29114.98,904037.86,expense,DMRC,Metro card top-up
decdb938-2a41-4285-bdf5-0d2941460376,b2e67456-ae78-4a7d-b17c-e280b8b211cb,4b10857f-801d-4b40-ba04-19b0e81cdeb4,cb9de190-0f74-428e-8625-7eec9fa25043,2025-02-12,8119.42,895918.44,expense,HDFC Realty,Property investment
a674056d-a22a-447d-a49d-8a932e93403a,b2e67456-ae78-4a7d-b17c-e280b8b211cb,4b10857f-801d-4b40-ba04-19b0e81cdeb4,85035d91-6985-446f-90d5-16e1b52a5e52,2025-02-13,29952.12,865966.32,expense,Dish TV,DTH subscription
c7ace448-2465-41a8-9b90-03df0c637128,b2e67456-ae78-4a7d-b17c-e280b8b211cb,4b10857f-801d-4b40-ba04-19b0e81cdeb4,61afab8e-aacd-41f8-8e63-aed9c88790f3,2025-02-16,27069.29,838897.03,expense,Kotak Bank,Auto loan EMI
ce34896e-4af8-4896-acaa-37850645b1d1,b2e67456-ae78-4a7d-b17c-e280b8b211cb,4b10857f-801d-4b40-ba04-19b0e81cdeb4,245a1bba-ff69-4f13-bb3d-7fff3c2b30be,2025-02-19,519.87,838377.16,expense,Mall Parking,Parking charges
627c84fb-d8f5-45b8-8a69-403190c6cfaa,b2e67456-ae78-4a7d-b17c-e280b8b211cb,4b10857f-801d-4b40-ba04-19b0e81cdeb4,62f6b8d3-1048-4d35-8644-028a80420f06,2025-02-21,4207.43,834169.73,expense,Archies,Gift item
95720559-2066-4f88-ae66-d3d3e3de0eff,b2e67456-ae78-4a7d-b17c-e280b8b211cb,4b10857f-801d-4b40-ba04-19b0e81cdeb4,76b12465-5eec-4e07-98cb-43137e404dcd,2025-02-23,18241.77,815927.96,expense,Coursera,Course subscription
7eb345e6-c319-4091-a88b-c83aeb7ff54c,b2e67456-ae78-4a7d-b17c-e280b8b211cb,4b10857f-801d-4b40-ba04-19b0e81cdeb4,aa200b24-ef0e-410d-9a5e-5cd5e6eb5584,2025-02-24,1010.6,814917.36,expense,Carpenter,Carpentry work
905886cc-9f6c-48ba-a205-94dcb67ee642,b2e67456-ae78-4a7d-b17c-e280b8b211cb,4b10857f-801d-4b40-ba04-19b0e81cdeb4,61afab8e-aacd-41f8-8e63-aed9c88790f3,2025-02-24,14214.27,800703.09,expense,SBI Bank,Vehicle loan instalment
a22bd952-9b5e-4f42-a138-1c374297ff1b,b2e67456-ae78-4a7d-b17c-e280b8b211cb,4b10857f-801d-4b40-ba04-19b0e81cdeb4,9b12be40-523e-43ac-b1e0-56b200b39928,2025-02-26,25540.9,775162.19,expense,HDFC ERGO,Home insurance
4255b3dc-457c-4f77-9759-3091f705b46e,b2e67456-ae78-4a7d-b17c-e280b8b211cb,4b10857f-801d-4b40-ba04-19b0e81cdeb4,f9695d76-897b-4d1d-b699-30bdb8c3bd63,2025-03-01,17633.07,757529.12,expense,Rapido,Bike taxi
a63e9a17-3609-4945-a3b1-7e52bb193641,b2e67456-ae78-4a7d-b17c-e280b8b211cb,4b10857f-801d-4b40-ba04-19b0e81cdeb4,e449546b-a5d2-425f-9873-40aac234c33e,2025-03-01,36852.78,720676.34,expense,Local Entertainment,Entertainment expense
d2f6868a-2712-4aaf-b404-812bc5ddf035,b2e67456-ae78-4a7d-b17c-e280b8b211cb,4b10857f-801d-4b40-ba04-19b0e81cdeb4,245a1bba-ff69-4f13-bb3d-7fff3c2b30be,2025-03-04,2840.37,717835.97,expense,BBMP Parking,Public parking fee
13af4f3a-ccd0-4f68-ba8a-003b399a6e7a,b2e67456-ae78-4a7d-b17c-e280b8b211cb,4b10857f-801d-4b40-ba04-19b0e81cdeb4,19a947a7-2996-47c2-bc43-72e18eabee1f,2025-03-06,7951.9,709884.07,expense,Kotak Bank,FD booking
978324e4-bf47-462e-bf25-5a7eb9d32449,b2e67456-ae78-4a7d-b17c-e280b8b211cb,4b10857f-801d-4b40-ba04-19b0e81cdeb4,820faeca-f72b-4444-b3ed-cc4b2457b6fa,2025-03-06,2389.77,707494.3,expense,Meesho,Online order
daf3b522-6ad0-4602-8b94-2f698a0452ca,b2e67456-ae78-4a7d-b17c-e280b8b211cb,4b10857f-801d-4b40-ba04-19b0e81cdeb4,245a1bba-ff69-4f13-bb3d-7fff3c2b30be,2025-03-07,1964.83,705529.47,expense,Airport Parking,Airport parking
5519cad7-0215-4a58-a1ab-dbeaf7f996ed,b2e67456-ae78-4a7d-b17c-e280b8b211cb,4b10857f-801d-4b40-ba04-19b0e81cdeb4,c1794d38-04bb-436c-a349-b7efa2949d59,2025-03-08,199.0,705330.47,expense,Netflix,Monthly subscription
75e4d3cb-8b93-4093-ad4c-aa5cc3d5a388,b2e67456-ae78-4a7d-b17c-e280b8b211cb,4b10857f-801d-4b40-ba04-19b0e81cdeb4,1936a4f4-2484-487e-9de0-bd4773f631e7,2025-03-09,94.59,705235.88,expense,Airtel,Postpaid bill
f4dd0f15-59ff-48a5-901e-a4bb6944962b,b2e67456-ae78-4a7d-b17c-e280b8b211cb,4b10857f-801d-4b40-ba04-19b0e81cdeb4,abe7e3b4-e94a-47f4-bb4c-ee2b5dfb1afb,2025-03-09,7883.0,697352.88,expense,SBI MF,Systematic investment
a52c1e58-4f01-4d5d-9bc4-9433d5fedbcc,b2e67456-ae78-4a7d-b17c-e280b8b211cb,4b10857f-801d-4b40-ba04-19b0e81cdeb4,cb9de190-0f74-428e-8625-7eec9fa25043,2025-03-14,7826.44,689526.44,expense,Real Estate,Property investment
dd960562-7505-4d7c-af1b-9a2c1eaedb0a,b2e67456-ae78-4a7d-b17c-e280b8b211cb,4b10857f-801d-4b40-ba04-19b0e81cdeb4,773ee99e-f4ff-4162-87c7-19387a9ebb97,2025-03-17,724.45,688801.99,expense,Barbeque Nation,Dinner with family
65045eff-a77c-45ec-9038-fa2c6a5a9100,b2e67456-ae78-4a7d-b17c-e280b8b211cb,4b10857f-801d-4b40-ba04-19b0e81cdeb4,76b12465-5eec-4e07-98cb-43137e404dcd,2025-03-18,11669.36,677132.63,expense,Simplilearn,Certification
cfa669cc-8d3d-4653-8374-4482a6e8dbee,b2e67456-ae78-4a7d-b17c-e280b8b211cb,4b10857f-801d-4b40-ba04-19b0e81cdeb4,773ee99e-f4ff-4162-87c7-19387a9ebb97,2025-03-18,1601.09,675531.54,expense,Social,Weekend brunch
d37ce02f-4479-46ac-ab99-c1426839daa1,b2e67456-ae78-4a7d-b17c-e280b8b211cb,4b10857f-801d-4b40-ba04-19b0e81cdeb4,f9695d76-897b-4d1d-b699-30bdb8c3bd63,2025-03-18,27815.2,647716.34,expense,Auto,Auto fare
8b514ff1-f3a0-460d-ab46-e13612ba9649,b2e67456-ae78-4a7d-b17c-e280b8b211cb,4b10857f-801d-4b40-ba04-19b0e81cdeb4,197c9f3f-79b3-4a17-b0c4-57701d9daa96,2025-03-21,15490.53,632225.81,expense,Gold's Gym,Monthly gym fee
e0361f80-d7ad-4325-8552-6f41b2431bd5,b2e67456-ae78-4a7d-b17c-e280b8b211cb,4b10857f-801d-4b40-ba04-19b0e81cdeb4,f89d39f0-2919-467d-9eae-73947cd92572,2025-03-24,5422.77,626803.04,expense,Burger King,Burger meal
7bf46df0-79c0-4a4b-bbfa-a21f66c46be3,b2e67456-ae78-4a7d-b17c-e280b8b211cb,4b10857f-801d-4b40-ba04-19b0e81cdeb4,8cdb5319-10b2-4cf2-89c8-22fadc1b7858,2025-03-25,49519.77,577283.27,expense,Municipal Corp,Fine payment
ae531189-329e-4fe8-9e31-c7f3b481aaec,b2e67456-ae78-4a7d-b17c-e280b8b211cb,4b10857f-801d-4b40-ba04-19b0e81cdeb4,197c9f3f-79b3-4a17-b0c4-57701d9daa96,2025-03-25,14770.06,562513.21,expense,Cult.fit,Gym membership
0d054543-3eff-451e-ac84-f20cb8be2a09,b2e67456-ae78-4a7d-b17c-e280b8b211cb,4b10857f-801d-4b40-ba04-19b0e81cdeb4,482d3ee1-01c6-4f27-880c-5c2e86ff4326,2025-03-30,21267.93,541245.28,expense,Practo,Online consultation
3ccf5619-0f1e-420b-a636-075561fbe766,b2e67456-ae78-4a7d-b17c-e280b8b211cb,4b10857f-801d-4b40-ba04-19b0e81cdeb4,02b93640-5ea9-4023-9ca5-12aaa253ea5b,2025-03-31,3347.27,537898.01,expense,BSNL Broadband,Internet bill
7ebc43c3-f9d8-4bdc-879c-48d23d5c0d96,b2e67456-ae78-4a7d-b17c-e280b8b211cb,4b10857f-801d-4b40-ba04-19b0e81cdeb4,352e3807-c4b8-4f2f-b4a0-11f0a676a889,2025-04-01,1607.0,536291.01,expense,Blinkit,Instant delivery
1bbc1874-a495-4e70-80fb-3f6ff154db41,b2e67456-ae78-4a7d-b17c-e280b8b211cb,4b10857f-801d-4b40-ba04-19b0e81cdeb4,f89d39f0-2919-467d-9eae-73947cd92572,2025-04-02,433.77,535857.24,expense,McDonald's,Quick meal
b52f8441-c548-4a35-8033-4d708b1291b7,b2e67456-ae78-4a7d-b17c-e280b8b211cb,4b10857f-801d-4b40-ba04-19b0e81cdeb4,baf0d272-8682-41c0-acfb-c78f1f2cd9a1,2025-04-02,21444.87,514412.37,expense,Reliance Digital,Gadget purchase
5f2bcf01-2c3e-4a35-a6f0-68b3c82a3d3b,b2e67456-ae78-4a7d-b17c-e280b8b211cb,4b10857f-801d-4b40-ba04-19b0e81cdeb4,f89d39f0-2919-467d-9eae-73947cd92572,2025-04-04,4932.98,509479.39,expense,Domino's,Pizza delivery
fd63f693-82d0-4e18-b22f-d9dd1f2eb2da,b2e67456-ae78-4a7d-b17c-e280b8b211cb,4b10857f-801d-4b40-ba04-19b0e81cdeb4,ee7c44a4-b997-4955-8565-e0095cc9a643,2025-04-04,31298.86,478180.53,expense,IRCTC,Business train ticket
aa3eefc8-204e-4f61-9ca7-752e17165fbd,b2e67456-ae78-4a7d-b17c-e280b8b211cb,4b10857f-801d-4b40-ba04-19b0e81cdeb4,c1794d38-04bb-436c-a349-b7efa2949d59,2025-04-05,99.0,478081.53,expense,Apple Music,Monthly subscription
05624fbc-4665-425f-88be-d6ce1bc3a930,b2e67456-ae78-4a7d-b17c-e280b8b211cb,4b10857f-801d-4b40-ba04-19b0e81cdeb4,19a947a7-2996-47c2-bc43-72e18eabee1f,2025-04-06,8002.88,470078.65,expense,HDFC Bank,Fixed deposit
fb9302c5-dc9a-4261-ae95-6c639a456573,b2e67456-ae78-4a7d-b17c-e280b8b211cb,4b10857f-801d-4b40-ba04-19b0e81cdeb4,c1794d38-04bb-436c-a349-b7efa2949d59,2025-04-06,199.0,469879.65,expense,Netflix,Monthly subscription
58a28257-aa22-42b2-85ff-a964fb5376db,b2e67456-ae78-4a7d-b17c-e280b8b211cb,4b10857f-801d-4b40-ba04-19b0e81cdeb4,abe7e3b4-e94a-47f4-bb4c-ee2b5dfb1afb,2025-04-07,8136.77,461742.88,expense,HDFC MF,SIP debit
e8091235-4da8-44dd-90b5-c6bd09730128,b2e67456-ae78-4a7d-b17c-e280b8b211cb,4b10857f-801d-4b40-ba04-19b0e81cdeb4,a148be30-71e8-4132-be5e-4a91a2095699,2025-04-07,16467.02,445275.86,expense,FNP,Flowers and gift
06b67029-19f3-48f0-ab1a-099a52b36812,b2e67456-ae78-4a7d-b17c-e280b8b211cb,4b10857f-801d-4b40-ba04-19b0e81cdeb4,2240f66e-6ba1-4bb3-9578-9f6dd6e71363,2025-04-08,616.63,444659.23,expense,Airtel,Broadband bill
f0c61d89-7ec5-4086-8a15-bbde666583b5,b2e67456-ae78-4a7d-b17c-e280b8b211cb,4b10857f-801d-4b40-ba04-19b0e81cdeb4,52f50416-8d6b-4f79-aa1e-87189fe727cf,2025-04-08,18463.09,426196.14,expense,Mamaearth,Skincare
63122ca2-8056-4922-af7b-18847b058217,b2e67456-ae78-4a7d-b17c-e280b8b211cb,4b10857f-801d-4b40-ba04-19b0e81cdeb4,773ee99e-f4ff-4162-87c7-19387a9ebb97,2025-04-09,5606.62,420589.52,expense,Social,Weekend brunch
bb67abbe-170c-400c-baff-8305f59f5c61,b2e67456-ae78-4a7d-b17c-e280b8b211cb,4b10857f-801d-4b40-ba04-19b0e81cdeb4,948ffb81-b520-4b5d-99fe-0e30b14ff505,2025-04-11,3682.72,416906.8,expense,Amazon Books,Book purchase
e65926b2-2d18-4374-8aa4-76ad6dd4563e,b2e67456-ae78-4a7d-b17c-e280b8b211cb,4b10857f-801d-4b40-ba04-19b0e81cdeb4,cb9de190-0f74-428e-8625-7eec9fa25043,2025-04-12,8012.05,408894.75,expense,Housing.com,Property purchase down payment
5800c978-6ddb-401b-8391-80650439339c,b2e67456-ae78-4a7d-b17c-e280b8b211cb,4b10857f-801d-4b40-ba04-19b0e81cdeb4,7b4b3f22-72da-46c4-913d-6c0f0486886f,2025-04-13,4058.69,404836.06,expense,Apollo Pharmacy,Medicine purchase
623a983a-a2b6-4017-bdce-00f508165ba7,b2e67456-ae78-4a7d-b17c-e280b8b211cb,4b10857f-801d-4b40-ba04-19b0e81cdeb4,52f50416-8d6b-4f79-aa1e-87189fe727cf,2025-04-13,19078.12,385757.94,expense,Forest Essentials,Skincare
6e453c6f-7fec-4118-9a83-9b812762d4fc,b2e67456-ae78-4a7d-b17c-e280b8b211cb,4b10857f-801d-4b40-ba04-19b0e81cdeb4,c1794d38-04bb-436c-a349-b7efa2949d59,2025-04-13,17952.59,367805.35,expense,Hotstar,OTT subscription
202a79ce-ec49-4517-93e2-819534f7c912,b2e67456-ae78-4a7d-b17c-e280b8b211cb,4b10857f-801d-4b40-ba04-19b0e81cdeb4,a9ffe6eb-4506-488f-8aae-77f81d637f71,2025-04-15,15803.79,352001.56,expense,Bata,Footwear
80d504d0-394b-4e77-bfbe-59e9752a9d67,b2e67456-ae78-4a7d-b17c-e280b8b211cb,4b10857f-801d-4b40-ba04-19b0e81cdeb4,ba7b532e-605d-4ad5-b9b6-3155499c93eb,2025-04-15,7159.37,344842.19,expense,HDFC Life,Term plan premium
efd8ae99-c0bb-4621-ba2f-9ea5ad3eee21,b2e67456-ae78-4a7d-b17c-e280b8b211cb,4b10857f-801d-4b40-ba04-19b0e81cdeb4,85035d91-6985-446f-90d5-16e1b52a5e52,2025-04-16,32265.61,312576.58,expense,Netflix,Streaming
3833d690-ade3-4b84-849d-004d34eb1d39,b2e67456-ae78-4a7d-b17c-e280b8b211cb,4b10857f-801d-4b40-ba04-19b0e81cdeb4,ba7b532e-605d-4ad5-b9b6-3155499c93eb,2025-04-17,1578.9,310997.68,expense,Max Life,Premium payment
0bbdb1a4-8fd4-48e7-8551-2fa36d52fea5,b2e67456-ae78-4a7d-b17c-e280b8b211cb,4b10857f-801d-4b40-ba04-19b0e81cdeb4,aea49b50-348f-446b-9a35-c970ed3e3a8a,2025-04-19,41544.61,269453.07,expense,NoBroker,Rent via NoBroker
3efc37a6-00df-4b96-a18c-9d5ee121f7a7,b2e67456-ae78-4a7d-b17c-e280b8b211cb,4b10857f-801d-4b40-ba04-19b0e81cdeb4,4e6141b4-8b08-4a48-92e3-00a3aed708d1,2025-04-20,41902.97,227550.1,expense,Adani Electricity,Electricity payment
0ea60896-dae4-4c72-a39a-a29db60f8f39,b2e67456-ae78-4a7d-b17c-e280b8b211cb,4b10857f-801d-4b40-ba04-19b0e81cdeb4,49b46c39-e438-4284-95c0-8dd9c25bbe33,2025-04-22,230.08,227320.02,expense,Zomato,Meal delivery
ad735e74-de98-4e14-955b-834c2fa04e46,b2e67456-ae78-4a7d-b17c-e280b8b211cb,4b10857f-801d-4b40-ba04-19b0e81cdeb4,ba7b532e-605d-4ad5-b9b6-3155499c93eb,2025-04-25,98658.2,128661.82,expense,Max Life,Premium payment
6a4760f8-7616-49cf-ac68-521e056077b6,b2e67456-ae78-4a7d-b17c-e280b8b211cb,4b10857f-801d-4b40-ba04-19b0e81cdeb4,352e3807-c4b8-4f2f-b4a0-11f0a676a889,2025-04-28,2198.15,126463.67,expense,DMart,Supermarket shopping
96194f42-4972-49da-98c9-73900ef17267,b2e67456-ae78-4a7d-b17c-e280b8b211cb,4b10857f-801d-4b40-ba04-19b0e81cdeb4,7d54e629-cfd3-42d6-93ed-efbfbbbfa7d6,2025-04-28,16714.91,109748.76,expense,Financial Advisor,Advisory fee
131a764b-f7f7-4fba-8890-b8564fc3f1fc,0d3c63a6-9cfe-4228-8afa-ea6a26c13cb8,4c0315f4-0fbb-44a3-8e72-f4e7e2b96c4c,1936a4f4-2484-487e-9de0-bd4773f631e7,2025-01-01,1530.84,1467823.38,expense,Airtel,Postpaid bill
e1b92af6-a1d3-4785-9261-8d66a1374100,0d3c63a6-9cfe-4228-8afa-ea6a26c13cb8,4c0315f4-0fbb-44a3-8e72-f4e7e2b96c4c,352e3807-c4b8-4f2f-b4a0-11f0a676a889,2025-01-01,385.36,1467438.02,expense,Reliance Fresh,Fresh produce & vegetables
e5555cc5-c043-49ea-a712-656f8eb4918c,0d3c63a6-9cfe-4228-8afa-ea6a26c13cb8,4c0315f4-0fbb-44a3-8e72-f4e7e2b96c4c,0d3983fc-2dc6-40e8-898b-3e446f9ffcb2,2025-01-01,39038.21,1506476.23,income,Payroll,Salary deposit
447288c5-2d50-430c-9385-128f700e6f54,0d3c63a6-9cfe-4228-8afa-ea6a26c13cb8,4c0315f4-0fbb-44a3-8e72-f4e7e2b96c4c,c1794d38-04bb-436c-a349-b7efa2949d59,2025-01-02,299.0,1506177.23,expense,Amazon Prime,Monthly subscription
459b9799-a33f-428a-8955-b1d1c575c705,0d3c63a6-9cfe-4228-8afa-ea6a26c13cb8,4c0315f4-0fbb-44a3-8e72-f4e7e2b96c4c,f9695d76-897b-4d1d-b699-30bdb8c3bd63,2025-01-02,6471.79,1499705.44,expense,Auto,Auto fare
8f475571-937e-443a-b8ad-1a40cc630b40,0d3c63a6-9cfe-4228-8afa-ea6a26c13cb8,4c0315f4-0fbb-44a3-8e72-f4e7e2b96c4c,52f50416-8d6b-4f79-aa1e-87189fe727cf,2025-01-02,18024.35,1481681.09,expense,Purplle,Cosmetics
733ca6a2-7c2e-4d65-8639-7e93a2b195da,0d3c63a6-9cfe-4228-8afa-ea6a26c13cb8,4c0315f4-0fbb-44a3-8e72-f4e7e2b96c4c,773ee99e-f4ff-4162-87c7-19387a9ebb97,2025-01-03,850.05,1480831.04,expense,Local Restaurant,Quick lunch
8e625c1c-bf3e-4b83-a620-650943540f24,0d3c63a6-9cfe-4228-8afa-ea6a26c13cb8,4c0315f4-0fbb-44a3-8e72-f4e7e2b96c4c,352e3807-c4b8-4f2f-b4a0-11f0a676a889,2025-01-03,587.19,1480243.85,expense,Zepto,Quick grocery delivery
9d695b77-1224-4a00-b15c-3ed7a170d2ef,0d3c63a6-9cfe-4228-8afa-ea6a26c13cb8,4c0315f4-0fbb-44a3-8e72-f4e7e2b96c4c,f9695d76-897b-4d1d-b699-30bdb8c3bd63,2025-01-03,16591.53,1463652.32,expense,Rapido,Bike taxi
34027261-ad81-4489-abd7-74bcaa2e3232,0d3c63a6-9cfe-4228-8afa-ea6a26c13cb8,4c0315f4-0fbb-44a3-8e72-f4e7e2b96c4c,aea49b50-348f-446b-9a35-c970ed3e3a8a,2025-01-04,11400.0,1452252.32,expense,NoBroker,Monthly rent payment
aa957bfd-3c59-4452-81fc-04529d166b94,0d3c63a6-9cfe-4228-8afa-ea6a26c13cb8,4c0315f4-0fbb-44a3-8e72-f4e7e2b96c4c,352e3807-c4b8-4f2f-b4a0-11f0a676a889,2025-01-04,1885.22,1450367.1,expense,Zepto,Quick grocery delivery
d600a653-0b1b-4f15-94b5-4218888850eb,0d3c63a6-9cfe-4228-8afa-ea6a26c13cb8,4c0315f4-0fbb-44a3-8e72-f4e7e2b96c4c,c1794d38-04bb-436c-a349-b7efa2949d59,2025-01-04,499.0,1449868.1,expense,Airtel Broadband,Monthly subscription
aede92d0-6d7c-448c-a3be-deec8e573c5a,0d3c63a6-9cfe-4228-8afa-ea6a26c13cb8,4c0315f4-0fbb-44a3-8e72-f4e7e2b96c4c,c1794d38-04bb-436c-a349-b7efa2949d59,2025-01-05,299.0,1449569.1,expense,Sony LIV,Monthly subscription
45e3c6ee-605f-459f-b9cc-ef93b1acb5c7,0d3c63a6-9cfe-4228-8afa-ea6a26c13cb8,4c0315f4-0fbb-44a3-8e72-f4e7e2b96c4c,773ee99e-f4ff-4162-87c7-19387a9ebb97,2025-01-07,119.64,1449449.46,expense,Punjab Grill,Business dinner
c7b957f1-35b7-4074-9b9e-73e1ac7cd382,0d3c63a6-9cfe-4228-8afa-ea6a26c13cb8,4c0315f4-0fbb-44a3-8e72-f4e7e2b96c4c,4e6141b4-8b08-4a48-92e3-00a3aed708d1,2025-01-08,2738.49,1446710.97,expense,BESCOM,Electricity bill
df94cbb3-c8a0-4aca-a979-2fc8f7c5e49c,0d3c63a6-9cfe-4228-8afa-ea6a26c13cb8,4c0315f4-0fbb-44a3-8e72-f4e7e2b96c4c,96425e71-00ab-44ec-b7a5-b7bc7c419b3c,2025-01-08,35524.41,1411186.56,expense,SBI,Housing loan instalment
97a83f8f-7dbb-404f-81d4-d4624444060e,0d3c63a6-9cfe-4228-8afa-ea6a26c13cb8,4c0315f4-0fbb-44a3-8e72-f4e7e2b96c4c,1936a4f4-2484-487e-9de0-bd4773f631e7,2025-01-09,644.69,1410541.87,expense,BSNL,Mobile bill
abaec74b-05ff-4c40-80bd-e57677d41ba5,0d3c63a6-9cfe-4228-8afa-ea6a26c13cb8,4c0315f4-0fbb-44a3-8e72-f4e7e2b96c4c,c1794d38-04bb-436c-a349-b7efa2949d59,2025-01-09,119.0,1410422.87,expense,Spotify,Monthly subscription
866bba6c-b640-4538-9497-891ebc850955,0d3c63a6-9cfe-4228-8afa-ea6a26c13cb8,4c0315f4-0fbb-44a3-8e72-f4e7e2b96c4c,773ee99e-f4ff-4162-87c7-19387a9ebb97,2025-01-10,1178.27,1409244.6,expense,Social,Weekend brunch
9c624deb-b585-432e-a63c-9950b153e9c6,0d3c63a6-9cfe-4228-8afa-ea6a26c13cb8,4c0315f4-0fbb-44a3-8e72-f4e7e2b96c4c,f89d39f0-2919-467d-9eae-73947cd92572,2025-01-10,1665.69,1407578.91,expense,Subway,Sandwich
aff13082-ec9a-4125-93de-a6732e2b5073,0d3c63a6-9cfe-4228-8afa-ea6a26c13cb8,4c0315f4-0fbb-44a3-8e72-f4e7e2b96c4c,abe7e3b4-e94a-47f4-bb4c-ee2b5dfb1afb,2025-01-11,1170.76,1406408.15,expense,HDFC MF,SIP debit
babe8195-96bf-4dfb-bc14-de873557031f,0d3c63a6-9cfe-4228-8afa-ea6a26c13cb8,4c0315f4-0fbb-44a3-8e72-f4e7e2b96c4c,352e3807-c4b8-4f2f-b4a0-11f0a676a889,2025-01-11,2586.85,1403821.3,expense,Reliance Fresh,Fresh produce & vegetables
c7e203c8-bccf-4d5a-b98b-4f5c01baff7c,0d3c63a6-9cfe-4228-8afa-ea6a26c13cb8,4c0315f4-0fbb-44a3-8e72-f4e7e2b96c4c,773ee99e-f4ff-4162-87c7-19387a9ebb97,2025-01-12,2518.01,1401303.29,expense,Local Restaurant,Quick lunch
a699bb4f-0a94-4b27-834a-d7bf80b90094,0d3c63a6-9cfe-4228-8afa-ea6a26c13cb8,4c0315f4-0fbb-44a3-8e72-f4e7e2b96c4c,f89d39f0-2919-467d-9eae-73947cd92572,2025-01-13,966.76,1400336.53,expense,Domino's,Pizza delivery
608f61f4-7066-4414-9346-9a6625b87a18,0d3c63a6-9cfe-4228-8afa-ea6a26c13cb8,4c0315f4-0fbb-44a3-8e72-f4e7e2b96c4c,ba7b532e-605d-4ad5-b9b6-3155499c93eb,2025-01-14,6239.95,1394096.58,expense,SBI Life,Insurance payment
a84936ec-4fcc-498b-b5df-74ebb405c466,0d3c63a6-9cfe-4228-8afa-ea6a26c13cb8,4c0315f4-0fbb-44a3-8e72-f4e7e2b96c4c,ee7c44a4-b997-4955-8565-e0095cc9a643,2025-01-14,8464.15,1385632.43,expense,Uber,Client visit cab
ac31777a-a27f-4fd6-9acd-9414bc24c7b4,0d3c63a6-9cfe-4228-8afa-ea6a26c13cb8,4c0315f4-0fbb-44a3-8e72-f4e7e2b96c4c,f89d39f0-2919-467d-9eae-73947cd92572,2025-01-14,712.27,1384920.16,expense,Subway,Sandwich
f203cff3-6930-4108-98cc-6daca8808bef,0d3c63a6-9cfe-4228-8afa-ea6a26c13cb8,4c0315f4-0fbb-44a3-8e72-f4e7e2b96c4c,352e3807-c4b8-4f2f-b4a0-11f0a676a889,2025-01-14,2113.23,1382806.93,expense,Blinkit,Instant delivery
1163bb0e-3c45-4acf-ae8b-f4d954db3c5d,0d3c63a6-9cfe-4228-8afa-ea6a26c13cb8,4c0315f4-0fbb-44a3-8e72-f4e7e2b96c4c,f89d39f0-2919-467d-9eae-73947cd92572,2025-01-15,1348.27,1381458.66,expense,Pizza Hut,Pizza order
298a20ec-367e-4144-ab60-90a43ff40918,0d3c63a6-9cfe-4228-8afa-ea6a26c13cb8,4c0315f4-0fbb-44a3-8e72-f4e7e2b96c4c,4e6141b4-8b08-4a48-92e3-00a3aed708d1,2025-01-15,5813.48,1375645.18,expense,Tata Power,Power bill
c918dbcd-a9a1-4995-90f6-9e632ed19d81,0d3c63a6-9cfe-4228-8afa-ea6a26c13cb8,4c0315f4-0fbb-44a3-8e72-f4e7e2b96c4c,352e3807-c4b8-4f2f-b4a0-11f0a676a889,2025-01-15,1844.49,1373800.69,expense,Zepto,Quick grocery delivery
10f30380-3e84-4464-a417-cc8a82781053,0d3c63a6-9cfe-4228-8afa-ea6a26c13cb8,4c0315f4-0fbb-44a3-8e72-f4e7e2b96c4c,2240f66e-6ba1-4bb3-9578-9f6dd6e71363,2025-01-16,732.18,1373068.51,expense,BWSSB,Water bill
1b15c1eb-202d-49e7-9537-f3468c8e52c9,0d3c63a6-9cfe-4228-8afa-ea6a26c13cb8,4c0315f4-0fbb-44a3-8e72-f4e7e2b96c4c,4e6141b4-8b08-4a48-92e3-00a3aed708d1,2025-01-16,27308.46,1345760.05,expense,BSES,Power bill
95eb87f5-1e5f-47f2-a211-57cd5d51d49f,0d3c63a6-9cfe-4228-8afa-ea6a26c13cb8,4c0315f4-0fbb-44a3-8e72-f4e7e2b96c4c,4e6141b4-8b08-4a48-92e3-00a3aed708d1,2025-01-16,4735.88,1341024.17,expense,Tata Power,Power bill
0a5c7ede-5a34-4eae-a79d-0bda85feb97f,0d3c63a6-9cfe-4228-8afa-ea6a26c13cb8,4c0315f4-0fbb-44a3-8e72-f4e7e2b96c4c,223324ac-c0b3-4f8f-bc2b-440cc66d4f97,2025-01-19,6451.04,1334573.13,expense,Stanley,Tools purchase
0ad796e2-a939-469b-9b20-e747706f75dc,0d3c63a6-9cfe-4228-8afa-ea6a26c13cb8,4c0315f4-0fbb-44a3-8e72-f4e7e2b96c4c,9824533c-e6eb-43ff-b2d1-9724f9f59c75,2025-01-19,22362.33,1312210.8,expense,Watchman,Security tip
5324b5fd-52cd-42fb-905a-4bdbca752d84,0d3c63a6-9cfe-4228-8afa-ea6a26c13cb8,4c0315f4-0fbb-44a3-8e72-f4e7e2b96c4c,c70299e8-74c3-48e3-832d-a15ca45f9d40,2025-01-19,2147.57,1310063.23,expense,SpiceJet,Domestic flight
c6a82f68-36a3-435e-9077-2eb9abb809ed,0d3c63a6-9cfe-4228-8afa-ea6a26c13cb8,4c0315f4-0fbb-44a3-8e72-f4e7e2b96c4c,2a1a12da-2446-4b55-8e91-7868edb2a0ca,2025-01-19,1894.08,1311957.31,income,eBay,Online sale proceeds
d683c2fd-048c-4d68-834c-d51aaf5b737c,0d3c63a6-9cfe-4228-8afa-ea6a26c13cb8,4c0315f4-0fbb-44a3-8e72-f4e7e2b96c4c,4e6141b4-8b08-4a48-92e3-00a3aed708d1,2025-01-19,18429.06,1293528.25,expense,BSES,Power bill
299c8dbb-4fc1-4747-936d-328c577355ec,0d3c63a6-9cfe-4228-8afa-ea6a26c13cb8,4c0315f4-0fbb-44a3-8e72-f4e7e2b96c4c,02b93640-5ea9-4023-9ca5-12aaa253ea5b,2025-01-20,585.06,1292943.19,expense,ACT Fibernet,Internet payment
86bfa4d9-6c21-4c9d-9858-66693e9b3d1b,0d3c63a6-9cfe-4228-8afa-ea6a26c13cb8,4c0315f4-0fbb-44a3-8e72-f4e7e2b96c4c,773ee99e-f4ff-4162-87c7-19387a9ebb97,2025-01-20,304.79,1292638.4,expense,Punjab Grill,Business dinner
dcbf018c-1115-4ef8-bdf2-9f50b78cfecc,0d3c63a6-9cfe-4228-8afa-ea6a26c13cb8,4c0315f4-0fbb-44a3-8e72-f4e7e2b96c4c,4e6141b4-8b08-4a48-92e3-00a3aed708d1,2025-01-20,2745.05,1289893.35,expense,BESCOM,Electricity bill
6c034a02-dcee-4f08-b82a-843187509af0,0d3c63a6-9cfe-4228-8afa-ea6a26c13cb8,4c0315f4-0fbb-44a3-8e72-f4e7e2b96c4c,94943a15-5000-4909-864f-c229ccc559c2,2025-01-21,4162.11,1285731.24,expense,IKEA,Home furnishing
e37fdbe7-329f-4987-b719-a8de518036f6,0d3c63a6-9cfe-4228-8afa-ea6a26c13cb8,4c0315f4-0fbb-44a3-8e72-f4e7e2b96c4c,352e3807-c4b8-4f2f-b4a0-11f0a676a889,2025-01-22,2306.62,1283424.62,expense,DMart,Supermarket shopping
9cb2e4c4-d79a-4c4a-8604-eccbc7ee075d,0d3c63a6-9cfe-4228-8afa-ea6a26c13cb8,4c0315f4-0fbb-44a3-8e72-f4e7e2b96c4c,773ee99e-f4ff-4162-87c7-19387a9ebb97,2025-01-23,1378.51,1282046.11,expense,Social,Weekend brunch
3e5fd143-0109-45c4-acaa-f702bd51a398,0d3c63a6-9cfe-4228-8afa-ea6a26c13cb8,4c0315f4-0fbb-44a3-8e72-f4e7e2b96c4c,baf0d272-8682-41c0-acfb-c78f1f2cd9a1,2025-01-26,19925.92,1262120.19,expense,Vijay Sales,Appliance
d213e27c-a907-42b9-b70e-cc0ed27c2a34,0d3c63a6-9cfe-4228-8afa-ea6a26c13cb8,4c0315f4-0fbb-44a3-8e72-f4e7e2b96c4c,9b12be40-523e-43ac-b1e0-56b200b39928,2025-01-26,20176.97,1241943.22,expense,HDFC ERGO,Home insurance
45bf9dbb-c7b2-41a5-910b-b0d020c09f19,0d3c63a6-9cfe-4228-8afa-ea6a26c13cb8,4c0315f4-0fbb-44a3-8e72-f4e7e2b96c4c,773ee99e-f4ff-4162-87c7-19387a9ebb97,2025-01-27,1256.46,1240686.76,expense,Barbeque Nation,Dinner with family
61c830ab-7126-4d34-aefa-84d3e401e9a9,0d3c63a6-9cfe-4228-8afa-ea6a26c13cb8,4c0315f4-0fbb-44a3-8e72-f4e7e2b96c4c,24e016a3-fafe-4519-8295-2f5f87ed7005,2025-01-27,135.05,1240551.71,expense,The Beer Cafe,Drinks with friends
8d738795-6c78-4d50-ae17-d49b282e9a9e,0d3c63a6-9cfe-4228-8afa-ea6a26c13cb8,4c0315f4-0fbb-44a3-8e72-f4e7e2b96c4c,2240f66e-6ba1-4bb3-9578-9f6dd6e71363,2025-01-27,4072.95,1236478.76,expense,Gas Agency,LPG cylinder
1c66075e-ca9d-4800-b511-f5f91aa1299a,0d3c63a6-9cfe-4228-8afa-ea6a26c13cb8,4c0315f4-0fbb-44a3-8e72-f4e7e2b96c4c,352e3807-c4b8-4f2f-b4a0-11f0a676a889,2025-01-28,1303.89,1235174.87,expense,BigBasket,Weekly grocery order
baae7fa6-8308-4347-9ca0-cf8c4906e482,0d3c63a6-9cfe-4228-8afa-ea6a26c13cb8,4c0315f4-0fbb-44a3-8e72-f4e7e2b96c4c,aea49b50-348f-446b-9a35-c970ed3e3a8a,2025-01-28,1054.8,1234120.07,expense,Landlord,Monthly rent payment
e96bd561-8a86-45e5-9fc2-36956fd0bbb5,0d3c63a6-9cfe-4228-8afa-ea6a26c13cb8,4c0315f4-0fbb-44a3-8e72-f4e7e2b96c4c,c70299e8-74c3-48e3-832d-a15ca45f9d40,2025-01-28,9472.86,1224647.21,expense,Akasa Air,Flight
1c38e795-8959-44e1-ba07-3548ca8f4ab9,0d3c63a6-9cfe-4228-8afa-ea6a26c13cb8,4c0315f4-0fbb-44a3-8e72-f4e7e2b96c4c,68662b1b-9e19-427c-8a6f-0dea71240479,2025-01-29,1440.19,1223207.02,expense,Adobe,Software subscription
22e7c07e-06dd-4922-ae57-85a9d38ecb8b,0d3c63a6-9cfe-4228-8afa-ea6a26c13cb8,4c0315f4-0fbb-44a3-8e72-f4e7e2b96c4c,a4b93f63-6549-4c49-a3c8-3dff01794737,2025-01-29,10293.94,1212913.08,expense,Mothercare,Baby products
f9f4d6e9-76b5-4a54-b911-38baea2f925d,0d3c63a6-9cfe-4228-8afa-ea6a26c13cb8,4c0315f4-0fbb-44a3-8e72-f4e7e2b96c4c,c7f7365c-5b40-4bbe-8a90-fd79b4fb99be,2025-01-29,9456.2,1203456.88,expense,Apartment,Society bill
43caa3f1-784c-41d6-ae9a-34df5c4b3010,0d3c63a6-9cfe-4228-8afa-ea6a26c13cb8,4c0315f4-0fbb-44a3-8e72-f4e7e2b96c4c,67f170d4-68ec-4828-8164-1ab3ae9440e0,2025-01-30,8451.65,1195005.23,expense,Amazon,Hobby supplies
00bf8b08-8339-460c-80ab-4c6f36ca90c0,0d3c63a6-9cfe-4228-8afa-ea6a26c13cb8,4c0315f4-0fbb-44a3-8e72-f4e7e2b96c4c,0d3983fc-2dc6-40e8-898b-3e446f9ffcb2,2025-01-31,38903.62,1233908.85,income,Employer,Monthly salary credit
02a5dde6-70f8-4840-b30b-c6ea1139ed1e,0d3c63a6-9cfe-4228-8afa-ea6a26c13cb8,4c0315f4-0fbb-44a3-8e72-f4e7e2b96c4c,aa200b24-ef0e-410d-9a5e-5cd5e6eb5584,2025-01-31,11349.28,1222559.57,expense,UrbanClap,Home service
35da2c90-a345-4ec6-ae2a-0b1f5958d953,0d3c63a6-9cfe-4228-8afa-ea6a26c13cb8,4c0315f4-0fbb-44a3-8e72-f4e7e2b96c4c,24e016a3-fafe-4519-8295-2f5f87ed7005,2025-01-31,666.12,1221893.45,expense,Blue Tokai,Specialty coffee
e51789f3-a136-4d83-9759-50586cef24f6,0d3c63a6-9cfe-4228-8afa-ea6a26c13cb8,4c0315f4-0fbb-44a3-8e72-f4e7e2b96c4c,773ee99e-f4ff-4162-87c7-19387a9ebb97,2025-02-01,843.65,1221049.8,expense,Punjab Grill,Business dinner
e977afde-d86a-427e-bde4-2242155411f3,0d3c63a6-9cfe-4228-8afa-ea6a26c13cb8,4c0315f4-0fbb-44a3-8e72-f4e7e2b96c4c,aea49b50-348f-446b-9a35-c970ed3e3a8a,2025-02-01,11400.0,1209649.8,expense,Landlord,Monthly rent payment
7dcc4b97-298c-4db6-904c-7ed7ca9eb7a7,0d3c63a6-9cfe-4228-8afa-ea6a26c13cb8,4c0315f4-0fbb-44a3-8e72-f4e7e2b96c4c,c1794d38-04bb-436c-a349-b7efa2949d59,2025-02-02,299.0,1209350.8,expense,Amazon Prime,Monthly subscription
c008e2eb-013a-4ca7-a05d-338e6786420e,0d3c63a6-9cfe-4228-8afa-ea6a26c13cb8,4c0315f4-0fbb-44a3-8e72-f4e7e2b96c4c,773ee99e-f4ff-4162-87c7-19387a9ebb97,2025-02-02,2135.64,1207215.16,expense,Mainland China,Anniversary dinner
e05dc89d-17cb-4570-a47f-29edb953be3c,0d3c63a6-9cfe-4228-8afa-ea6a26c13cb8,4c0315f4-0fbb-44a3-8e72-f4e7e2b96c4c,c1794d38-04bb-436c-a349-b7efa2949d59,2025-02-02,119.0,1207096.16,expense,Spotify,Monthly subscription
7ba04e60-7cab-4950-8a75-b568ea834a4d,0d3c63a6-9cfe-4228-8afa-ea6a26c13cb8,4c0315f4-0fbb-44a3-8e72-f4e7e2b96c4c,1936a4f4-2484-487e-9de0-bd4773f631e7,2025-02-03,767.94,1206328.22,expense,BSNL,Mobile bill
80001b68-6f3d-405c-ae95-0beacefc1a89,0d3c63a6-9cfe-4228-8afa-ea6a26c13cb8,4c0315f4-0fbb-44a3-8e72-f4e7e2b96c4c,67f170d4-68ec-4828-8164-1ab3ae9440e0,2025-02-03,3050.72,1203277.5,expense,Amazon,Hobby supplies
c51ec87a-bc25-4b54-951a-809496328396,0d3c63a6-9cfe-4228-8afa-ea6a26c13cb8,4c0315f4-0fbb-44a3-8e72-f4e7e2b96c4c,61afab8e-aacd-41f8-8e63-aed9c88790f3,2025-02-03,5966.38,1197311.12,expense,Kotak Bank,Auto loan EMI
b9fb5608-6f0d-4baf-8fa7-28964467d539,0d3c63a6-9cfe-4228-8afa-ea6a26c13cb8,4c0315f4-0fbb-44a3-8e72-f4e7e2b96c4c,9b12be40-523e-43ac-b1e0-56b200b39928,2025-02-04,32126.74,1165184.38,expense,New India Assurance,Property cover
eb1ea77f-6363-46a6-958c-13232f8053d4,0d3c63a6-9cfe-4228-8afa-ea6a26c13cb8,4c0315f4-0fbb-44a3-8e72-f4e7e2b96c4c,52f50416-8d6b-4f79-aa1e-87189fe727cf,2025-02-04,17968.93,1147215.45,expense,Forest Essentials,Skincare
3f481a0d-8db8-48fb-aa63-76b7b30777bb,0d3c63a6-9cfe-4228-8afa-ea6a26c13cb8,4c0315f4-0fbb-44a3-8e72-f4e7e2b96c4c,352e3807-c4b8-4f2f-b4a0-11f0a676a889,2025-02-06,1805.63,1145409.82,expense,JioMart,Online grocery order
6fb9eb6e-2868-4cc9-9917-fb9f8a23907b,0d3c63a6-9cfe-4228-8afa-ea6a26c13cb8,4c0315f4-0fbb-44a3-8e72-f4e7e2b96c4c,9824533c-e6eb-43ff-b2d1-9724f9f59c75,2025-02-06,26821.17,1118588.65,expense,Cook,Cook wages
9a59048f-0c6d-483b-9003-516f7237a15b,0d3c63a6-9cfe-4228-8afa-ea6a26c13cb8,4c0315f4-0fbb-44a3-8e72-f4e7e2b96c4c,352e3807-c4b8-4f2f-b4a0-11f0a676a889,2025-02-07,1945.5,1116643.15,expense,Blinkit,Instant delivery
73d1e719-ca4f-4196-be53-cdcc271c8d7b,0d3c63a6-9cfe-4228-8afa-ea6a26c13cb8,4c0315f4-0fbb-44a3-8e72-f4e7e2b96c4c,c1794d38-04bb-436c-a349-b7efa2949d59,2025-02-08,299.0,1116344.15,expense,Sony LIV,Monthly subscription
cbdf1394-e947-4662-95ae-0fa11db4f0f5,0d3c63a6-9cfe-4228-8afa-ea6a26c13cb8,4c0315f4-0fbb-44a3-8e72-f4e7e2b96c4c,2240f66e-6ba1-4bb3-9578-9f6dd6e71363,2025-02-08,886.93,1115457.22,expense,Jio Fiber,Internet bill
2cb71dc7-fd8d-42e9-a61c-329af83c82d3,0d3c63a6-9cfe-4228-8afa-ea6a26c13cb8,4c0315f4-0fbb-44a3-8e72-f4e7e2b96c4c,ba7b532e-605d-4ad5-b9b6-3155499c93eb,2025-02-09,8908.74,1106548.48,expense,ICICI Prudential,Policy premium
727cebf4-4dc1-4423-9562-ebb4dcc5c40e,0d3c63a6-9cfe-4228-8afa-ea6a26c13cb8,4c0315f4-0fbb-44a3-8e72-f4e7e2b96c4c,ee7c44a4-b997-4955-8565-e0095cc9a643,2025-02-09,2212.47,1104336.01,expense,IndiGo,Business travel flight
848fcf6e-8e2d-4671-be29-91ca020f20da,0d3c63a6-9cfe-4228-8afa-ea6a26c13cb8,4c0315f4-0fbb-44a3-8e72-f4e7e2b96c4c,abe7e3b4-e94a-47f4-bb4c-ee2b5dfb1afb,2025-02-09,1224.53,1103111.48,expense,Groww,Monthly SIP
537a93e3-83b2-4e01-90f5-afae26c40e2e,0d3c63a6-9cfe-4228-8afa-ea6a26c13cb8,4c0315f4-0fbb-44a3-8e72-f4e7e2b96c4c,c7f7365c-5b40-4bbe-8a90-fd79b4fb99be,2025-02-10,15645.91,1087465.57,expense,Housing Society,Maintenance charge
69f26f75-0330-4c2e-a5ea-6986fdc36cf6,0d3c63a6-9cfe-4228-8afa-ea6a26c13cb8,4c0315f4-0fbb-44a3-8e72-f4e7e2b96c4c,c1794d38-04bb-436c-a349-b7efa2949d59,2025-02-10,8619.61,1078845.96,expense,Spotify,Music subscription
a0485993-1869-46aa-93b1-197ca5388dbb,0d3c63a6-9cfe-4228-8afa-ea6a26c13cb8,4c0315f4-0fbb-44a3-8e72-f4e7e2b96c4c,c1794d38-04bb-436c-a349-b7efa2949d59,2025-02-10,499.0,1078346.96,expense,Airtel Broadband,Monthly subscription
60883bf9-5178-4aef-a4bf-59fef3884abf,0d3c63a6-9cfe-4228-8afa-ea6a26c13cb8,4c0315f4-0fbb-44a3-8e72-f4e7e2b96c4c,f89d39f0-2919-467d-9eae-73947cd92572,2025-02-11,2378.79,1075968.17,expense,McDonald's,Quick meal
0dcb8753-e5a1-4e99-918b-775f38918216,0d3c63a6-9cfe-4228-8afa-ea6a26c13cb8,4c0315f4-0fbb-44a3-8e72-f4e7e2b96c4c,352e3807-c4b8-4f2f-b4a0-11f0a676a889,2025-02-12,1633.79,1074334.38,expense,Reliance Fresh,Fresh produce & vegetables
8aa033c2-162d-434d-8945-c0aa54c96a5a,0d3c63a6-9cfe-4228-8afa-ea6a26c13cb8,4c0315f4-0fbb-44a3-8e72-f4e7e2b96c4c,4e6141b4-8b08-4a48-92e3-00a3aed708d1,2025-02-12,2642.16,1071692.22,expense,BSES,Power bill
8d4f71fe-2edf-4422-8039-47ad300669eb,0d3c63a6-9cfe-4228-8afa-ea6a26c13cb8,4c0315f4-0fbb-44a3-8e72-f4e7e2b96c4c,43dc3332-707c-42c3-b0d9-0f067489a82d,2025-02-12,650.24,1071041.98,expense,Shell,Fuel refill
23dbb675-c450-426f-895a-31df21cc8327,0d3c63a6-9cfe-4228-8afa-ea6a26c13cb8,4c0315f4-0fbb-44a3-8e72-f4e7e2b96c4c,aea49b50-348f-446b-9a35-c970ed3e3a8a,2025-02-14,13298.99,1057742.99,expense,Housing Society,Rent payment
dc8460ab-0730-4b2e-a623-b4b7adc8a5c2,0d3c63a6-9cfe-4228-8afa-ea6a26c13cb8,4c0315f4-0fbb-44a3-8e72-f4e7e2b96c4c,02b93640-5ea9-4023-9ca5-12aaa253ea5b,2025-02-15,135.49,1057607.5,expense,Airtel,Internet bill
598c6c1c-5a52-49dc-95fa-37470a6c4d7d,0d3c63a6-9cfe-4228-8afa-ea6a26c13cb8,4c0315f4-0fbb-44a3-8e72-f4e7e2b96c4c,baf0d272-8682-41c0-acfb-c78f1f2cd9a1,2025-02-16,11249.3,1046358.2,expense,Amazon,Electronics order
1a7774d2-282e-4661-b2dc-2c7592d836e0,0d3c63a6-9cfe-4228-8afa-ea6a26c13cb8,4c0315f4-0fbb-44a3-8e72-f4e7e2b96c4c,f89d39f0-2919-467d-9eae-73947cd92572,2025-02-17,2540.95,1043817.25,expense,Domino's,Pizza delivery
1c976f05-a1ad-44ff-9759-017f30c67dc5,0d3c63a6-9cfe-4228-8afa-ea6a26c13cb8,4c0315f4-0fbb-44a3-8e72-f4e7e2b96c4c,24e016a3-fafe-4519-8295-2f5f87ed7005,2025-02-17,548.81,1043268.44,expense,Starbucks,Coffee
93b0304a-65e5-494e-9c53-f6de257ac8c1,0d3c63a6-9cfe-4228-8afa-ea6a26c13cb8,4c0315f4-0fbb-44a3-8e72-f4e7e2b96c4c,4e6141b4-8b08-4a48-92e3-00a3aed708d1,2025-02-17,3096.89,1040171.55,expense,Tata Power,Power bill
5a9b0732-d8aa-4c59-8e32-77057a750da8,0d3c63a6-9cfe-4228-8afa-ea6a26c13cb8,4c0315f4-0fbb-44a3-8e72-f4e7e2b96c4c,773ee99e-f4ff-4162-87c7-19387a9ebb97,2025-02-21,578.68,1039592.87,expense,Local Restaurant,Quick lunch
5f9b17f6-e1b4-4bc5-a9f7-46aefcfe63c8,0d3c63a6-9cfe-4228-8afa-ea6a26c13cb8,4c0315f4-0fbb-44a3-8e72-f4e7e2b96c4c,c70299e8-74c3-48e3-832d-a15ca45f9d40,2025-02-22,642.03,1038950.84,expense,Vistara,Air travel
d21a3aa4-9f30-4357-8e17-818ad41df5bd,0d3c63a6-9cfe-4228-8afa-ea6a26c13cb8,4c0315f4-0fbb-44a3-8e72-f4e7e2b96c4c,f9695d76-897b-4d1d-b699-30bdb8c3bd63,2025-02-22,923.33,1038027.51,expense,Uber,Ride to office
fe1412a4-cc16-4bf8-8d7b-abe982888ef5,0d3c63a6-9cfe-4228-8afa-ea6a26c13cb8,4c0315f4-0fbb-44a3-8e72-f4e7e2b96c4c,248ccf02-2fad-4a57-8831-52e79f698e4c,2025-02-22,14337.79,1023689.72,expense,Mumbai Metro,Metro fare
b9429c1b-8d3c-40dc-bfa1-09108ef468f2,0d3c63a6-9cfe-4228-8afa-ea6a26c13cb8,4c0315f4-0fbb-44a3-8e72-f4e7e2b96c4c,24e016a3-fafe-4519-8295-2f5f87ed7005,2025-02-23,105.55,1023584.17,expense,Toit Brewpub,Craft beer
147a85aa-b3d5-4797-8242-f317f70a9c88,0d3c63a6-9cfe-4228-8afa-ea6a26c13cb8,4c0315f4-0fbb-44a3-8e72-f4e7e2b96c4c,85035d91-6985-446f-90d5-16e1b52a5e52,2025-02-24,17017.89,1006566.28,expense,Tata Sky,DTH recharge
1e48657a-c79e-45b2-b9b3-814c6d76d8c2,0d3c63a6-9cfe-4228-8afa-ea6a26c13cb8,4c0315f4-0fbb-44a3-8e72-f4e7e2b96c4c,aa200b24-ef0e-410d-9a5e-5cd5e6eb5584,2025-02-25,13122.29,993443.99,expense,UrbanClap,Home service
40640f77-0e72-4d63-8e70-35bf4641bae1,0d3c63a6-9cfe-4228-8afa-ea6a26c13cb8,4c0315f4-0fbb-44a3-8e72-f4e7e2b96c4c,f89d39f0-2919-467d-9eae-73947cd92572,2025-02-25,324.56,993119.43,expense,KFC,Fast food
f7b3b2cc-69a4-463f-858b-a18d6564c873,0d3c63a6-9cfe-4228-8afa-ea6a26c13cb8,4c0315f4-0fbb-44a3-8e72-f4e7e2b96c4c,b44b3d71-0880-41d9-8f85-0348da9b0531,2025-02-25,8923.73,984195.7,expense,Malabar Gold,Jewellery
c257bdcd-ce1f-4981-bd35-7493c68d4fda,0d3c63a6-9cfe-4228-8afa-ea6a26c13cb8,4c0315f4-0fbb-44a3-8e72-f4e7e2b96c4c,aa200b24-ef0e-410d-9a5e-5cd5e6eb5584,2025-02-26,4460.11,979735.59,expense,UrbanClap,Home service
e4386ede-4d10-44cd-b971-06fce32e0115,0d3c63a6-9cfe-4228-8afa-ea6a26c13cb8,4c0315f4-0fbb-44a3-8e72-f4e7e2b96c4c,3d010285-23fe-4f66-9e98-091ac1adb6a3,2025-02-27,11960.86,967774.73,expense,OYO,Accommodation
b6defe67-011b-4731-9c29-9d8e2916ef31,0d3c63a6-9cfe-4228-8afa-ea6a26c13cb8,4c0315f4-0fbb-44a3-8e72-f4e7e2b96c4c,1936a4f4-2484-487e-9de0-bd4773f631e7,2025-02-28,1304.26,966470.47,expense,BSNL,Mobile bill
da86a208-5e54-4bd3-92b9-4e57ab0f182c,0d3c63a6-9cfe-4228-8afa-ea6a26c13cb8,4c0315f4-0fbb-44a3-8e72-f4e7e2b96c4c,62f6b8d3-1048-4d35-8644-028a80420f06,2025-02-28,2388.86,964081.61,expense,Archies,Gift item
366a5773-33a1-4483-83a3-fd3d612c412e,0d3c63a6-9cfe-4228-8afa-ea6a26c13cb8,4c0315f4-0fbb-44a3-8e72-f4e7e2b96c4c,f9695d76-897b-4d1d-b699-30bdb8c3bd63,2025-03-01,4858.48,959223.13,expense,Uber,Ride to office
6421a66e-30a3-4db1-aa48-39a61527edb1,0d3c63a6-9cfe-4228-8afa-ea6a26c13cb8,4c0315f4-0fbb-44a3-8e72-f4e7e2b96c4c,c7f7365c-5b40-4bbe-8a90-fd79b4fb99be,2025-03-01,28085.27,931137.86,expense,Apartment,Society bill
798e4da0-1de1-447f-810d-0b936bf0bcd7,0d3c63a6-9cfe-4228-8afa-ea6a26c13cb8,4c0315f4-0fbb-44a3-8e72-f4e7e2b96c4c,99b34d50-a760-4c27-b2ff-1bf9e6cbe779,2025-03-01,12349.71,918788.15,expense,Bank,Bank charges
c18f34ad-b154-47f3-87e7-1b5cebb8406d,0d3c63a6-9cfe-4228-8afa-ea6a26c13cb8,4c0315f4-0fbb-44a3-8e72-f4e7e2b96c4c,773ee99e-f4ff-4162-87c7-19387a9ebb97,2025-03-01,361.84,918426.31,expense,Punjab Grill,Business dinner
53791d9d-06e8-49d1-ad25-120680bbb30c,0d3c63a6-9cfe-4228-8afa-ea6a26c13cb8,4c0315f4-0fbb-44a3-8e72-f4e7e2b96c4c,ee7c44a4-b997-4955-8565-e0095cc9a643,2025-03-02,555.5,917870.81,expense,OYO,Business accommodation
335ec759-b0b1-47ea-9805-3d2cdca2df83,0d3c63a6-9cfe-4228-8afa-ea6a26c13cb8,4c0315f4-0fbb-44a3-8e72-f4e7e2b96c4c,76b12465-5eec-4e07-98cb-43137e404dcd,2025-03-03,1073.64,916797.17,expense,Duolingo,Language learning
4627985b-e179-4172-aecc-fc66dcbbff06,0d3c63a6-9cfe-4228-8afa-ea6a26c13cb8,4c0315f4-0fbb-44a3-8e72-f4e7e2b96c4c,c1794d38-04bb-436c-a349-b7efa2949d59,2025-03-03,299.0,916498.17,expense,Sony LIV,Monthly subscription
ccea798d-ab48-4c09-bbe9-8e9911ffdfb0,0d3c63a6-9cfe-4228-8afa-ea6a26c13cb8,4c0315f4-0fbb-44a3-8e72-f4e7e2b96c4c,1936a4f4-2484-487e-9de0-bd4773f631e7,2025-03-03,387.6,916110.57,expense,Vi,Phone bill
64996b8e-23a8-4989-b9ee-69c2bbba16a3,0d3c63a6-9cfe-4228-8afa-ea6a26c13cb8,4c0315f4-0fbb-44a3-8e72-f4e7e2b96c4c,0d3983fc-2dc6-40e8-898b-3e446f9ffcb2,2025-03-04,38754.61,954865.18,income,Company,Salary transfer
7b6461ee-3fd2-4591-a54f-29ac52b5dad3,0d3c63a6-9cfe-4228-8afa-ea6a26c13cb8,4c0315f4-0fbb-44a3-8e72-f4e7e2b96c4c,24e016a3-fafe-4519-8295-2f5f87ed7005,2025-03-04,1682.86,953182.32,expense,The Beer Cafe,Drinks with friends
919c5a97-8d81-4b19-9b37-700a952dc1da,0d3c63a6-9cfe-4228-8afa-ea6a26c13cb8,4c0315f4-0fbb-44a3-8e72-f4e7e2b96c4c,49b46c39-e438-4284-95c0-8dd9c25bbe33,2025-03-05,2689.33,950492.99,expense,Local Eatery,Food purchase
d3223b63-6750-419a-92d4-ca8075a88c6a,0d3c63a6-9cfe-4228-8afa-ea6a26c13cb8,4c0315f4-0fbb-44a3-8e72-f4e7e2b96c4c,24e016a3-fafe-4519-8295-2f5f87ed7005,2025-03-05,393.24,950099.75,expense,Third Wave Coffee,Evening coffee
e7e9b57a-6450-47c3-8ff6-e98a8d3abd0f,0d3c63a6-9cfe-4228-8afa-ea6a26c13cb8,4c0315f4-0fbb-44a3-8e72-f4e7e2b96c4c,60260042-9174-4f85-82fc-aed9fb085bca,2025-03-05,7809.32,942290.43,expense,Local Store,Accessories purchase
696cc741-848d-4a2b-aabd-b7c870c285ce,0d3c63a6-9cfe-4228-8afa-ea6a26c13cb8,4c0315f4-0fbb-44a3-8e72-f4e7e2b96c4c,aea49b50-348f-446b-9a35-c970ed3e3a8a,2025-03-06,11400.0,930890.43,expense,NoBroker,Monthly rent payment
a15c76aa-482c-446b-a2fa-d3097cd46c58,0d3c63a6-9cfe-4228-8afa-ea6a26c13cb8,4c0315f4-0fbb-44a3-8e72-f4e7e2b96c4c,c1794d38-04bb-436c-a349-b7efa2949d59,2025-03-06,119.0,930771.43,expense,Spotify,Monthly subscription
e03c95bc-3546-49fa-876b-0c26b5ea2d27,0d3c63a6-9cfe-4228-8afa-ea6a26c13cb8,4c0315f4-0fbb-44a3-8e72-f4e7e2b96c4c,f9695d76-897b-4d1d-b699-30bdb8c3bd63,2025-03-06,12907.97,917863.46,expense,Ola,Cab ride
eb4dc011-4c6b-485f-a710-922c83b5a598,0d3c63a6-9cfe-4228-8afa-ea6a26c13cb8,4c0315f4-0fbb-44a3-8e72-f4e7e2b96c4c,352e3807-c4b8-4f2f-b4a0-11f0a676a889,2025-03-06,723.91,917139.55,expense,Reliance Fresh,Fresh produce & vegetables
04cae540-b857-498e-800c-a5120ae8925c,0d3c63a6-9cfe-4228-8afa-ea6a26c13cb8,4c0315f4-0fbb-44a3-8e72-f4e7e2b96c4c,24e016a3-fafe-4519-8295-2f5f87ed7005,2025-03-08,867.1,916272.45,expense,Third Wave Coffee,Evening coffee
22d377f1-16b2-4f96-ad02-4cb12bf91c3c,0d3c63a6-9cfe-4228-8afa-ea6a26c13cb8,4c0315f4-0fbb-44a3-8e72-f4e7e2b96c4c,352e3807-c4b8-4f2f-b4a0-11f0a676a889,2025-03-08,2089.43,914183.02,expense,Blinkit,Instant delivery
5145a274-92e7-4dbb-867f-9f88f3c83aca,0d3c63a6-9cfe-4228-8afa-ea6a26c13cb8,4c0315f4-0fbb-44a3-8e72-f4e7e2b96c4c,c1794d38-04bb-436c-a349-b7efa2949d59,2025-03-08,499.0,913684.02,expense,Airtel Broadband,Monthly subscription
8a192812-66b0-43e4-826c-724a0551daeb,0d3c63a6-9cfe-4228-8afa-ea6a26c13cb8,4c0315f4-0fbb-44a3-8e72-f4e7e2b96c4c,c1794d38-04bb-436c-a349-b7efa2949d59,2025-03-08,299.0,913385.02,expense,Amazon Prime,Monthly subscription
351ae515-ca90-42f1-a576-26d2f599e545,0d3c63a6-9cfe-4228-8afa-ea6a26c13cb8,4c0315f4-0fbb-44a3-8e72-f4e7e2b96c4c,773ee99e-f4ff-4162-87c7-19387a9ebb97,2025-03-09,868.98,912516.04,expense,Punjab Grill,Business dinner
9cf1e457-ede5-4806-9c55-3f26bec93df8,0d3c63a6-9cfe-4228-8afa-ea6a26c13cb8,4c0315f4-0fbb-44a3-8e72-f4e7e2b96c4c,352e3807-c4b8-4f2f-b4a0-11f0a676a889,2025-03-09,2635.53,909880.51,expense,Zepto,Quick grocery delivery
efc12df2-ecce-46f5-bbe1-12e91ae3800d,0d3c63a6-9cfe-4228-8afa-ea6a26c13cb8,4c0315f4-0fbb-44a3-8e72-f4e7e2b96c4c,96425e71-00ab-44ec-b7a5-b7bc7c419b3c,2025-03-09,16649.62,893230.89,expense,SBI,Housing loan instalment
e740e64f-7fd5-40c7-97aa-c58870d680e9,0d3c63a6-9cfe-4228-8afa-ea6a26c13cb8,4c0315f4-0fbb-44a3-8e72-f4e7e2b96c4c,4e6141b4-8b08-4a48-92e3-00a3aed708d1,2025-03-11,19151.75,874079.14,expense,Adani Electricity,Electricity payment
19588e9b-0683-42ff-a521-88b1a31e56b1,0d3c63a6-9cfe-4228-8afa-ea6a26c13cb8,4c0315f4-0fbb-44a3-8e72-f4e7e2b96c4c,7b4b3f22-72da-46c4-913d-6c0f0486886f,2025-03-12,556.51,873522.63,expense,1mg,Healthcare products
2168edee-54b7-4f78-b16c-1fc6d51e8cb2,0d3c63a6-9cfe-4228-8afa-ea6a26c13cb8,4c0315f4-0fbb-44a3-8e72-f4e7e2b96c4c,f9695d76-897b-4d1d-b699-30bdb8c3bd63,2025-03-12,10379.29,863143.34,expense,Rapido,Bike taxi
7c01a793-8002-4809-8707-a3c29d9e0ae4,0d3c63a6-9cfe-4228-8afa-ea6a26c13cb8,4c0315f4-0fbb-44a3-8e72-f4e7e2b96c4c,2240f66e-6ba1-4bb3-9578-9f6dd6e71363,2025-03-12,23948.72,839194.62,expense,ACT Fibernet,Internet payment
3b6f1aa2-369f-4c66-a014-f8a76667f6dd,0d3c63a6-9cfe-4228-8afa-ea6a26c13cb8,4c0315f4-0fbb-44a3-8e72-f4e7e2b96c4c,2240f66e-6ba1-4bb3-9578-9f6dd6e71363,2025-03-13,527.13,838667.49,expense,Jio Fiber,Internet bill
79c1b385-63ae-471a-ac1c-95a61007221f,0d3c63a6-9cfe-4228-8afa-ea6a26c13cb8,4c0315f4-0fbb-44a3-8e72-f4e7e2b96c4c,4e6141b4-8b08-4a48-92e3-00a3aed708d1,2025-03-13,18084.33,820583.16,expense,Tata Power,Power bill
98ef8c01-838b-4a3f-9303-a8cdbe58aa82,0d3c63a6-9cfe-4228-8afa-ea6a26c13cb8,4c0315f4-0fbb-44a3-8e72-f4e7e2b96c4c,abe7e3b4-e94a-47f4-bb4c-ee2b5dfb1afb,2025-03-13,1211.46,819371.7,expense,Groww,Monthly SIP
f117e50a-73d8-49de-89ae-9bcfcb0fb0fe,0d3c63a6-9cfe-4228-8afa-ea6a26c13cb8,4c0315f4-0fbb-44a3-8e72-f4e7e2b96c4c,248ccf02-2fad-4a57-8831-52e79f698e4c,2025-03-15,1873.8,817497.9,expense,BEST,Bus card recharge
16f2b227-4e6e-40ab-aa95-e2bbb886cf09,0d3c63a6-9cfe-4228-8afa-ea6a26c13cb8,4c0315f4-0fbb-44a3-8e72-f4e7e2b96c4c,4e6141b4-8b08-4a48-92e3-00a3aed708d1,2025-03-16,2126.13,815371.77,expense,Adani Electricity,Electricity payment
188127ed-389d-44c9-aa3f-c61486fd532e,0d3c63a6-9cfe-4228-8afa-ea6a26c13cb8,4c0315f4-0fbb-44a3-8e72-f4e7e2b96c4c,aea49b50-348f-446b-9a35-c970ed3e3a8a,2025-03-16,31165.93,784205.84,expense,Landlord,Monthly rent payment
4a2c6b74-f1f5-4b61-a6da-1d376b524255,0d3c63a6-9cfe-4228-8afa-ea6a26c13cb8,4c0315f4-0fbb-44a3-8e72-f4e7e2b96c4c,352e3807-c4b8-4f2f-b4a0-11f0a676a889,2025-03-16,2807.02,781398.82,expense,JioMart,Online grocery order
ff81e9ff-7a0c-4190-b3aa-d720b24d0abe,0d3c63a6-9cfe-4228-8afa-ea6a26c13cb8,4c0315f4-0fbb-44a3-8e72-f4e7e2b96c4c,248ccf02-2fad-4a57-8831-52e79f698e4c,2025-03-16,1742.6,779656.22,expense,KSRTC,Bus ticket
37f3599c-3f26-4a07-85bd-f64c2b221f9e,0d3c63a6-9cfe-4228-8afa-ea6a26c13cb8,4c0315f4-0fbb-44a3-8e72-f4e7e2b96c4c,352e3807-c4b8-4f2f-b4a0-11f0a676a889,2025-03-17,419.49,779236.73,expense,Blinkit,Instant delivery
ba50b85f-c747-4c76-8531-56ec00128a66,0d3c63a6-9cfe-4228-8afa-ea6a26c13cb8,4c0315f4-0fbb-44a3-8e72-f4e7e2b96c4c,f89d39f0-2919-467d-9eae-73947cd92572,2025-03-18,1280.59,777956.14,expense,KFC,Fast food
9d7c99fa-0925-4a1a-bce8-a245d5fb556f,0d3c63a6-9cfe-4228-8afa-ea6a26c13cb8,4c0315f4-0fbb-44a3-8e72-f4e7e2b96c4c,62bb0c22-62a3-42ba-a471-bae2976e7fe1,2025-03-19,1211.29,776744.85,expense,MCA,Filing fee
a0b5abf8-49d5-4b55-beeb-16dc48d38b6f,0d3c63a6-9cfe-4228-8afa-ea6a26c13cb8,4c0315f4-0fbb-44a3-8e72-f4e7e2b96c4c,49b46c39-e438-4284-95c0-8dd9c25bbe33,2025-03-20,2703.9,774040.95,expense,Local Eatery,Food purchase
a16da2f2-16b6-4348-ac57-d860d30e0edc,0d3c63a6-9cfe-4228-8afa-ea6a26c13cb8,4c0315f4-0fbb-44a3-8e72-f4e7e2b96c4c,06112ebb-b73c-40a0-aaba-87c783f69c60,2025-03-20,9998.59,764042.36,expense,Art Shop,Art supplies
52c464b3-0711-4a62-b494-51aee298d513,0d3c63a6-9cfe-4228-8afa-ea6a26c13cb8,4c0315f4-0fbb-44a3-8e72-f4e7e2b96c4c,c1794d38-04bb-436c-a349-b7efa2949d59,2025-03-21,21756.87,742285.49,expense,Netflix,Monthly subscription
cb1326b0-2a4b-47e9-a5ee-822cbd837ea1,0d3c63a6-9cfe-4228-8afa-ea6a26c13cb8,4c0315f4-0fbb-44a3-8e72-f4e7e2b96c4c,24e016a3-fafe-4519-8295-2f5f87ed7005,2025-03-21,2714.2,739571.29,expense,Toit Brewpub,Craft beer
f56f660f-4c81-43ca-bd3f-ad12957cd2b4,0d3c63a6-9cfe-4228-8afa-ea6a26c13cb8,4c0315f4-0fbb-44a3-8e72-f4e7e2b96c4c,948ffb81-b520-4b5d-99fe-0e30b14ff505,2025-03-21,20994.02,718577.27,expense,Kindle,eBook
a224d846-15e0-42cf-ac1c-252f1a973b3d,0d3c63a6-9cfe-4228-8afa-ea6a26c13cb8,4c0315f4-0fbb-44a3-8e72-f4e7e2b96c4c,f89d39f0-2919-467d-9eae-73947cd92572,2025-03-22,2744.16,715833.11,expense,Subway,Sandwich
d5f1558d-d8ad-461e-b688-2826d826f4c9,0d3c63a6-9cfe-4228-8afa-ea6a26c13cb8,4c0315f4-0fbb-44a3-8e72-f4e7e2b96c4c,aa200b24-ef0e-410d-9a5e-5cd5e6eb5584,2025-03-22,35473.69,680359.42,expense,Painting Service,Wall painting
9be201be-675c-4500-a660-70cc43c5e0ac,0d3c63a6-9cfe-4228-8afa-ea6a26c13cb8,4c0315f4-0fbb-44a3-8e72-f4e7e2b96c4c,2240f66e-6ba1-4bb3-9578-9f6dd6e71363,2025-03-23,24137.94,656221.48,expense,Gas Agency,LPG cylinder
6dc4b89d-8058-49f3-bd5c-c97aaf907770,0d3c63a6-9cfe-4228-8afa-ea6a26c13cb8,4c0315f4-0fbb-44a3-8e72-f4e7e2b96c4c,f0181f4d-fdb7-49be-a0d8-f49b0b96030c,2025-03-25,1574.28,654647.2,expense,India Post,Courier charges
70181984-28cb-49e5-a110-ca043a6e5146,0d3c63a6-9cfe-4228-8afa-ea6a26c13cb8,4c0315f4-0fbb-44a3-8e72-f4e7e2b96c4c,f9695d76-897b-4d1d-b699-30bdb8c3bd63,2025-03-25,11926.63,642720.57,expense,Uber,Ride to office
78dea715-6282-4a2f-ae27-a29f873f7712,0d3c63a6-9cfe-4228-8afa-ea6a26c13cb8,4c0315f4-0fbb-44a3-8e72-f4e7e2b96c4c,4e6141b4-8b08-4a48-92e3-00a3aed708d1,2025-03-25,5282.37,637438.2,expense,BESCOM,Electricity bill
f4a08a31-8dbc-4e74-886d-212597643bee,0d3c63a6-9cfe-4228-8afa-ea6a26c13cb8,4c0315f4-0fbb-44a3-8e72-f4e7e2b96c4c,85035d91-6985-446f-90d5-16e1b52a5e52,2025-03-25,13695.07,623743.13,expense,Tata Sky,DTH recharge
632fcf38-057e-4bb3-bc19-1776fbe7f402,0d3c63a6-9cfe-4228-8afa-ea6a26c13cb8,4c0315f4-0fbb-44a3-8e72-f4e7e2b96c4c,9824533c-e6eb-43ff-b2d1-9724f9f59c75,2025-03-26,16339.05,607404.08,expense,Watchman,Security tip
8b15a084-f799-48c7-abdf-ef30ffb1a88b,0d3c63a6-9cfe-4228-8afa-ea6a26c13cb8,4c0315f4-0fbb-44a3-8e72-f4e7e2b96c4c,eb6cafa9-5129-4c5f-a238-d432e93d5710,2025-03-26,11433.17,595970.91,expense,Parking,Parking charges
f9e42282-2337-424e-bb2f-17dec3339954,0d3c63a6-9cfe-4228-8afa-ea6a26c13cb8,4c0315f4-0fbb-44a3-8e72-f4e7e2b96c4c,e449546b-a5d2-425f-9873-40aac234c33e,2025-03-26,2884.28,593086.63,expense,Amusement Park,Entry tickets
30980bf8-6cca-4011-993d-c7004c43c344,0d3c63a6-9cfe-4228-8afa-ea6a26c13cb8,4c0315f4-0fbb-44a3-8e72-f4e7e2b96c4c,44142b8c-0a2a-4f19-9d1f-e4b5898c28b2,2025-03-28,13213.34,579873.29,expense,Amazon,Garden tools order
a3f995d9-b8cc-4075-b1af-bf2c4b0b4fb8,0d3c63a6-9cfe-4228-8afa-ea6a26c13cb8,4c0315f4-0fbb-44a3-8e72-f4e7e2b96c4c,ba7b532e-605d-4ad5-b9b6-3155499c93eb,2025-03-29,46249.57,533623.72,expense,ICICI Prudential,Policy premium
5031a3ca-f0d0-4e22-8d27-51e3664aaeb9,0d3c63a6-9cfe-4228-8afa-ea6a26c13cb8,4c0315f4-0fbb-44a3-8e72-f4e7e2b96c4c,7d54e629-cfd3-42d6-93ed-efbfbbbfa7d6,2025-03-30,54589.78,479033.94,expense,Financial Advisor,Advisory fee
8f466b6d-d1ad-4c0f-8365-e4ca4b6cebcf,0d3c63a6-9cfe-4228-8afa-ea6a26c13cb8,4c0315f4-0fbb-44a3-8e72-f4e7e2b96c4c,c70299e8-74c3-48e3-832d-a15ca45f9d40,2025-03-30,449.81,478584.13,expense,Akasa Air,Flight
9b52a975-6eff-4d48-8dd1-2a5915cecb1e,0d3c63a6-9cfe-4228-8afa-ea6a26c13cb8,4c0315f4-0fbb-44a3-8e72-f4e7e2b96c4c,49b46c39-e438-4284-95c0-8dd9c25bbe33,2025-03-30,2713.17,475870.96,expense,Local Eatery,Food purchase
b25d672c-692e-4835-9b26-4c89923668d0,0d3c63a6-9cfe-4228-8afa-ea6a26c13cb8,4c0315f4-0fbb-44a3-8e72-f4e7e2b96c4c,ba7b532e-605d-4ad5-b9b6-3155499c93eb,2025-03-30,39892.46,435978.5,expense,HDFC Life,Term plan premium
c0c8b4c7-af16-4cc3-943c-85103ebef7e8,0d3c63a6-9cfe-4228-8afa-ea6a26c13cb8,4c0315f4-0fbb-44a3-8e72-f4e7e2b96c4c,1936a4f4-2484-487e-9de0-bd4773f631e7,2025-03-31,213.21,435765.29,expense,Vi,Phone bill
4286b460-9e95-492c-bf07-467710f6bf07,0d3c63a6-9cfe-4228-8afa-ea6a26c13cb8,4c0315f4-0fbb-44a3-8e72-f4e7e2b96c4c,08661166-7a9f-4744-8d50-d84bca0b6ebc,2025-04-01,14887.83,420877.46,expense,Decathlon,Sports equipment
9354e9e4-605f-425f-b687-19a06ad62a54,0d3c63a6-9cfe-4228-8afa-ea6a26c13cb8,4c0315f4-0fbb-44a3-8e72-f4e7e2b96c4c,352e3807-c4b8-4f2f-b4a0-11f0a676a889,2025-04-01,554.62,420322.84,expense,Zepto,Quick grocery delivery
06b5eca1-aa76-4ee1-b17e-8e781b4d16d2,0d3c63a6-9cfe-4228-8afa-ea6a26c13cb8,4c0315f4-0fbb-44a3-8e72-f4e7e2b96c4c,aa200b24-ef0e-410d-9a5e-5cd5e6eb5584,2025-04-02,26629.95,393692.89,expense,Carpenter,Carpentry work
5b40fc21-689c-4269-b71f-f5653e6287b8,0d3c63a6-9cfe-4228-8afa-ea6a26c13cb8,4c0315f4-0fbb-44a3-8e72-f4e7e2b96c4c,248ccf02-2fad-4a57-8831-52e79f698e4c,2025-04-02,8965.97,384726.92,expense,KSRTC,Bus ticket
a406b3ef-79aa-4277-b640-283789152254,0d3c63a6-9cfe-4228-8afa-ea6a26c13cb8,4c0315f4-0fbb-44a3-8e72-f4e7e2b96c4c,49b46c39-e438-4284-95c0-8dd9c25bbe33,2025-04-02,2022.5,382704.42,expense,Zomato,Meal delivery
c3e5e342-9fc5-4c3c-9ab2-c177aa0fda59,0d3c63a6-9cfe-4228-8afa-ea6a26c13cb8,4c0315f4-0fbb-44a3-8e72-f4e7e2b96c4c,0d3983fc-2dc6-40e8-898b-3e446f9ffcb2,2025-04-02,38282.8,420987.22,income,Payroll,Salary deposit
d7da790b-5b8a-4333-9d8f-c4a16b4896c6,0d3c63a6-9cfe-4228-8afa-ea6a26c13cb8,4c0315f4-0fbb-44a3-8e72-f4e7e2b96c4c,352e3807-c4b8-4f2f-b4a0-11f0a676a889,2025-04-02,1126.63,419860.59,expense,Zepto,Quick grocery delivery
dc808dde-8cdf-48ab-8dfd-b31b9fe749c0,0d3c63a6-9cfe-4228-8afa-ea6a26c13cb8,4c0315f4-0fbb-44a3-8e72-f4e7e2b96c4c,f9695d76-897b-4d1d-b699-30bdb8c3bd63,2025-04-02,10271.38,409589.21,expense,Uber,Ride to office
15df8955-ad91-4825-a1f9-63dc31e49755,0d3c63a6-9cfe-4228-8afa-ea6a26c13cb8,4c0315f4-0fbb-44a3-8e72-f4e7e2b96c4c,aea49b50-348f-446b-9a35-c970ed3e3a8a,2025-04-03,11400.0,398189.21,expense,Landlord,Monthly rent payment
b6e9b838-55f8-4736-a314-dcb9f056b136,0d3c63a6-9cfe-4228-8afa-ea6a26c13cb8,4c0315f4-0fbb-44a3-8e72-f4e7e2b96c4c,c1794d38-04bb-436c-a349-b7efa2949d59,2025-04-04,299.0,397890.21,expense,Amazon Prime,Monthly subscription
30fbdb76-ec6b-410d-abe4-e8fe50a5f70a,0d3c63a6-9cfe-4228-8afa-ea6a26c13cb8,4c0315f4-0fbb-44a3-8e72-f4e7e2b96c4c,f89d39f0-2919-467d-9eae-73947cd92572,2025-04-05,1906.14,395984.07,expense,Subway,Sandwich
4a976d86-9545-4a20-a0f8-f947473eb484,0d3c63a6-9cfe-4228-8afa-ea6a26c13cb8,4c0315f4-0fbb-44a3-8e72-f4e7e2b96c4c,c70299e8-74c3-48e3-832d-a15ca45f9d40,2025-04-05,7745.42,388238.65,expense,SpiceJet,Domestic flight
78af4254-44c4-45f9-881b-2a741df27804,0d3c63a6-9cfe-4228-8afa-ea6a26c13cb8,4c0315f4-0fbb-44a3-8e72-f4e7e2b96c4c,1936a4f4-2484-487e-9de0-bd4773f631e7,2025-04-05,265.34,387973.31,expense,BSNL,Mobile bill
bc85e00b-89da-4f2a-b2bc-cf24050d0547,0d3c63a6-9cfe-4228-8afa-ea6a26c13cb8,4c0315f4-0fbb-44a3-8e72-f4e7e2b96c4c,c1794d38-04bb-436c-a349-b7efa2949d59,2025-04-05,499.0,387474.31,expense,Airtel Broadband,Monthly subscription
d0493ca1-3ebc-4a52-89d4-3a3a142a9f0d,0d3c63a6-9cfe-4228-8afa-ea6a26c13cb8,4c0315f4-0fbb-44a3-8e72-f4e7e2b96c4c,c1794d38-04bb-436c-a349-b7efa2949d59,2025-04-05,119.0,387355.31,expense,Spotify,Monthly subscription
e10cf8cb-49d3-4158-ab85-66f4fccd4dcc,0d3c63a6-9cfe-4228-8afa-ea6a26c13cb8,4c0315f4-0fbb-44a3-8e72-f4e7e2b96c4c,352e3807-c4b8-4f2f-b4a0-11f0a676a889,2025-04-05,2809.47,384545.84,expense,Zepto,Quick grocery delivery
4da64ba6-a314-4c75-8da6-34f78a9096e8,0d3c63a6-9cfe-4228-8afa-ea6a26c13cb8,4c0315f4-0fbb-44a3-8e72-f4e7e2b96c4c,a9ffe6eb-4506-488f-8aae-77f81d637f71,2025-04-06,1776.78,382769.06,expense,Ajio,Online fashion
872e8b1e-5053-45b0-a4d2-9645b7227d97,0d3c63a6-9cfe-4228-8afa-ea6a26c13cb8,4c0315f4-0fbb-44a3-8e72-f4e7e2b96c4c,96425e71-00ab-44ec-b7a5-b7bc7c419b3c,2025-04-06,13486.15,369282.91,expense,Axis Bank,Home loan EMI
c0054cab-3a9b-4989-ac7c-8c0ad16fd4d2,0d3c63a6-9cfe-4228-8afa-ea6a26c13cb8,4c0315f4-0fbb-44a3-8e72-f4e7e2b96c4c,4e6141b4-8b08-4a48-92e3-00a3aed708d1,2025-04-06,12323.73,356959.18,expense,BSES,Power bill
6164423e-497f-4b6d-b948-b5a03b7adbc3,0d3c63a6-9cfe-4228-8afa-ea6a26c13cb8,4c0315f4-0fbb-44a3-8e72-f4e7e2b96c4c,94943a15-5000-4909-864f-c229ccc559c2,2025-04-07,3943.08,353016.1,expense,IKEA,Home furnishing
b4273813-e9cf-475e-895e-507b43520ee4,0d3c63a6-9cfe-4228-8afa-ea6a26c13cb8,4c0315f4-0fbb-44a3-8e72-f4e7e2b96c4c,4e6141b4-8b08-4a48-92e3-00a3aed708d1,2025-04-07,2637.68,350378.42,expense,Adani Electricity,Electricity payment
803f260a-7b41-4e73-b432-90f0eb3b840e,0d3c63a6-9cfe-4228-8afa-ea6a26c13cb8,4c0315f4-0fbb-44a3-8e72-f4e7e2b96c4c,1936a4f4-2484-487e-9de0-bd4773f631e7,2025-04-08,1513.46,348864.96,expense,Jio,Mobile recharge
0b83b168-5e4a-41c3-ae08-29b6f1d933cc,0d3c63a6-9cfe-4228-8afa-ea6a26c13cb8,4c0315f4-0fbb-44a3-8e72-f4e7e2b96c4c,c1794d38-04bb-436c-a349-b7efa2949d59,2025-04-09,299.0,348565.96,expense,Sony LIV,Monthly subscription
cd22b49a-23bc-4043-83cb-6bc2e90ec406,0d3c63a6-9cfe-4228-8afa-ea6a26c13cb8,4c0315f4-0fbb-44a3-8e72-f4e7e2b96c4c,3d010285-23fe-4f66-9e98-091ac1adb6a3,2025-04-09,1917.4,346648.56,expense,Goibibo,Travel booking
c1380182-87f1-49e8-9756-4884f74ec4c1,0d3c63a6-9cfe-4228-8afa-ea6a26c13cb8,4c0315f4-0fbb-44a3-8e72-f4e7e2b96c4c,773ee99e-f4ff-4162-87c7-19387a9ebb97,2025-04-10,1132.65,345515.91,expense,Haldiram's,Lunch
51113af5-a32b-43e3-a0f7-7414b6f9c960,0d3c63a6-9cfe-4228-8afa-ea6a26c13cb8,4c0315f4-0fbb-44a3-8e72-f4e7e2b96c4c,52f50416-8d6b-4f79-aa1e-87189fe727cf,2025-04-11,1634.77,343881.14,expense,Nykaa,Beauty products
5198f1b7-fd4f-45de-b76e-777abe5ae0bd,0d3c63a6-9cfe-4228-8afa-ea6a26c13cb8,4c0315f4-0fbb-44a3-8e72-f4e7e2b96c4c,43dc3332-707c-42c3-b0d9-0f067489a82d,2025-04-11,15189.49,328691.65,expense,Shell,Fuel refill
525a6823-87cb-423a-9021-60a7cc0d6116,0d3c63a6-9cfe-4228-8afa-ea6a26c13cb8,4c0315f4-0fbb-44a3-8e72-f4e7e2b96c4c,248ccf02-2fad-4a57-8831-52e79f698e4c,2025-04-11,1943.26,326748.39,expense,BMTC,Bus pass recharge
276297c3-3945-4062-ac25-09dd3c77161e,0d3c63a6-9cfe-4228-8afa-ea6a26c13cb8,4c0315f4-0fbb-44a3-8e72-f4e7e2b96c4c,abe7e3b4-e94a-47f4-bb4c-ee2b5dfb1afb,2025-04-12,1227.06,325521.33,expense,Groww,Monthly SIP
9aac5804-56e0-4870-a248-6e8a1cf08a48,0d3c63a6-9cfe-4228-8afa-ea6a26c13cb8,4c0315f4-0fbb-44a3-8e72-f4e7e2b96c4c,429a8169-f08e-42ad-94fb-5211d344c7b9,2025-04-12,1910.2,327431.53,income,Relative,Gift transfer
de632304-d165-4ae5-aee5-a9f61bccaf75,0d3c63a6-9cfe-4228-8afa-ea6a26c13cb8,4c0315f4-0fbb-44a3-8e72-f4e7e2b96c4c,ba7b532e-605d-4ad5-b9b6-3155499c93eb,2025-04-12,6621.92,320809.61,expense,LIC,Life insurance premium
0ee88f20-bb27-41c2-8f08-5fc0065e7a57,0d3c63a6-9cfe-4228-8afa-ea6a26c13cb8,4c0315f4-0fbb-44a3-8e72-f4e7e2b96c4c,2240f66e-6ba1-4bb3-9578-9f6dd6e71363,2025-04-14,662.79,320146.82,expense,BWSSB,Water bill
17b84b0e-3684-4be0-85fd-aa4079669077,0d3c63a6-9cfe-4228-8afa-ea6a26c13cb8,4c0315f4-0fbb-44a3-8e72-f4e7e2b96c4c,773ee99e-f4ff-4162-87c7-19387a9ebb97,2025-04-14,1533.96,318612.86,expense,Barbeque Nation,Dinner with family
f822c814-8e4d-46aa-88e4-fbd3669efe87,0d3c63a6-9cfe-4228-8afa-ea6a26c13cb8,4c0315f4-0fbb-44a3-8e72-f4e7e2b96c4c,24e016a3-fafe-4519-8295-2f5f87ed7005,2025-04-14,3033.29,315579.57,expense,Chaayos,Tea
2f2652c9-1922-4e16-abd2-0ed61aab57f5,0d3c63a6-9cfe-4228-8afa-ea6a26c13cb8,4c0315f4-0fbb-44a3-8e72-f4e7e2b96c4c,352e3807-c4b8-4f2f-b4a0-11f0a676a889,2025-04-16,1877.13,313702.44,expense,Reliance Fresh,Fresh produce & vegetables
4390899c-6c9e-4ad0-bf89-d4b67746dcaa,0d3c63a6-9cfe-4228-8afa-ea6a26c13cb8,4c0315f4-0fbb-44a3-8e72-f4e7e2b96c4c,aea49b50-348f-446b-9a35-c970ed3e3a8a,2025-04-17,1354.7,312347.74,expense,Landlord,Monthly rent payment
b2875a8a-2c5e-4601-9a54-92b659dc0248,0d3c63a6-9cfe-4228-8afa-ea6a26c13cb8,4c0315f4-0fbb-44a3-8e72-f4e7e2b96c4c,4e6141b4-8b08-4a48-92e3-00a3aed708d1,2025-04-17,22659.42,289688.32,expense,Adani Electricity,Electricity payment
56d64d13-b646-4f25-ac96-dc5e4ab00b2e,0d3c63a6-9cfe-4228-8afa-ea6a26c13cb8,4c0315f4-0fbb-44a3-8e72-f4e7e2b96c4c,b44b3d71-0880-41d9-8f85-0348da9b0531,2025-04-18,12288.43,277399.89,expense,Tanishq,Jewellery purchase
cb1eecc5-32d7-46ef-bd99-ab3bcfb87d9d,0d3c63a6-9cfe-4228-8afa-ea6a26c13cb8,4c0315f4-0fbb-44a3-8e72-f4e7e2b96c4c,96425e71-00ab-44ec-b7a5-b7bc7c419b3c,2025-04-18,23243.08,254156.81,expense,Axis Bank,Home loan EMI
0d151534-fafd-49e6-bc89-27696a1d6d8f,0d3c63a6-9cfe-4228-8afa-ea6a26c13cb8,4c0315f4-0fbb-44a3-8e72-f4e7e2b96c4c,7b4b3f22-72da-46c4-913d-6c0f0486886f,2025-04-21,4781.35,249375.46,expense,NetMeds,Online medicine order
c154287a-8b04-4daf-9750-90252be3e44e,0d3c63a6-9cfe-4228-8afa-ea6a26c13cb8,4c0315f4-0fbb-44a3-8e72-f4e7e2b96c4c,c70299e8-74c3-48e3-832d-a15ca45f9d40,2025-04-21,11172.11,238203.35,expense,Air India,Flight booking
8a79917a-29b7-4390-89e4-d623d6fbdb6e,0d3c63a6-9cfe-4228-8afa-ea6a26c13cb8,4c0315f4-0fbb-44a3-8e72-f4e7e2b96c4c,96425e71-00ab-44ec-b7a5-b7bc7c419b3c,2025-04-23,32033.92,206169.43,expense,SBI,Housing loan instalment
137bd192-706c-4d60-afc4-c39cb3786599,0d3c63a6-9cfe-4228-8afa-ea6a26c13cb8,4c0315f4-0fbb-44a3-8e72-f4e7e2b96c4c,2240f66e-6ba1-4bb3-9578-9f6dd6e71363,2025-04-24,926.81,205242.62,expense,ACT Fibernet,Internet payment
41a625fa-92d8-4783-b01d-edf5b083aa2e,0d3c63a6-9cfe-4228-8afa-ea6a26c13cb8,4c0315f4-0fbb-44a3-8e72-f4e7e2b96c4c,820faeca-f72b-4444-b3ed-cc4b2457b6fa,2025-04-24,1656.62,203586.0,expense,Meesho,Online order
c0a37241-1aaf-429e-9c55-cff90b2f0d3b,0d3c63a6-9cfe-4228-8afa-ea6a26c13cb8,4c0315f4-0fbb-44a3-8e72-f4e7e2b96c4c,f9695d76-897b-4d1d-b699-30bdb8c3bd63,2025-04-24,18800.19,184785.81,expense,InDrive,Cab booking
f0298a5d-b003-4d5d-8977-6cf9fc00a243,0d3c63a6-9cfe-4228-8afa-ea6a26c13cb8,4c0315f4-0fbb-44a3-8e72-f4e7e2b96c4c,1936a4f4-2484-487e-9de0-bd4773f631e7,2025-04-24,725.19,184060.62,expense,Jio,Mobile recharge
f3ce8cf5-5256-45dc-be27-d99edbd78101,0d3c63a6-9cfe-4228-8afa-ea6a26c13cb8,4c0315f4-0fbb-44a3-8e72-f4e7e2b96c4c,9b12be40-523e-43ac-b1e0-56b200b39928,2025-04-24,19403.44,164657.18,expense,New India Assurance,Property cover
a8cab8b6-dccb-480c-a3e4-d300a6223879,0d3c63a6-9cfe-4228-8afa-ea6a26c13cb8,4c0315f4-0fbb-44a3-8e72-f4e7e2b96c4c,ee7c44a4-b997-4955-8565-e0095cc9a643,2025-04-25,14423.29,150233.89,expense,IndiGo,Business travel flight
ecf19e0c-febe-4b33-80d8-60e2b9331cca,0d3c63a6-9cfe-4228-8afa-ea6a26c13cb8,4c0315f4-0fbb-44a3-8e72-f4e7e2b96c4c,52f50416-8d6b-4f79-aa1e-87189fe727cf,2025-04-25,2263.04,147970.85,expense,Nykaa,Beauty products
33cfe81a-f895-42bb-bdf8-1986050cefe5,0d3c63a6-9cfe-4228-8afa-ea6a26c13cb8,4c0315f4-0fbb-44a3-8e72-f4e7e2b96c4c,248ccf02-2fad-4a57-8831-52e79f698e4c,2025-04-26,12399.98,135570.87,expense,Mumbai Metro,Metro fare
b2c236a1-af3a-4aed-866d-182a41261197,0d3c63a6-9cfe-4228-8afa-ea6a26c13cb8,4c0315f4-0fbb-44a3-8e72-f4e7e2b96c4c,60260042-9174-4f85-82fc-aed9fb085bca,2025-04-27,1786.38,133784.49,expense,Local Store,Accessories purchase
b9b533b4-ca98-42eb-b5f6-b096b9590ebc,0d3c63a6-9cfe-4228-8afa-ea6a26c13cb8,4c0315f4-0fbb-44a3-8e72-f4e7e2b96c4c,773ee99e-f4ff-4162-87c7-19387a9ebb97,2025-04-28,2963.42,130821.07,expense,Barbeque Nation,Dinner with family
bdb3bf8f-7dda-479a-b2f6-95a493063c29,0d3c63a6-9cfe-4228-8afa-ea6a26c13cb8,4c0315f4-0fbb-44a3-8e72-f4e7e2b96c4c,4e6141b4-8b08-4a48-92e3-00a3aed708d1,2025-04-29,11228.46,119592.61,expense,Adani Electricity,Electricity payment
640c4906-9645-4fcb-95b0-a0c5fe1eec42,0d3c63a6-9cfe-4228-8afa-ea6a26c13cb8,4c0315f4-0fbb-44a3-8e72-f4e7e2b96c4c,b44b3d71-0880-41d9-8f85-0348da9b0531,2025-04-30,5467.37,114125.24,expense,Tanishq,Jewellery purchase
d9b90c0a-b381-45ad-a289-16129c139ca5,0d3c63a6-9cfe-4228-8afa-ea6a26c13cb8,4c0315f4-0fbb-44a3-8e72-f4e7e2b96c4c,94943a15-5000-4909-864f-c229ccc559c2,2025-04-30,6572.77,107552.47,expense,IKEA,Home furnishing
eda77053-3d66-4ca9-ab4d-089bf5af7235,0d3c63a6-9cfe-4228-8afa-ea6a26c13cb8,4c0315f4-0fbb-44a3-8e72-f4e7e2b96c4c,352e3807-c4b8-4f2f-b4a0-11f0a676a889,2025-04-30,945.71,106606.76,expense,JioMart,Online grocery order
cdd9c61b-7374-49de-8edb-d57585462f1c,f98fe819-1be6-4325-972b-a4401aceaed6,6547924d-bce9-45f0-82cd-60f6888b1578,0d3983fc-2dc6-40e8-898b-3e446f9ffcb2,2025-01-01,263845.24,2182088.3,income,Company,Salary transfer
059b29f3-5f02-4e23-b594-758b3304e922,f98fe819-1be6-4325-972b-a4401aceaed6,6547924d-bce9-45f0-82cd-60f6888b1578,820faeca-f72b-4444-b3ed-cc4b2457b6fa,2025-01-03,31052.88,2151035.42,expense,Flipkart,Online purchase
bc559aaa-603c-4d74-b4aa-d9249c9e27b9,f98fe819-1be6-4325-972b-a4401aceaed6,6547924d-bce9-45f0-82cd-60f6888b1578,3e870dc4-9bcb-4d85-a0ed-817b2217e50b,2025-01-03,32600.0,2118435.42,expense,Axis Bank,Loan repayment
26083a48-26fa-462b-a5bd-6f574d6bb982,f98fe819-1be6-4325-972b-a4401aceaed6,6547924d-bce9-45f0-82cd-60f6888b1578,8cdb5319-10b2-4cf2-89c8-22fadc1b7858,2025-01-04,55019.14,2063416.28,expense,Municipal Corp,Fine payment
bf65efe8-29f0-47af-9dcf-8666fcac482b,f98fe819-1be6-4325-972b-a4401aceaed6,6547924d-bce9-45f0-82cd-60f6888b1578,99b34d50-a760-4c27-b2ff-1bf9e6cbe779,2025-01-04,21509.24,2041907.04,expense,Axis Card,Card outstanding
dcd1e44c-2527-4deb-8202-359006c98491,f98fe819-1be6-4325-972b-a4401aceaed6,6547924d-bce9-45f0-82cd-60f6888b1578,96425e71-00ab-44ec-b7a5-b7bc7c419b3c,2025-01-04,53500.0,1988407.04,expense,Axis Bank,Home loan EMI
d9a1c688-13de-4e90-bc59-fe2c64617ff5,f98fe819-1be6-4325-972b-a4401aceaed6,6547924d-bce9-45f0-82cd-60f6888b1578,aa200b24-ef0e-410d-9a5e-5cd5e6eb5584,2025-01-05,35635.11,1952771.93,expense,Electrician,Electrical work
4dc9cafa-64b9-4364-993b-a970cac27893,f98fe819-1be6-4325-972b-a4401aceaed6,6547924d-bce9-45f0-82cd-60f6888b1578,1936a4f4-2484-487e-9de0-bd4773f631e7,2025-01-11,251.56,1952520.37,expense,BSNL,Mobile bill
ac2c2ab8-2d39-485e-8280-3c20cf5cb32c,f98fe819-1be6-4325-972b-a4401aceaed6,6547924d-bce9-45f0-82cd-60f6888b1578,99b34d50-a760-4c27-b2ff-1bf9e6cbe779,2025-01-11,14075.24,1938445.13,expense,Axis Card,Card outstanding
090d0791-7f12-4644-b8df-6a288abf8605,f98fe819-1be6-4325-972b-a4401aceaed6,6547924d-bce9-45f0-82cd-60f6888b1578,3e870dc4-9bcb-4d85-a0ed-817b2217e50b,2025-01-12,53587.66,1884857.47,expense,Axis Bank,Loan repayment
9d6806da-6c89-416b-b13f-115fe4237149,f98fe819-1be6-4325-972b-a4401aceaed6,6547924d-bce9-45f0-82cd-60f6888b1578,9824533c-e6eb-43ff-b2d1-9724f9f59c75,2025-01-13,11878.78,1872978.69,expense,Maid,Maid salary
4cd5214d-6dc8-43a5-9d1d-3860fea6e96c,f98fe819-1be6-4325-972b-a4401aceaed6,6547924d-bce9-45f0-82cd-60f6888b1578,96425e71-00ab-44ec-b7a5-b7bc7c419b3c,2025-01-15,9061.2,1863917.49,expense,LIC HFL,Mortgage payment
be9b2717-b534-451a-b459-26d3f243fe43,f98fe819-1be6-4325-972b-a4401aceaed6,6547924d-bce9-45f0-82cd-60f6888b1578,68662b1b-9e19-427c-8a6f-0dea71240479,2025-01-17,474.83,1863442.66,expense,Google Play,App purchase
20e60ce7-65a7-4c09-90fe-36011f536786,f98fe819-1be6-4325-972b-a4401aceaed6,6547924d-bce9-45f0-82cd-60f6888b1578,aea49b50-348f-446b-9a35-c970ed3e3a8a,2025-01-18,34445.6,1828997.06,expense,NoBroker,Rent via NoBroker
4331f68a-03a4-482d-a6dd-669101c27934,f98fe819-1be6-4325-972b-a4401aceaed6,6547924d-bce9-45f0-82cd-60f6888b1578,ba7b532e-605d-4ad5-b9b6-3155499c93eb,2025-01-18,94540.44,1734456.62,expense,LIC,Life insurance premium
80136597-a2d3-4a19-b4fa-828ed800f75c,f98fe819-1be6-4325-972b-a4401aceaed6,6547924d-bce9-45f0-82cd-60f6888b1578,d926a624-ee93-4c92-bd0e-202091a8548e,2025-01-19,114633.65,1619822.97,expense,HDFC CC,Credit card bill
00fd1bea-4bf1-4a96-b5df-7e5e1597315a,f98fe819-1be6-4325-972b-a4401aceaed6,6547924d-bce9-45f0-82cd-60f6888b1578,62bb0c22-62a3-42ba-a471-bae2976e7fe1,2025-01-20,44509.05,1575313.92,expense,GST Portal,GST payment
8183af2c-5393-48c4-9088-ed5fdafc965d,f98fe819-1be6-4325-972b-a4401aceaed6,6547924d-bce9-45f0-82cd-60f6888b1578,ba7b532e-605d-4ad5-b9b6-3155499c93eb,2025-01-21,108330.58,1466983.34,expense,ICICI Prudential,Policy premium
d276707c-9968-40f5-ae67-ff2da3aa95a2,f98fe819-1be6-4325-972b-a4401aceaed6,6547924d-bce9-45f0-82cd-60f6888b1578,3e870dc4-9bcb-4d85-a0ed-817b2217e50b,2025-01-23,72633.45,1394349.89,expense,SBI,Personal loan EMI
107ed169-099a-47e5-b413-899f1c9a911d,f98fe819-1be6-4325-972b-a4401aceaed6,6547924d-bce9-45f0-82cd-60f6888b1578,2240f66e-6ba1-4bb3-9578-9f6dd6e71363,2025-01-26,20896.4,1373453.49,expense,Jio Fiber,Internet bill
7ec2c785-066f-454b-a23a-f6cfc6ba8a99,f98fe819-1be6-4325-972b-a4401aceaed6,6547924d-bce9-45f0-82cd-60f6888b1578,4e6141b4-8b08-4a48-92e3-00a3aed708d1,2025-01-26,58033.83,1315419.66,expense,BESCOM,Electricity bill
87fae039-408b-424b-ae25-81e035173349,f98fe819-1be6-4325-972b-a4401aceaed6,6547924d-bce9-45f0-82cd-60f6888b1578,62bb0c22-62a3-42ba-a471-bae2976e7fe1,2025-01-27,13519.9,1301899.76,expense,GST Portal,GST payment
0d15fe3d-a8f2-40a1-ac4a-d943c3f55fa4,f98fe819-1be6-4325-972b-a4401aceaed6,6547924d-bce9-45f0-82cd-60f6888b1578,0d3983fc-2dc6-40e8-898b-3e446f9ffcb2,2025-01-31,255544.13,1557443.89,income,Payroll,Salary deposit
aa198b92-dbdd-42f0-b132-5b2bbbe4b13f,f98fe819-1be6-4325-972b-a4401aceaed6,6547924d-bce9-45f0-82cd-60f6888b1578,43dc3332-707c-42c3-b0d9-0f067489a82d,2025-01-31,7292.71,1550151.18,expense,HP Petrol,Diesel refill
b598a21b-9c19-4453-acd7-42aa73ffc38a,f98fe819-1be6-4325-972b-a4401aceaed6,6547924d-bce9-45f0-82cd-60f6888b1578,96425e71-00ab-44ec-b7a5-b7bc7c419b3c,2025-02-02,53500.0,1496651.18,expense,SBI,Home loan EMI
9cfd1c22-4b29-47ff-9a70-93a4cdea004a,f98fe819-1be6-4325-972b-a4401aceaed6,6547924d-bce9-45f0-82cd-60f6888b1578,8cdb5319-10b2-4cf2-89c8-22fadc1b7858,2025-02-04,19097.14,1477554.04,expense,Municipal Corp,Fine payment
408bb45a-4b27-49ae-848a-960d874120bb,f98fe819-1be6-4325-972b-a4401aceaed6,6547924d-bce9-45f0-82cd-60f6888b1578,c1794d38-04bb-436c-a349-b7efa2949d59,2025-02-05,299.0,1477255.04,expense,Hotstar,Monthly subscription
53efcb4f-50ce-4b0d-ad9d-5a9ba3e29a33,f98fe819-1be6-4325-972b-a4401aceaed6,6547924d-bce9-45f0-82cd-60f6888b1578,4e6141b4-8b08-4a48-92e3-00a3aed708d1,2025-02-05,33184.91,1444070.13,expense,BSES,Power bill
73313df6-1d01-4eaa-a76f-188ef382dc9e,f98fe819-1be6-4325-972b-a4401aceaed6,6547924d-bce9-45f0-82cd-60f6888b1578,d926a624-ee93-4c92-bd0e-202091a8548e,2025-02-05,7177.15,1436892.98,expense,SBI Card,Card payment
99de06a2-f59b-46fb-bae3-6a26e69eb24c,f98fe819-1be6-4325-972b-a4401aceaed6,6547924d-bce9-45f0-82cd-60f6888b1578,96425e71-00ab-44ec-b7a5-b7bc7c419b3c,2025-02-05,12867.56,1424025.42,expense,LIC HFL,Mortgage payment
e4a5832d-0105-40c6-b0e0-cfb4fe578d6e,f98fe819-1be6-4325-972b-a4401aceaed6,6547924d-bce9-45f0-82cd-60f6888b1578,a148be30-71e8-4132-be5e-4a91a2095699,2025-02-05,35805.54,1388219.88,expense,Amazon,Gift purchase
35b9aeaa-080c-4730-a4f1-16cb2af6deef,f98fe819-1be6-4325-972b-a4401aceaed6,6547924d-bce9-45f0-82cd-60f6888b1578,61afab8e-aacd-41f8-8e63-aed9c88790f3,2025-02-06,23134.65,1365085.23,expense,SBI Bank,Vehicle loan instalment
cb85acc0-1c52-46b4-85e4-b96f74ebfca4,f98fe819-1be6-4325-972b-a4401aceaed6,6547924d-bce9-45f0-82cd-60f6888b1578,3e870dc4-9bcb-4d85-a0ed-817b2217e50b,2025-02-06,32600.0,1332485.23,expense,Bajaj Finance,Consumer loan
26cd0766-ca5a-4a40-85fb-a17eb041f975,f98fe819-1be6-4325-972b-a4401aceaed6,6547924d-bce9-45f0-82cd-60f6888b1578,2240f66e-6ba1-4bb3-9578-9f6dd6e71363,2025-02-09,544.99,1331940.24,expense,Gas Agency,LPG cylinder
27276ef0-de42-46ac-8edf-222cdb72e128,f98fe819-1be6-4325-972b-a4401aceaed6,6547924d-bce9-45f0-82cd-60f6888b1578,248ccf02-2fad-4a57-8831-52e79f698e4c,2025-02-09,2534.81,1329405.43,expense,BEST,Bus card recharge
4b095804-55a0-4fe4-b049-ce828c74fbc1,f98fe819-1be6-4325-972b-a4401aceaed6,6547924d-bce9-45f0-82cd-60f6888b1578,61afab8e-aacd-41f8-8e63-aed9c88790f3,2025-02-10,22498.49,1306906.94,expense,HDFC Bank,Car loan EMI
ce16edf5-2a5c-45d6-91ee-f08497a8a6d4,f98fe819-1be6-4325-972b-a4401aceaed6,6547924d-bce9-45f0-82cd-60f6888b1578,4e6141b4-8b08-4a48-92e3-00a3aed708d1,2025-02-10,63636.19,1243270.75,expense,Tata Power,Power bill
aabaed27-2f3a-4684-bfc2-4852ca5cc434,f98fe819-1be6-4325-972b-a4401aceaed6,6547924d-bce9-45f0-82cd-60f6888b1578,223324ac-c0b3-4f8f-bc2b-440cc66d4f97,2025-02-11,14238.03,1229032.72,expense,Amazon,Tools order
066c59b2-81ee-4062-82ff-f22cab1c03ea,f98fe819-1be6-4325-972b-a4401aceaed6,6547924d-bce9-45f0-82cd-60f6888b1578,7d54e629-cfd3-42d6-93ed-efbfbbbfa7d6,2025-02-13,28715.27,1200317.45,expense,Financial Advisor,Advisory fee
c331b87a-ef32-4bbb-8c28-c8ac04341b0b,f98fe819-1be6-4325-972b-a4401aceaed6,6547924d-bce9-45f0-82cd-60f6888b1578,a0f82fa6-1252-4e6c-8a29-a1761d72d10c,2025-02-14,25993.68,1174323.77,expense,Indian Railways,Train booking
3626f224-985a-4014-a790-2e51361bf681,f98fe819-1be6-4325-972b-a4401aceaed6,6547924d-bce9-45f0-82cd-60f6888b1578,ba7b532e-605d-4ad5-b9b6-3155499c93eb,2025-02-15,4346.9,1169976.87,expense,Max Life,Premium payment
fc51b92e-44bd-4417-b384-b0644a527863,f98fe819-1be6-4325-972b-a4401aceaed6,6547924d-bce9-45f0-82cd-60f6888b1578,4e6141b4-8b08-4a48-92e3-00a3aed708d1,2025-02-15,43939.25,1126037.62,expense,BSES,Power bill
e2bc899b-453e-4abd-9400-3e88ca7ab81b,f98fe819-1be6-4325-972b-a4401aceaed6,6547924d-bce9-45f0-82cd-60f6888b1578,2240f66e-6ba1-4bb3-9578-9f6dd6e71363,2025-02-16,26102.13,1099935.49,expense,Gas Agency,LPG cylinder
8109bbf0-d847-4930-a08f-3f0fd99c21df,f98fe819-1be6-4325-972b-a4401aceaed6,6547924d-bce9-45f0-82cd-60f6888b1578,c1794d38-04bb-436c-a349-b7efa2949d59,2025-02-19,15351.0,1084584.49,expense,Sony LIV,Streaming subscription
6143d026-2a9f-4172-8b1f-61b0284a380d,f98fe819-1be6-4325-972b-a4401aceaed6,6547924d-bce9-45f0-82cd-60f6888b1578,773ee99e-f4ff-4162-87c7-19387a9ebb97,2025-02-21,2227.37,1082357.12,expense,Barbeque Nation,Dinner with family
74ee5922-abaf-44ae-ba5a-fec73fe519d2,f98fe819-1be6-4325-972b-a4401aceaed6,6547924d-bce9-45f0-82cd-60f6888b1578,4e6141b4-8b08-4a48-92e3-00a3aed708d1,2025-02-23,40220.05,1042137.07,expense,Tata Power,Power bill
e818b8b2-28a3-4c33-9d64-5387440dd0e4,f98fe819-1be6-4325-972b-a4401aceaed6,6547924d-bce9-45f0-82cd-60f6888b1578,aa200b24-ef0e-410d-9a5e-5cd5e6eb5584,2025-02-26,67134.72,975002.35,expense,Electrician,Electrical work
add855a2-9d69-4bda-9b4f-005304bcdc01,f98fe819-1be6-4325-972b-a4401aceaed6,6547924d-bce9-45f0-82cd-60f6888b1578,ba7b532e-605d-4ad5-b9b6-3155499c93eb,2025-02-28,43568.18,931434.17,expense,HDFC Life,Term plan premium
c973c10a-28c5-4082-8b50-97db1ec0cb48,f98fe819-1be6-4325-972b-a4401aceaed6,6547924d-bce9-45f0-82cd-60f6888b1578,1936a4f4-2484-487e-9de0-bd4773f631e7,2025-03-01,410.72,931023.45,expense,Jio,Mobile recharge
88fdde84-5a25-444e-af50-65019ba818e5,f98fe819-1be6-4325-972b-a4401aceaed6,6547924d-bce9-45f0-82cd-60f6888b1578,99b34d50-a760-4c27-b2ff-1bf9e6cbe779,2025-03-02,28853.28,902170.17,expense,Axis Card,Card outstanding
a498cdaf-e257-4dbe-b6d1-be5d2ef85b61,f98fe819-1be6-4325-972b-a4401aceaed6,6547924d-bce9-45f0-82cd-60f6888b1578,352e3807-c4b8-4f2f-b4a0-11f0a676a889,2025-03-02,1904.81,900265.36,expense,Blinkit,Instant delivery
954ed948-f5ac-4b70-8699-51026c1e7318,f98fe819-1be6-4325-972b-a4401aceaed6,6547924d-bce9-45f0-82cd-60f6888b1578,0d3983fc-2dc6-40e8-898b-3e446f9ffcb2,2025-03-03,262590.45,1162855.81,income,Payroll,Salary deposit
0265f6c7-cd92-4317-91dc-7e09423bc4f1,f98fe819-1be6-4325-972b-a4401aceaed6,6547924d-bce9-45f0-82cd-60f6888b1578,3e870dc4-9bcb-4d85-a0ed-817b2217e50b,2025-03-05,32600.0,1130255.81,expense,Bajaj Finance,Consumer loan
82f03af2-ffbd-4c7d-a5e0-4bf23c7aab06,f98fe819-1be6-4325-972b-a4401aceaed6,6547924d-bce9-45f0-82cd-60f6888b1578,3e870dc4-9bcb-4d85-a0ed-817b2217e50b,2025-03-05,110941.17,1019314.64,expense,ICICI Bank,Loan EMI
99527467-d97f-4e06-9b64-2f4b2ab8ef20,f98fe819-1be6-4325-972b-a4401aceaed6,6547924d-bce9-45f0-82cd-60f6888b1578,96425e71-00ab-44ec-b7a5-b7bc7c419b3c,2025-03-05,53500.0,965814.64,expense,HDFC Bank,Home loan EMI
0ebed49b-18f6-4012-bb84-4d04d415c6ce,f98fe819-1be6-4325-972b-a4401aceaed6,6547924d-bce9-45f0-82cd-60f6888b1578,3e870dc4-9bcb-4d85-a0ed-817b2217e50b,2025-03-06,74486.02,891328.62,expense,Bajaj Finance,Consumer loan
a15e6e49-4e1b-425a-b488-90a110bc549a,f98fe819-1be6-4325-972b-a4401aceaed6,6547924d-bce9-45f0-82cd-60f6888b1578,4e6141b4-8b08-4a48-92e3-00a3aed708d1,2025-03-06,10406.88,880921.74,expense,BSES,Power bill
45135cd3-da12-47f0-aaac-ffca8efe5a28,f98fe819-1be6-4325-972b-a4401aceaed6,6547924d-bce9-45f0-82cd-60f6888b1578,1936a4f4-2484-487e-9de0-bd4773f631e7,2025-03-08,214.05,880707.69,expense,Jio,Mobile recharge
5c922714-97ab-4d31-a651-669e27ab32ce,f98fe819-1be6-4325-972b-a4401aceaed6,6547924d-bce9-45f0-82cd-60f6888b1578,e1b2d153-cb13-4270-a0d4-ce6ee99867fa,2025-03-09,16635.91,864071.78,expense,Cigarette Shop,Tobacco
7a7cb006-5665-4252-b38e-f172cf9306b7,f98fe819-1be6-4325-972b-a4401aceaed6,6547924d-bce9-45f0-82cd-60f6888b1578,49b46c39-e438-4284-95c0-8dd9c25bbe33,2025-03-09,4536.59,859535.19,expense,Swiggy,Food order
141916e7-b69b-4979-9dc3-bd5f36207b2f,f98fe819-1be6-4325-972b-a4401aceaed6,6547924d-bce9-45f0-82cd-60f6888b1578,c1794d38-04bb-436c-a349-b7efa2949d59,2025-03-10,299.0,859236.19,expense,Amazon Prime,Monthly subscription
4c8b648f-d9f0-499e-8d3e-d9eaad20d650,f98fe819-1be6-4325-972b-a4401aceaed6,6547924d-bce9-45f0-82cd-60f6888b1578,c1794d38-04bb-436c-a349-b7efa2949d59,2025-03-10,129.0,859107.19,expense,YouTube Premium,Monthly subscription
e3502740-85ff-4902-84a4-8aa284d12b09,f98fe819-1be6-4325-972b-a4401aceaed6,6547924d-bce9-45f0-82cd-60f6888b1578,245a1bba-ff69-4f13-bb3d-7fff3c2b30be,2025-03-10,4033.77,855073.42,expense,Mall Parking,Parking charges
5e7ee8bd-1b7a-40d8-a9b7-1e85e1109451,f98fe819-1be6-4325-972b-a4401aceaed6,6547924d-bce9-45f0-82cd-60f6888b1578,d926a624-ee93-4c92-bd0e-202091a8548e,2025-03-11,2839.24,852234.18,expense,HDFC CC,Credit card bill
8dc50faf-0cb9-4514-8e15-6ddc6887dfe8,f98fe819-1be6-4325-972b-a4401aceaed6,6547924d-bce9-45f0-82cd-60f6888b1578,96425e71-00ab-44ec-b7a5-b7bc7c419b3c,2025-03-13,51861.68,800372.5,expense,Axis Bank,Home loan EMI
56dbfcea-ad4b-4c1c-b257-9642b4efcb21,f98fe819-1be6-4325-972b-a4401aceaed6,6547924d-bce9-45f0-82cd-60f6888b1578,3e870dc4-9bcb-4d85-a0ed-817b2217e50b,2025-03-14,77029.16,723343.34,expense,Bajaj Finance,Consumer loan
ea6594d7-84ef-4134-878e-97efcde17a40,f98fe819-1be6-4325-972b-a4401aceaed6,6547924d-bce9-45f0-82cd-60f6888b1578,afb11444-5eb7-49e4-adb0-6e90808b3f69,2025-03-18,33591.74,689751.6,expense,Axis Bank,Processing fee
c493e71a-09e5-46af-80d9-d6baad54251f,f98fe819-1be6-4325-972b-a4401aceaed6,6547924d-bce9-45f0-82cd-60f6888b1578,24e016a3-fafe-4519-8295-2f5f87ed7005,2025-03-20,476.96,689274.64,expense,Blue Tokai,Specialty coffee
62a793e5-0d9f-470a-9b15-2ec90ba718e9,f98fe819-1be6-4325-972b-a4401aceaed6,6547924d-bce9-45f0-82cd-60f6888b1578,60d066bc-e9ed-4249-b6d9-4da0fa4b9b29,2025-03-22,30344.93,658929.71,expense,Insider.in,Cultural event
b34a07fd-bef3-4ad9-8e8b-8a260517a24e,f98fe819-1be6-4325-972b-a4401aceaed6,6547924d-bce9-45f0-82cd-60f6888b1578,352e3807-c4b8-4f2f-b4a0-11f0a676a889,2025-03-22,5251.25,653678.46,expense,DMart,Supermarket shopping
5469c665-6d8b-4a65-b31e-0140175df092,f98fe819-1be6-4325-972b-a4401aceaed6,6547924d-bce9-45f0-82cd-60f6888b1578,62bb0c22-62a3-42ba-a471-bae2976e7fe1,2025-03-25,57291.79,596386.67,expense,GST Portal,GST payment
9088da02-ce2a-47ba-a841-666e42481eb6,f98fe819-1be6-4325-972b-a4401aceaed6,6547924d-bce9-45f0-82cd-60f6888b1578,3e870dc4-9bcb-4d85-a0ed-817b2217e50b,2025-03-31,29309.64,567077.03,expense,Bajaj Finance,Consumer loan
9101b167-016b-4e08-b635-86b6b525f580,f98fe819-1be6-4325-972b-a4401aceaed6,6547924d-bce9-45f0-82cd-60f6888b1578,9824533c-e6eb-43ff-b2d1-9724f9f59c75,2025-03-31,5404.35,561672.68,expense,Maid,Maid salary
14d8b2ac-150b-43c3-8641-8a6be1988fb9,f98fe819-1be6-4325-972b-a4401aceaed6,6547924d-bce9-45f0-82cd-60f6888b1578,0d3983fc-2dc6-40e8-898b-3e446f9ffcb2,2025-04-03,263022.07,824694.75,income,Company,Salary transfer
2a66f5ca-8a91-43ae-8d37-6ec1ffc5960e,f98fe819-1be6-4325-972b-a4401aceaed6,6547924d-bce9-45f0-82cd-60f6888b1578,24e016a3-fafe-4519-8295-2f5f87ed7005,2025-04-03,692.32,824002.43,expense,The Beer Cafe,Drinks with friends
246563ba-ba82-4770-886f-1c3e8a0178a6,f98fe819-1be6-4325-972b-a4401aceaed6,6547924d-bce9-45f0-82cd-60f6888b1578,ba7b532e-605d-4ad5-b9b6-3155499c93eb,2025-04-04,48658.08,775344.35,expense,HDFC Life,Term plan premium
aa063dae-6439-4142-ae35-7f3ba2f3e6bb,f98fe819-1be6-4325-972b-a4401aceaed6,6547924d-bce9-45f0-82cd-60f6888b1578,3e870dc4-9bcb-4d85-a0ed-817b2217e50b,2025-04-04,32600.0,742744.35,expense,Bajaj Finance,Consumer loan
ced0bd15-081d-4084-aa60-5e547231189f,f98fe819-1be6-4325-972b-a4401aceaed6,6547924d-bce9-45f0-82cd-60f6888b1578,352e3807-c4b8-4f2f-b4a0-11f0a676a889,2025-04-04,4553.97,738190.38,expense,Reliance Fresh,Fresh produce & vegetables
856c1572-7786-4fa9-8fce-0756cd01c7ad,f98fe819-1be6-4325-972b-a4401aceaed6,6547924d-bce9-45f0-82cd-60f6888b1578,96425e71-00ab-44ec-b7a5-b7bc7c419b3c,2025-04-05,53500.0,684690.38,expense,Axis Bank,Home loan EMI
8128dcd4-8911-434e-bc27-d40511066937,f98fe819-1be6-4325-972b-a4401aceaed6,6547924d-bce9-45f0-82cd-60f6888b1578,c1794d38-04bb-436c-a349-b7efa2949d59,2025-04-06,299.0,684391.38,expense,Hotstar,Monthly subscription
51894641-1e96-4b6a-b8cf-e7475081bc5e,f98fe819-1be6-4325-972b-a4401aceaed6,6547924d-bce9-45f0-82cd-60f6888b1578,06112ebb-b73c-40a0-aaba-87c783f69c60,2025-04-08,37177.4,647213.98,expense,Amazon,Hobby supplies
98f84bae-1772-45f5-b723-85bc282189cf,f98fe819-1be6-4325-972b-a4401aceaed6,6547924d-bce9-45f0-82cd-60f6888b1578,9824533c-e6eb-43ff-b2d1-9724f9f59c75,2025-04-08,12385.0,634828.98,expense,Watchman,Security tip
735eafeb-91f1-4bae-9b7a-7e43bcbb0d6b,f98fe819-1be6-4325-972b-a4401aceaed6,6547924d-bce9-45f0-82cd-60f6888b1578,d926a624-ee93-4c92-bd0e-202091a8548e,2025-04-09,38620.68,596208.3,expense,Axis Card,Card outstanding
a91fd743-a38b-47b9-b365-308dcdd0910f,f98fe819-1be6-4325-972b-a4401aceaed6,6547924d-bce9-45f0-82cd-60f6888b1578,4e6141b4-8b08-4a48-92e3-00a3aed708d1,2025-04-10,610.43,595597.87,expense,BESCOM,Electricity bill
b481e0b5-41f5-42ad-816e-9900c62ad29a,f98fe819-1be6-4325-972b-a4401aceaed6,6547924d-bce9-45f0-82cd-60f6888b1578,a9ffe6eb-4506-488f-8aae-77f81d637f71,2025-04-11,13296.34,582301.53,expense,Westside,Seasonal shopping
894e201d-4e07-4969-a06b-11fcde6c942b,f98fe819-1be6-4325-972b-a4401aceaed6,6547924d-bce9-45f0-82cd-60f6888b1578,aea49b50-348f-446b-9a35-c970ed3e3a8a,2025-04-12,14057.81,568243.72,expense,Housing Society,Rent payment
2bc64c0a-4463-405a-bb3b-49b18c9d2648,f98fe819-1be6-4325-972b-a4401aceaed6,6547924d-bce9-45f0-82cd-60f6888b1578,61afab8e-aacd-41f8-8e63-aed9c88790f3,2025-04-13,35927.28,532316.44,expense,HDFC Bank,Car loan EMI
22f5fb6e-18f1-4830-8b79-2e820763526d,f98fe819-1be6-4325-972b-a4401aceaed6,6547924d-bce9-45f0-82cd-60f6888b1578,9824533c-e6eb-43ff-b2d1-9724f9f59c75,2025-04-14,56670.53,475645.91,expense,Cook,Cook wages
c6ec0bed-aa3c-4bd3-847c-1ea57dd86da5,f98fe819-1be6-4325-972b-a4401aceaed6,6547924d-bce9-45f0-82cd-60f6888b1578,4e6141b4-8b08-4a48-92e3-00a3aed708d1,2025-04-14,25021.43,450624.48,expense,BSES,Power bill
903a4a1e-1a9b-4af7-9daf-219d5d7d9c52,f98fe819-1be6-4325-972b-a4401aceaed6,6547924d-bce9-45f0-82cd-60f6888b1578,afb11444-5eb7-49e4-adb0-6e90808b3f69,2025-04-20,88756.28,361868.2,expense,Axis Bank,Processing fee
be9186c1-b17e-4f0c-97d1-f0acce9a4bff,f98fe819-1be6-4325-972b-a4401aceaed6,6547924d-bce9-45f0-82cd-60f6888b1578,3e870dc4-9bcb-4d85-a0ed-817b2217e50b,2025-04-20,7182.36,354685.84,expense,Axis Bank,Loan repayment
2d7f43fa-582d-47bd-8516-4fc0f0bc3f96,f98fe819-1be6-4325-972b-a4401aceaed6,6547924d-bce9-45f0-82cd-60f6888b1578,8cdb5319-10b2-4cf2-89c8-22fadc1b7858,2025-04-21,37734.61,316951.23,expense,Traffic Police,Traffic challan
4def7852-3868-40c5-b2bc-c50739d9d95c,f98fe819-1be6-4325-972b-a4401aceaed6,6547924d-bce9-45f0-82cd-60f6888b1578,62bb0c22-62a3-42ba-a471-bae2976e7fe1,2025-04-25,80587.09,236364.14,expense,GST Portal,GST payment
d9fd6c3a-2a70-4c91-829a-713eac1b536c,f98fe819-1be6-4325-972b-a4401aceaed6,6547924d-bce9-45f0-82cd-60f6888b1578,ba7b532e-605d-4ad5-b9b6-3155499c93eb,2025-04-25,98313.66,138050.48,expense,HDFC Life,Term plan premium
8c5cb662-0952-4843-9242-7c2b63d5fcc1,f98fe819-1be6-4325-972b-a4401aceaed6,6547924d-bce9-45f0-82cd-60f6888b1578,76b12465-5eec-4e07-98cb-43137e404dcd,2025-04-26,15481.11,122569.37,expense,BYJU'S,Learning app
24f6a7f0-3a7a-4451-b88d-b2c71b372fb0,f98fe819-1be6-4325-972b-a4401aceaed6,6547924d-bce9-45f0-82cd-60f6888b1578,ee7c44a4-b997-4955-8565-e0095cc9a643,2025-04-28,29348.05,93221.32,expense,Uber,Client visit cab
049e75d5-aa54-4f1f-b08f-512d3c56d5e3,f98fe819-1be6-4325-972b-a4401aceaed6,6547924d-bce9-45f0-82cd-60f6888b1578,62bb0c22-62a3-42ba-a471-bae2976e7fe1,2025-04-30,62008.82,31212.5,expense,GST Portal,GST payment
e8663c32-51f5-4b25-8d69-344486bc3b42,b9d87ef6-99e6-4028-9035-aa4497d1eb53,6e8c7a9e-a801-4db3-831c-a850bad50e32,f9695d76-897b-4d1d-b699-30bdb8c3bd63,2025-01-03,7878.53,310868.12,expense,Auto,Auto fare
80a00964-f04a-411b-8b41-fa8d395c384f,b9d87ef6-99e6-4028-9035-aa4497d1eb53,6e8c7a9e-a801-4db3-831c-a850bad50e32,3d010285-23fe-4f66-9e98-091ac1adb6a3,2025-01-05,8002.84,302865.28,expense,Goibibo,Travel booking
0c9d0bc2-7c04-4919-a712-c363b49ed2e5,b9d87ef6-99e6-4028-9035-aa4497d1eb53,6e8c7a9e-a801-4db3-831c-a850bad50e32,ba7b532e-605d-4ad5-b9b6-3155499c93eb,2025-01-06,5899.27,296966.01,expense,ICICI Prudential,Policy premium
b690a682-e5eb-442f-991b-ac87283d398e,b9d87ef6-99e6-4028-9035-aa4497d1eb53,6e8c7a9e-a801-4db3-831c-a850bad50e32,2240f66e-6ba1-4bb3-9578-9f6dd6e71363,2025-01-06,879.21,296086.8,expense,Gas Agency,LPG cylinder
70a4eb7d-5de3-4e36-8a1a-f939ef9e0de0,b9d87ef6-99e6-4028-9035-aa4497d1eb53,6e8c7a9e-a801-4db3-831c-a850bad50e32,1936a4f4-2484-487e-9de0-bd4773f631e7,2025-01-07,988.64,295098.16,expense,Vi,Phone bill
16a7b3f8-8316-4d73-9d16-740d7dee0015,b9d87ef6-99e6-4028-9035-aa4497d1eb53,6e8c7a9e-a801-4db3-831c-a850bad50e32,c1794d38-04bb-436c-a349-b7efa2949d59,2025-01-08,299.0,294799.16,expense,Amazon Prime,Monthly subscription
995fec84-2d0b-4f0f-8fe3-3f2366378504,b9d87ef6-99e6-4028-9035-aa4497d1eb53,6e8c7a9e-a801-4db3-831c-a850bad50e32,773ee99e-f4ff-4162-87c7-19387a9ebb97,2025-01-12,1723.19,293075.97,expense,Mainland China,Anniversary dinner
b70c4c76-0f49-4a46-ab3f-cbcdbba74d08,b9d87ef6-99e6-4028-9035-aa4497d1eb53,6e8c7a9e-a801-4db3-831c-a850bad50e32,4e6141b4-8b08-4a48-92e3-00a3aed708d1,2025-01-13,1803.74,291272.23,expense,Tata Power,Power bill
e5f12f6b-45f0-4f67-afbe-7f128cc7808e,b9d87ef6-99e6-4028-9035-aa4497d1eb53,6e8c7a9e-a801-4db3-831c-a850bad50e32,eb6cafa9-5129-4c5f-a238-d432e93d5710,2025-01-13,6140.18,285132.05,expense,Toll Plaza,Highway toll
436f9d38-2882-444b-8f56-d5f480db7438,b9d87ef6-99e6-4028-9035-aa4497d1eb53,6e8c7a9e-a801-4db3-831c-a850bad50e32,f89d39f0-2919-467d-9eae-73947cd92572,2025-01-17,532.79,284599.26,expense,McDonald's,Quick meal
b1028835-d4f4-4226-89f4-59f35e68b9d3,b9d87ef6-99e6-4028-9035-aa4497d1eb53,6e8c7a9e-a801-4db3-831c-a850bad50e32,f89d39f0-2919-467d-9eae-73947cd92572,2025-01-24,875.87,283723.39,expense,Pizza Hut,Pizza order
def1e46c-cad0-480e-a522-c38719ce835b,b9d87ef6-99e6-4028-9035-aa4497d1eb53,6e8c7a9e-a801-4db3-831c-a850bad50e32,9824533c-e6eb-43ff-b2d1-9724f9f59c75,2025-01-26,15892.22,267831.17,expense,Maid,Maid salary
a2269228-57e1-4961-8651-d215ece83d11,b9d87ef6-99e6-4028-9035-aa4497d1eb53,6e8c7a9e-a801-4db3-831c-a850bad50e32,02b93640-5ea9-4023-9ca5-12aaa253ea5b,2025-01-28,1315.82,266515.35,expense,Jio Fiber,Broadband bill
c41edbaa-d582-41d0-979b-5e0dce8e3951,b9d87ef6-99e6-4028-9035-aa4497d1eb53,6e8c7a9e-a801-4db3-831c-a850bad50e32,4e6141b4-8b08-4a48-92e3-00a3aed708d1,2025-01-31,25698.68,240816.67,expense,Tata Power,Power bill
1c2f335a-9332-4e8a-b66a-d9b70d4e4698,b9d87ef6-99e6-4028-9035-aa4497d1eb53,6e8c7a9e-a801-4db3-831c-a850bad50e32,9cc575a8-fc65-4f4a-abf5-8594a4d342a0,2025-02-02,1485.74,239330.93,expense,Local Shop,PC accessories
6033029e-2352-4294-ab7e-b7fa5e839a2b,b9d87ef6-99e6-4028-9035-aa4497d1eb53,6e8c7a9e-a801-4db3-831c-a850bad50e32,afb11444-5eb7-49e4-adb0-6e90808b3f69,2025-02-04,1155.93,238175.0,expense,Kotak Bank,Account charges
a7cc3f5e-70f0-4390-b56d-f98ff68fbf31,b9d87ef6-99e6-4028-9035-aa4497d1eb53,6e8c7a9e-a801-4db3-831c-a850bad50e32,96425e71-00ab-44ec-b7a5-b7bc7c419b3c,2025-02-06,20656.59,217518.41,expense,Axis Bank,Home loan EMI
b85c47dc-db2c-4345-b1c0-10cece9bcc81,b9d87ef6-99e6-4028-9035-aa4497d1eb53,6e8c7a9e-a801-4db3-831c-a850bad50e32,1936a4f4-2484-487e-9de0-bd4773f631e7,2025-02-09,312.74,217205.67,expense,Airtel,Postpaid bill
08e22f88-c67c-4c5d-b604-c683027dfa6d,b9d87ef6-99e6-4028-9035-aa4497d1eb53,6e8c7a9e-a801-4db3-831c-a850bad50e32,c1794d38-04bb-436c-a349-b7efa2949d59,2025-02-10,199.0,217006.67,expense,Netflix,Monthly subscription
f6e028e1-7694-44cb-a847-b4b58c09f0d4,b9d87ef6-99e6-4028-9035-aa4497d1eb53,6e8c7a9e-a801-4db3-831c-a850bad50e32,f9695d76-897b-4d1d-b699-30bdb8c3bd63,2025-02-10,8053.15,208953.52,expense,InDrive,Cab booking
6de42860-185a-4149-9802-3db8582aaab8,b9d87ef6-99e6-4028-9035-aa4497d1eb53,6e8c7a9e-a801-4db3-831c-a850bad50e32,9824533c-e6eb-43ff-b2d1-9724f9f59c75,2025-02-14,19561.77,189391.75,expense,Watchman,Security tip
9ea5cfe7-ce64-4da5-aed8-1607cbdba9f3,b9d87ef6-99e6-4028-9035-aa4497d1eb53,6e8c7a9e-a801-4db3-831c-a850bad50e32,9824533c-e6eb-43ff-b2d1-9724f9f59c75,2025-02-14,11276.61,178115.14,expense,Laundry,Laundry service
40c1f98d-3057-459e-9e27-3553b1285a54,b9d87ef6-99e6-4028-9035-aa4497d1eb53,6e8c7a9e-a801-4db3-831c-a850bad50e32,773ee99e-f4ff-4162-87c7-19387a9ebb97,2025-02-22,288.05,177827.09,expense,Local Restaurant,Quick lunch
11469517-372e-4500-9ee0-55b8fe9d3425,b9d87ef6-99e6-4028-9035-aa4497d1eb53,6e8c7a9e-a801-4db3-831c-a850bad50e32,1936a4f4-2484-487e-9de0-bd4773f631e7,2025-03-04,205.87,177621.22,expense,Vi,Phone bill
86dc88d9-abb5-427b-ad6a-90aad458b42e,b9d87ef6-99e6-4028-9035-aa4497d1eb53,6e8c7a9e-a801-4db3-831c-a850bad50e32,352e3807-c4b8-4f2f-b4a0-11f0a676a889,2025-03-04,1651.02,175970.2,expense,Blinkit,Instant delivery
4fb4176d-646c-491f-a65c-2b4f94424dd9,b9d87ef6-99e6-4028-9035-aa4497d1eb53,6e8c7a9e-a801-4db3-831c-a850bad50e32,d926a624-ee93-4c92-bd0e-202091a8548e,2025-03-09,26276.28,149693.92,expense,HDFC CC,Credit card bill
667eb737-8939-4008-b453-26418a6c0a25,b9d87ef6-99e6-4028-9035-aa4497d1eb53,6e8c7a9e-a801-4db3-831c-a850bad50e32,2240f66e-6ba1-4bb3-9578-9f6dd6e71363,2025-03-09,541.14,149152.78,expense,BWSSB,Water bill
765f9e2b-9fc3-4ccd-8a00-890faea39b43,b9d87ef6-99e6-4028-9035-aa4497d1eb53,6e8c7a9e-a801-4db3-831c-a850bad50e32,c1794d38-04bb-436c-a349-b7efa2949d59,2025-03-12,199.0,148953.78,expense,Netflix,Monthly subscription
9419cead-1267-4cdd-a061-ad697053825e,b9d87ef6-99e6-4028-9035-aa4497d1eb53,6e8c7a9e-a801-4db3-831c-a850bad50e32,4e6141b4-8b08-4a48-92e3-00a3aed708d1,2025-03-16,2136.95,146816.83,expense,BSES,Power bill
a64f12a2-efc2-4aa5-8dee-078bd557c405,b9d87ef6-99e6-4028-9035-aa4497d1eb53,6e8c7a9e-a801-4db3-831c-a850bad50e32,4e6141b4-8b08-4a48-92e3-00a3aed708d1,2025-03-17,9530.12,137286.71,expense,Adani Electricity,Electricity payment
e6c8ce19-d043-4fe1-8a40-13d99c5506a7,b9d87ef6-99e6-4028-9035-aa4497d1eb53,6e8c7a9e-a801-4db3-831c-a850bad50e32,3e870dc4-9bcb-4d85-a0ed-817b2217e50b,2025-03-22,53285.18,84001.53,expense,Axis Bank,Loan repayment
a7f4a4ee-b3d7-4e56-96be-fae8abb99256,b9d87ef6-99e6-4028-9035-aa4497d1eb53,6e8c7a9e-a801-4db3-831c-a850bad50e32,76b12465-5eec-4e07-98cb-43137e404dcd,2025-03-24,12432.95,71568.58,expense,Coursera,Course subscription
f48ebfc2-957a-4ab0-9a7b-bdc7bae3ca52,b9d87ef6-99e6-4028-9035-aa4497d1eb53,6e8c7a9e-a801-4db3-831c-a850bad50e32,2240f66e-6ba1-4bb3-9578-9f6dd6e71363,2025-03-28,403.32,71165.26,expense,Gas Agency,LPG cylinder
6c985fbb-2c36-4f4c-8c21-04ee0063a206,b9d87ef6-99e6-4028-9035-aa4497d1eb53,6e8c7a9e-a801-4db3-831c-a850bad50e32,aea49b50-348f-446b-9a35-c970ed3e3a8a,2025-03-30,8729.51,62435.75,expense,Landlord,Monthly rent payment
aeda8309-5540-4fad-b332-18b3258ab24d,b9d87ef6-99e6-4028-9035-aa4497d1eb53,6e8c7a9e-a801-4db3-831c-a850bad50e32,c1794d38-04bb-436c-a349-b7efa2949d59,2025-04-03,299.0,62136.75,expense,Amazon Prime,Monthly subscription
b0897d80-79e9-4ec8-9e18-0da9a819dedd,b9d87ef6-99e6-4028-9035-aa4497d1eb53,6e8c7a9e-a801-4db3-831c-a850bad50e32,1936a4f4-2484-487e-9de0-bd4773f631e7,2025-04-06,322.6,61814.15,expense,Vi,Phone bill
1e5982bf-df23-43f1-96fc-9d6afeb80320,b9d87ef6-99e6-4028-9035-aa4497d1eb53,6e8c7a9e-a801-4db3-831c-a850bad50e32,62bb0c22-62a3-42ba-a471-bae2976e7fe1,2025-04-11,8229.92,53584.23,expense,GST Portal,GST payment
5b4771cf-fbc1-44f2-994b-425469ec699e,b9d87ef6-99e6-4028-9035-aa4497d1eb53,6e8c7a9e-a801-4db3-831c-a850bad50e32,f9695d76-897b-4d1d-b699-30bdb8c3bd63,2025-04-16,391.75,53192.48,expense,Ola,Cab ride
9b72fb26-0cf2-4697-9812-0b53b6a5fb24,b9d87ef6-99e6-4028-9035-aa4497d1eb53,6e8c7a9e-a801-4db3-831c-a850bad50e32,62f6b8d3-1048-4d35-8644-028a80420f06,2025-04-18,1830.87,51361.61,expense,Amazon,Gift purchase
6bd59239-8e1a-47ea-b099-322ebb544742,b9d87ef6-99e6-4028-9035-aa4497d1eb53,6e8c7a9e-a801-4db3-831c-a850bad50e32,ba7b532e-605d-4ad5-b9b6-3155499c93eb,2025-04-20,3062.79,48298.82,expense,ICICI Prudential,Policy premium
e4deb67e-29d8-4ba2-b4db-67b109a06825,b9d87ef6-99e6-4028-9035-aa4497d1eb53,6e8c7a9e-a801-4db3-831c-a850bad50e32,9b12be40-523e-43ac-b1e0-56b200b39928,2025-04-20,13685.0,34613.82,expense,ICICI Lombard,Property insurance premium
b3cb16d7-ff44-4a69-9648-51ab7e87b24c,b9d87ef6-99e6-4028-9035-aa4497d1eb53,6e8c7a9e-a801-4db3-831c-a850bad50e32,96425e71-00ab-44ec-b7a5-b7bc7c419b3c,2025-04-23,18055.15,16558.67,expense,SBI,Housing loan instalment
f39bc8af-67e8-42b1-8db4-db66a0b895ca,b9d87ef6-99e6-4028-9035-aa4497d1eb53,6e8c7a9e-a801-4db3-831c-a850bad50e32,2240f66e-6ba1-4bb3-9578-9f6dd6e71363,2025-04-25,3046.41,13512.26,expense,BWSSB,Water bill
0eab1e27-233a-42f4-82ea-1bfc5bb1caa3,76d20039-a7e2-46e9-aa21-456f910c717d,7c0315a1-3126-451a-b349-ded8a83ff8c7,c1794d38-04bb-436c-a349-b7efa2949d59,2025-01-03,199.0,2324382.99,expense,Netflix,Monthly subscription
17c54d82-1bec-47d2-abbb-cf47521c58e3,76d20039-a7e2-46e9-aa21-456f910c717d,7c0315a1-3126-451a-b349-ded8a83ff8c7,24e016a3-fafe-4519-8295-2f5f87ed7005,2025-01-04,3969.26,2320413.73,expense,The Beer Cafe,Drinks with friends
b0717b42-65f8-4880-a4a2-5eb80d77888a,76d20039-a7e2-46e9-aa21-456f910c717d,7c0315a1-3126-451a-b349-ded8a83ff8c7,c1794d38-04bb-436c-a349-b7efa2949d59,2025-01-04,399.0,2320014.73,expense,Jio Fiber,Monthly subscription
552d56ce-c61e-4001-a78b-c4e896126907,76d20039-a7e2-46e9-aa21-456f910c717d,7c0315a1-3126-451a-b349-ded8a83ff8c7,7b4b3f22-72da-46c4-913d-6c0f0486886f,2025-01-05,24397.84,2295616.89,expense,1mg,Healthcare products
b6adcc86-aac3-45e0-a5cf-699ae8e4049f,76d20039-a7e2-46e9-aa21-456f910c717d,7c0315a1-3126-451a-b349-ded8a83ff8c7,c1794d38-04bb-436c-a349-b7efa2949d59,2025-01-07,499.0,2295117.89,expense,Airtel Broadband,Monthly subscription
e2231a04-165a-4079-a467-c733f2374798,76d20039-a7e2-46e9-aa21-456f910c717d,7c0315a1-3126-451a-b349-ded8a83ff8c7,cb9de190-0f74-428e-8625-7eec9fa25043,2025-01-08,6558.6,2288559.29,expense,Real Estate,Property investment
2b64e246-6207-4cdf-b457-09351aecc02e,76d20039-a7e2-46e9-aa21-456f910c717d,7c0315a1-3126-451a-b349-ded8a83ff8c7,19a947a7-2996-47c2-bc43-72e18eabee1f,2025-01-09,6445.62,2282113.67,expense,HDFC Bank,Fixed deposit
bc4a691e-36a6-4330-b62f-d7e80a899eb6,76d20039-a7e2-46e9-aa21-456f910c717d,7c0315a1-3126-451a-b349-ded8a83ff8c7,abe7e3b4-e94a-47f4-bb4c-ee2b5dfb1afb,2025-01-11,6565.89,2275547.78,expense,Paytm Money,Mutual fund SIP
77f3e6a9-d824-4b6b-b83b-6a8012bfd023,76d20039-a7e2-46e9-aa21-456f910c717d,7c0315a1-3126-451a-b349-ded8a83ff8c7,94943a15-5000-4909-864f-c229ccc559c2,2025-01-12,10317.44,2265230.34,expense,IKEA,Home furnishing
c73fb7c8-558c-47db-b4c4-11747a3855e7,76d20039-a7e2-46e9-aa21-456f910c717d,7c0315a1-3126-451a-b349-ded8a83ff8c7,8020f28e-d18c-4677-a747-5497f031a5d2,2025-01-12,7905.97,2257324.37,expense,Nykaa,Beauty products
e0f8bda3-ccb8-40a7-a3e3-65cd5fb9a600,76d20039-a7e2-46e9-aa21-456f910c717d,7c0315a1-3126-451a-b349-ded8a83ff8c7,4e6141b4-8b08-4a48-92e3-00a3aed708d1,2025-01-12,992.72,2256331.65,expense,BESCOM,Electricity bill
84bf547b-e8d6-48d9-8935-d114d7e88d70,76d20039-a7e2-46e9-aa21-456f910c717d,7c0315a1-3126-451a-b349-ded8a83ff8c7,62bb0c22-62a3-42ba-a471-bae2976e7fe1,2025-01-15,102005.12,2154326.53,expense,MCA,Filing fee
ac73ad43-05dd-43e0-9998-9471ab6c5209,76d20039-a7e2-46e9-aa21-456f910c717d,7c0315a1-3126-451a-b349-ded8a83ff8c7,afb11444-5eb7-49e4-adb0-6e90808b3f69,2025-01-16,40396.59,2113929.94,expense,Axis Bank,Processing fee
744b9eb7-cfb9-4357-8aad-5fc5c4894e17,76d20039-a7e2-46e9-aa21-456f910c717d,7c0315a1-3126-451a-b349-ded8a83ff8c7,62bb0c22-62a3-42ba-a471-bae2976e7fe1,2025-01-17,7268.9,2106661.04,expense,MCA,Filing fee
2494991b-f481-4528-ab76-e6d3d046f474,76d20039-a7e2-46e9-aa21-456f910c717d,7c0315a1-3126-451a-b349-ded8a83ff8c7,ba7b532e-605d-4ad5-b9b6-3155499c93eb,2025-01-18,25873.3,2080787.74,expense,Max Life,Premium payment
c432ccb9-92a6-4178-838c-60b3db15c652,76d20039-a7e2-46e9-aa21-456f910c717d,7c0315a1-3126-451a-b349-ded8a83ff8c7,aea49b50-348f-446b-9a35-c970ed3e3a8a,2025-01-18,18294.61,2062493.13,expense,Landlord,Monthly rent payment
693a41c3-3e3d-4a2d-b4f1-0a8e5ac205f2,76d20039-a7e2-46e9-aa21-456f910c717d,7c0315a1-3126-451a-b349-ded8a83ff8c7,99b34d50-a760-4c27-b2ff-1bf9e6cbe779,2025-01-20,81568.01,1980925.12,expense,SBI Card,Card payment
f556230d-19d3-4f9e-8935-3fb455510a02,76d20039-a7e2-46e9-aa21-456f910c717d,7c0315a1-3126-451a-b349-ded8a83ff8c7,96425e71-00ab-44ec-b7a5-b7bc7c419b3c,2025-01-26,22711.77,1958213.35,expense,HDFC Bank,Home loan EMI
fce143f6-fc9e-41a7-9853-5ec54353c5bb,76d20039-a7e2-46e9-aa21-456f910c717d,7c0315a1-3126-451a-b349-ded8a83ff8c7,67f170d4-68ec-4828-8164-1ab3ae9440e0,2025-01-27,26737.2,1931476.15,expense,Decathlon,Sports & leisure gear
ad54e716-3a27-44f7-b10b-f39f6f35a998,76d20039-a7e2-46e9-aa21-456f910c717d,7c0315a1-3126-451a-b349-ded8a83ff8c7,24e016a3-fafe-4519-8295-2f5f87ed7005,2025-01-29,2435.02,1929041.13,expense,Toit Brewpub,Craft beer
f2649ed1-d74c-47a4-b510-75999b76f76c,76d20039-a7e2-46e9-aa21-456f910c717d,7c0315a1-3126-451a-b349-ded8a83ff8c7,4e6141b4-8b08-4a48-92e3-00a3aed708d1,2025-01-31,22322.52,1906718.61,expense,Tata Power,Power bill
573c8538-49b2-4ba7-b44f-9bf564def9ce,76d20039-a7e2-46e9-aa21-456f910c717d,7c0315a1-3126-451a-b349-ded8a83ff8c7,ba7b532e-605d-4ad5-b9b6-3155499c93eb,2025-02-01,59055.51,1847663.1,expense,LIC,Life insurance premium
fe7d7b5c-3853-44b1-8ea8-ac99a1e89f9a,76d20039-a7e2-46e9-aa21-456f910c717d,7c0315a1-3126-451a-b349-ded8a83ff8c7,2240f66e-6ba1-4bb3-9578-9f6dd6e71363,2025-02-01,52271.73,1795391.37,expense,ACT Fibernet,Internet payment
74fbbe27-4518-4a56-b028-d21de11a3c5e,76d20039-a7e2-46e9-aa21-456f910c717d,7c0315a1-3126-451a-b349-ded8a83ff8c7,c1794d38-04bb-436c-a349-b7efa2949d59,2025-02-03,499.0,1794892.37,expense,Airtel Broadband,Monthly subscription
a3fa2066-066f-4e46-872a-8dfd42ace6a2,76d20039-a7e2-46e9-aa21-456f910c717d,7c0315a1-3126-451a-b349-ded8a83ff8c7,c1794d38-04bb-436c-a349-b7efa2949d59,2025-02-03,199.0,1794693.37,expense,Netflix,Monthly subscription
0c715c9f-eeb7-4ee3-a182-1bdb13ff1cc9,76d20039-a7e2-46e9-aa21-456f910c717d,7c0315a1-3126-451a-b349-ded8a83ff8c7,3e870dc4-9bcb-4d85-a0ed-817b2217e50b,2025-02-04,3351.45,1791341.92,expense,SBI,Personal loan EMI
2ad020d7-9620-404d-a2bc-28c3e093a852,76d20039-a7e2-46e9-aa21-456f910c717d,7c0315a1-3126-451a-b349-ded8a83ff8c7,c7f7365c-5b40-4bbe-8a90-fd79b4fb99be,2025-02-04,50760.79,1740581.13,expense,Housing Society,Maintenance charge
3a2f28f7-c1b0-405a-a7bb-c9fb89b34f16,76d20039-a7e2-46e9-aa21-456f910c717d,7c0315a1-3126-451a-b349-ded8a83ff8c7,afb11444-5eb7-49e4-adb0-6e90808b3f69,2025-02-04,9798.36,1730782.77,expense,SBI,Service charge
12938f46-06ba-4791-bd45-b4ce0ca4d504,76d20039-a7e2-46e9-aa21-456f910c717d,7c0315a1-3126-451a-b349-ded8a83ff8c7,2240f66e-6ba1-4bb3-9578-9f6dd6e71363,2025-02-05,342.3,1730440.47,expense,BWSSB,Water bill
4b7299ad-dfc5-44d6-ad42-ddd439295926,76d20039-a7e2-46e9-aa21-456f910c717d,7c0315a1-3126-451a-b349-ded8a83ff8c7,a148be30-71e8-4132-be5e-4a91a2095699,2025-02-05,6000.57,1724439.9,expense,Amazon,Gift purchase
640be8c2-a362-45d7-8737-60468eace583,76d20039-a7e2-46e9-aa21-456f910c717d,7c0315a1-3126-451a-b349-ded8a83ff8c7,19a947a7-2996-47c2-bc43-72e18eabee1f,2025-02-07,6627.85,1717812.05,expense,SBI,FD creation
37d07254-1395-4e9e-85c3-c607617134ee,76d20039-a7e2-46e9-aa21-456f910c717d,7c0315a1-3126-451a-b349-ded8a83ff8c7,cb9de190-0f74-428e-8625-7eec9fa25043,2025-02-09,6680.2,1711131.85,expense,Housing.com,Property purchase down payment
a60d24ff-6edd-45df-bde6-955e99aefadc,76d20039-a7e2-46e9-aa21-456f910c717d,7c0315a1-3126-451a-b349-ded8a83ff8c7,1936a4f4-2484-487e-9de0-bd4773f631e7,2025-02-09,551.84,1710580.01,expense,Airtel,Postpaid bill
e11a48d3-1f70-4c56-9443-a18c15bf46bc,76d20039-a7e2-46e9-aa21-456f910c717d,7c0315a1-3126-451a-b349-ded8a83ff8c7,abe7e3b4-e94a-47f4-bb4c-ee2b5dfb1afb,2025-02-09,6637.79,1703942.22,expense,Zerodha,Stock purchase
9da59aea-3652-446f-984d-c1556541dc35,76d20039-a7e2-46e9-aa21-456f910c717d,7c0315a1-3126-451a-b349-ded8a83ff8c7,ba7b532e-605d-4ad5-b9b6-3155499c93eb,2025-02-14,54832.22,1649110.0,expense,HDFC Life,Term plan premium
2e8b227d-63ba-4077-bdde-e6011af74d7f,76d20039-a7e2-46e9-aa21-456f910c717d,7c0315a1-3126-451a-b349-ded8a83ff8c7,43dc3332-707c-42c3-b0d9-0f067489a82d,2025-02-15,16693.15,1632416.85,expense,Shell,Fuel refill
d11e6ca7-b336-46a8-8adb-19775db552ec,76d20039-a7e2-46e9-aa21-456f910c717d,7c0315a1-3126-451a-b349-ded8a83ff8c7,49b46c39-e438-4284-95c0-8dd9c25bbe33,2025-02-17,3358.31,1629058.54,expense,Swiggy,Food order
e2a801ea-f30a-4d3c-ba83-2868af8e584f,76d20039-a7e2-46e9-aa21-456f910c717d,7c0315a1-3126-451a-b349-ded8a83ff8c7,773ee99e-f4ff-4162-87c7-19387a9ebb97,2025-02-17,2988.63,1626069.91,expense,Local Restaurant,Quick lunch
df7b74f0-672e-4d0c-8676-7b574c19280e,76d20039-a7e2-46e9-aa21-456f910c717d,7c0315a1-3126-451a-b349-ded8a83ff8c7,3e870dc4-9bcb-4d85-a0ed-817b2217e50b,2025-02-20,49105.67,1576964.24,expense,Axis Bank,Loan repayment
ec05644b-c7f8-4ddf-a160-640fd7e6d199,76d20039-a7e2-46e9-aa21-456f910c717d,7c0315a1-3126-451a-b349-ded8a83ff8c7,aa200b24-ef0e-410d-9a5e-5cd5e6eb5584,2025-02-20,15845.41,1561118.83,expense,Local Plumber,Plumbing repair
a296d9e6-dcbc-4eca-a947-8e7e39541a35,76d20039-a7e2-46e9-aa21-456f910c717d,7c0315a1-3126-451a-b349-ded8a83ff8c7,ba7b532e-605d-4ad5-b9b6-3155499c93eb,2025-02-23,33031.55,1528087.28,expense,SBI Life,Insurance payment
a9f6a440-f2c1-489d-ab6a-629ad53aec86,76d20039-a7e2-46e9-aa21-456f910c717d,7c0315a1-3126-451a-b349-ded8a83ff8c7,9824533c-e6eb-43ff-b2d1-9724f9f59c75,2025-02-24,814.81,1527272.47,expense,Watchman,Security tip
e873afa9-b555-40d9-8df9-13288a09ba28,76d20039-a7e2-46e9-aa21-456f910c717d,7c0315a1-3126-451a-b349-ded8a83ff8c7,62bb0c22-62a3-42ba-a471-bae2976e7fe1,2025-02-27,51175.22,1476097.25,expense,GST Portal,GST payment
9ba2a6d4-581f-4478-b521-1f0455ebc08c,76d20039-a7e2-46e9-aa21-456f910c717d,7c0315a1-3126-451a-b349-ded8a83ff8c7,3e870dc4-9bcb-4d85-a0ed-817b2217e50b,2025-02-28,10366.65,1465730.6,expense,ICICI Bank,Loan EMI
7776b0fa-a04b-482c-8913-fc8826e28225,76d20039-a7e2-46e9-aa21-456f910c717d,7c0315a1-3126-451a-b349-ded8a83ff8c7,96425e71-00ab-44ec-b7a5-b7bc7c419b3c,2025-03-03,60277.89,1405452.71,expense,LIC HFL,Mortgage payment
05b85097-8e2d-4e3a-9a94-26cd7447b47b,76d20039-a7e2-46e9-aa21-456f910c717d,7c0315a1-3126-451a-b349-ded8a83ff8c7,c1794d38-04bb-436c-a349-b7efa2949d59,2025-03-04,499.0,1404953.71,expense,Airtel Broadband,Monthly subscription
060bb31d-55a0-4c3a-829d-efffa05bba9a,76d20039-a7e2-46e9-aa21-456f910c717d,7c0315a1-3126-451a-b349-ded8a83ff8c7,c1794d38-04bb-436c-a349-b7efa2949d59,2025-03-05,399.0,1404554.71,expense,Jio Fiber,Monthly subscription
f3c204bd-f446-4ceb-8a50-bdf9111ba065,76d20039-a7e2-46e9-aa21-456f910c717d,7c0315a1-3126-451a-b349-ded8a83ff8c7,8cdb5319-10b2-4cf2-89c8-22fadc1b7858,2025-03-05,101894.87,1302659.84,expense,Traffic Police,Traffic challan
45ae136f-9f94-4846-849b-ebccf053edd4,76d20039-a7e2-46e9-aa21-456f910c717d,7c0315a1-3126-451a-b349-ded8a83ff8c7,352e3807-c4b8-4f2f-b4a0-11f0a676a889,2025-03-06,2653.04,1300006.8,expense,JioMart,Online grocery order
d9579076-aad0-4c21-83bd-3574ee3fd080,76d20039-a7e2-46e9-aa21-456f910c717d,7c0315a1-3126-451a-b349-ded8a83ff8c7,4e6141b4-8b08-4a48-92e3-00a3aed708d1,2025-03-07,1889.47,1298117.33,expense,BESCOM,Electricity bill
ba5aad48-d2bc-43ca-91e6-f286988d459a,76d20039-a7e2-46e9-aa21-456f910c717d,7c0315a1-3126-451a-b349-ded8a83ff8c7,62bb0c22-62a3-42ba-a471-bae2976e7fe1,2025-03-08,25447.65,1272669.68,expense,MCA,Filing fee
f71999ca-0c34-49d8-8137-1710b4ba4052,76d20039-a7e2-46e9-aa21-456f910c717d,7c0315a1-3126-451a-b349-ded8a83ff8c7,2240f66e-6ba1-4bb3-9578-9f6dd6e71363,2025-03-08,60801.74,1211867.94,expense,ACT Fibernet,Internet payment
87be0c3a-8c7d-4812-9812-1c97c88ece04,76d20039-a7e2-46e9-aa21-456f910c717d,7c0315a1-3126-451a-b349-ded8a83ff8c7,cb9de190-0f74-428e-8625-7eec9fa25043,2025-03-09,6375.31,1205492.63,expense,Housing.com,Property purchase down payment
8671bb34-5cbe-4666-9c76-e1dc5d8bb12b,76d20039-a7e2-46e9-aa21-456f910c717d,7c0315a1-3126-451a-b349-ded8a83ff8c7,19a947a7-2996-47c2-bc43-72e18eabee1f,2025-03-10,6513.7,1198978.93,expense,SBI,FD creation
b343349d-a7e0-475c-b6ac-911cb6ee01e4,76d20039-a7e2-46e9-aa21-456f910c717d,7c0315a1-3126-451a-b349-ded8a83ff8c7,c1794d38-04bb-436c-a349-b7efa2949d59,2025-03-10,199.0,1198779.93,expense,Netflix,Monthly subscription
0fbfadc4-eb57-46de-87c0-519494b99a3d,76d20039-a7e2-46e9-aa21-456f910c717d,7c0315a1-3126-451a-b349-ded8a83ff8c7,abe7e3b4-e94a-47f4-bb4c-ee2b5dfb1afb,2025-03-11,6341.47,1192438.46,expense,Angel One,Share purchase
57df2fd3-102b-453f-84fe-aba4645fbb42,76d20039-a7e2-46e9-aa21-456f910c717d,7c0315a1-3126-451a-b349-ded8a83ff8c7,ba7b532e-605d-4ad5-b9b6-3155499c93eb,2025-03-12,77587.51,1114850.95,expense,HDFC Life,Term plan premium
d8ba5749-fe07-4cc7-9ae9-91aeaa310b1d,76d20039-a7e2-46e9-aa21-456f910c717d,7c0315a1-3126-451a-b349-ded8a83ff8c7,ba7b532e-605d-4ad5-b9b6-3155499c93eb,2025-03-13,47807.05,1067043.9,expense,SBI Life,Insurance payment
fe2410f6-5fb4-40ea-95e1-af80860bd626,76d20039-a7e2-46e9-aa21-456f910c717d,7c0315a1-3126-451a-b349-ded8a83ff8c7,aea49b50-348f-446b-9a35-c970ed3e3a8a,2025-03-15,10290.13,1056753.77,expense,NoBroker,Rent via NoBroker
31ad7c43-5db7-4c98-851b-893c1f890c8d,76d20039-a7e2-46e9-aa21-456f910c717d,7c0315a1-3126-451a-b349-ded8a83ff8c7,62bb0c22-62a3-42ba-a471-bae2976e7fe1,2025-03-18,10609.1,1046144.67,expense,MCA,Filing fee
94c6b699-c408-4323-b61f-450cc2b15563,76d20039-a7e2-46e9-aa21-456f910c717d,7c0315a1-3126-451a-b349-ded8a83ff8c7,2240f66e-6ba1-4bb3-9578-9f6dd6e71363,2025-03-18,18633.46,1027511.21,expense,BWSSB,Water bill
65aacdc3-38a3-4310-95da-b086f0900de7,76d20039-a7e2-46e9-aa21-456f910c717d,7c0315a1-3126-451a-b349-ded8a83ff8c7,aea49b50-348f-446b-9a35-c970ed3e3a8a,2025-03-22,42107.42,985403.79,expense,NoBroker,Rent via NoBroker
fbbe5128-c0c3-4fff-bc15-b5973eab2bb6,76d20039-a7e2-46e9-aa21-456f910c717d,7c0315a1-3126-451a-b349-ded8a83ff8c7,96425e71-00ab-44ec-b7a5-b7bc7c419b3c,2025-03-26,15191.36,970212.43,expense,LIC HFL,Mortgage payment
b7663e2d-ca87-4265-b59b-cfe6fcbecc66,76d20039-a7e2-46e9-aa21-456f910c717d,7c0315a1-3126-451a-b349-ded8a83ff8c7,9824533c-e6eb-43ff-b2d1-9724f9f59c75,2025-03-29,5933.24,964279.19,expense,Watchman,Security tip
cb5c1f42-7cf0-44ab-9fc8-233ba66b5022,76d20039-a7e2-46e9-aa21-456f910c717d,7c0315a1-3126-451a-b349-ded8a83ff8c7,f89d39f0-2919-467d-9eae-73947cd92572,2025-03-29,4482.37,959796.82,expense,Burger King,Burger meal
c4243939-7867-4a8a-8d39-834f6ad4ac04,76d20039-a7e2-46e9-aa21-456f910c717d,7c0315a1-3126-451a-b349-ded8a83ff8c7,8cdb5319-10b2-4cf2-89c8-22fadc1b7858,2025-03-30,76216.42,883580.4,expense,BBMP,Penalty
fc51243b-58e0-4fef-a41d-524f4a98d8ea,76d20039-a7e2-46e9-aa21-456f910c717d,7c0315a1-3126-451a-b349-ded8a83ff8c7,3e870dc4-9bcb-4d85-a0ed-817b2217e50b,2025-03-30,53190.36,830390.04,expense,Bajaj Finance,Consumer loan
33f368e3-5469-469d-8e0c-83dc4794bdc8,76d20039-a7e2-46e9-aa21-456f910c717d,7c0315a1-3126-451a-b349-ded8a83ff8c7,aea49b50-348f-446b-9a35-c970ed3e3a8a,2025-04-03,7027.77,823362.27,expense,NoBroker,Rent via NoBroker
96d57fca-071d-4608-bd00-378616d04b69,76d20039-a7e2-46e9-aa21-456f910c717d,7c0315a1-3126-451a-b349-ded8a83ff8c7,afb11444-5eb7-49e4-adb0-6e90808b3f69,2025-04-03,78886.98,744475.29,expense,Bank,ATM charges
e7b1c603-5544-473e-ab21-0680b5714422,76d20039-a7e2-46e9-aa21-456f910c717d,7c0315a1-3126-451a-b349-ded8a83ff8c7,3e870dc4-9bcb-4d85-a0ed-817b2217e50b,2025-04-04,29545.6,714929.69,expense,ICICI Bank,Loan EMI
653734a5-1e25-48e8-a51f-51c1efcab642,76d20039-a7e2-46e9-aa21-456f910c717d,7c0315a1-3126-451a-b349-ded8a83ff8c7,4e6141b4-8b08-4a48-92e3-00a3aed708d1,2025-04-05,40188.97,674740.72,expense,Adani Electricity,Electricity payment
cbe71518-a6d1-486b-adc1-cd73d7207898,76d20039-a7e2-46e9-aa21-456f910c717d,7c0315a1-3126-451a-b349-ded8a83ff8c7,a0f82fa6-1252-4e6c-8a29-a1761d72d10c,2025-04-06,31357.24,643383.48,expense,IRCTC,Train ticket
15eacf10-f28e-41cd-a2f6-e8828f93efa1,76d20039-a7e2-46e9-aa21-456f910c717d,7c0315a1-3126-451a-b349-ded8a83ff8c7,43dc3332-707c-42c3-b0d9-0f067489a82d,2025-04-07,15456.02,627927.46,expense,HP Petrol,Diesel refill
de45f03b-52c9-4611-a0f0-21f5d522b659,76d20039-a7e2-46e9-aa21-456f910c717d,7c0315a1-3126-451a-b349-ded8a83ff8c7,baf0d272-8682-41c0-acfb-c78f1f2cd9a1,2025-04-07,425.87,627501.59,expense,Vijay Sales,Appliance
91a16dcd-cf92-4ef1-89e7-3f5f4c32d2df,76d20039-a7e2-46e9-aa21-456f910c717d,7c0315a1-3126-451a-b349-ded8a83ff8c7,19a947a7-2996-47c2-bc43-72e18eabee1f,2025-04-08,6504.58,620997.01,expense,Post Office,PPF deposit
926e5c10-36ac-4fd4-b11b-91f76b190e88,76d20039-a7e2-46e9-aa21-456f910c717d,7c0315a1-3126-451a-b349-ded8a83ff8c7,4e6141b4-8b08-4a48-92e3-00a3aed708d1,2025-04-08,831.54,620165.47,expense,BESCOM,Electricity bill
ac2cef2f-0dec-4e98-b5a1-7c7be7a2ddac,76d20039-a7e2-46e9-aa21-456f910c717d,7c0315a1-3126-451a-b349-ded8a83ff8c7,cb9de190-0f74-428e-8625-7eec9fa25043,2025-04-08,6349.77,613815.7,expense,Housing.com,Property purchase down payment
676ef9a6-06ae-4c8f-be5a-3467a3d6f3d6,76d20039-a7e2-46e9-aa21-456f910c717d,7c0315a1-3126-451a-b349-ded8a83ff8c7,abe7e3b4-e94a-47f4-bb4c-ee2b5dfb1afb,2025-04-09,6380.21,607435.49,expense,SBI MF,Systematic investment
e20392f4-40d5-4c13-820c-969a100930fe,76d20039-a7e2-46e9-aa21-456f910c717d,7c0315a1-3126-451a-b349-ded8a83ff8c7,482d3ee1-01c6-4f27-880c-5c2e86ff4326,2025-04-11,33341.95,574093.54,expense,Local Clinic,Doctor visit
fd5963b1-9b96-42db-a8aa-954ea7db9ce4,76d20039-a7e2-46e9-aa21-456f910c717d,7c0315a1-3126-451a-b349-ded8a83ff8c7,c1794d38-04bb-436c-a349-b7efa2949d59,2025-04-11,399.0,573694.54,expense,Jio Fiber,Monthly subscription
3085aa81-1146-4b7e-9424-4a6a45df2b30,76d20039-a7e2-46e9-aa21-456f910c717d,7c0315a1-3126-451a-b349-ded8a83ff8c7,60d066bc-e9ed-4249-b6d9-4da0fa4b9b29,2025-04-12,2727.36,570967.18,expense,BookMyShow,Event tickets
cf0f72bc-2507-40ef-8122-a31f5dd9bcae,76d20039-a7e2-46e9-aa21-456f910c717d,7c0315a1-3126-451a-b349-ded8a83ff8c7,820faeca-f72b-4444-b3ed-cc4b2457b6fa,2025-04-12,13914.27,557052.91,expense,Flipkart,Online purchase
bfc6a938-4a32-4776-a650-868e30e9061d,76d20039-a7e2-46e9-aa21-456f910c717d,7c0315a1-3126-451a-b349-ded8a83ff8c7,f9695d76-897b-4d1d-b699-30bdb8c3bd63,2025-04-17,18014.72,539038.19,expense,Auto,Auto fare
f094d9c3-36e3-4f28-99e9-f87141edcf60,76d20039-a7e2-46e9-aa21-456f910c717d,7c0315a1-3126-451a-b349-ded8a83ff8c7,482d3ee1-01c6-4f27-880c-5c2e86ff4326,2025-04-20,44456.12,494582.07,expense,Apollo Hospital,Doctor consultation
560c38a4-adbb-46e7-a5a0-1e25483da5dd,76d20039-a7e2-46e9-aa21-456f910c717d,7c0315a1-3126-451a-b349-ded8a83ff8c7,3e870dc4-9bcb-4d85-a0ed-817b2217e50b,2025-04-21,101035.24,393546.83,expense,Axis Bank,Loan repayment
0bd76605-3dc8-40e0-b398-8f2099fdda16,76d20039-a7e2-46e9-aa21-456f910c717d,7c0315a1-3126-451a-b349-ded8a83ff8c7,ba7b532e-605d-4ad5-b9b6-3155499c93eb,2025-04-22,25311.13,368235.7,expense,Max Life,Premium payment
837bbb33-bb1b-4642-b7f3-5073ab5a11cb,76d20039-a7e2-46e9-aa21-456f910c717d,7c0315a1-3126-451a-b349-ded8a83ff8c7,1936a4f4-2484-487e-9de0-bd4773f631e7,2025-04-23,403.63,367832.07,expense,Jio,Mobile recharge
b7481efc-42f5-48a4-b4b0-0503cc04af88,76d20039-a7e2-46e9-aa21-456f910c717d,7c0315a1-3126-451a-b349-ded8a83ff8c7,9b12be40-523e-43ac-b1e0-56b200b39928,2025-04-23,49632.5,318199.57,expense,ICICI Lombard,Property insurance premium
d58bff7a-7f61-4e34-890d-16048af61e7a,76d20039-a7e2-46e9-aa21-456f910c717d,7c0315a1-3126-451a-b349-ded8a83ff8c7,ba7b532e-605d-4ad5-b9b6-3155499c93eb,2025-04-23,32915.31,285284.26,expense,Max Life,Premium payment
e40b1437-04da-4fb3-9af9-a8f7e46d1959,76d20039-a7e2-46e9-aa21-456f910c717d,7c0315a1-3126-451a-b349-ded8a83ff8c7,ba7b532e-605d-4ad5-b9b6-3155499c93eb,2025-04-23,5114.49,280169.77,expense,Max Life,Premium payment
765c0792-689f-47c9-9fa0-8cd6e7087fb2,76d20039-a7e2-46e9-aa21-456f910c717d,7c0315a1-3126-451a-b349-ded8a83ff8c7,773ee99e-f4ff-4162-87c7-19387a9ebb97,2025-04-24,3442.72,276727.05,expense,Haldiram's,Lunch
04c21acd-ca98-4cf4-985f-cef355349214,76d20039-a7e2-46e9-aa21-456f910c717d,7c0315a1-3126-451a-b349-ded8a83ff8c7,ee7c44a4-b997-4955-8565-e0095cc9a643,2025-04-26,27508.3,249218.75,expense,OYO,Business accommodation
f43d7cac-947c-4b64-b269-83f384b7b9ee,76d20039-a7e2-46e9-aa21-456f910c717d,7c0315a1-3126-451a-b349-ded8a83ff8c7,f9695d76-897b-4d1d-b699-30bdb8c3bd63,2025-04-27,20282.73,228936.02,expense,Rapido,Bike taxi
828ce935-a027-4a2b-b037-77e8b8ac8c51,76d20039-a7e2-46e9-aa21-456f910c717d,7c0315a1-3126-451a-b349-ded8a83ff8c7,7b4b3f22-72da-46c4-913d-6c0f0486886f,2025-04-28,3602.15,225333.87,expense,Apollo Pharmacy,Medicine purchase
e7dc349d-25a1-497e-8bae-4febff159634,76d20039-a7e2-46e9-aa21-456f910c717d,7c0315a1-3126-451a-b349-ded8a83ff8c7,ba7b532e-605d-4ad5-b9b6-3155499c93eb,2025-04-28,12717.95,212615.92,expense,HDFC Life,Term plan premium
869adae8-2b99-4dd7-a719-1fe00462a659,b2e67456-ae78-4a7d-b17c-e280b8b211cb,850e54e9-1726-4107-8c31-7ca43a5437bb,62bb0c22-62a3-42ba-a471-bae2976e7fe1,2025-01-01,104094.94,1377904.96,expense,MCA,Filing fee
b74f8571-ca79-4957-9a14-bfe68c28b25c,b2e67456-ae78-4a7d-b17c-e280b8b211cb,850e54e9-1726-4107-8c31-7ca43a5437bb,0d3983fc-2dc6-40e8-898b-3e446f9ffcb2,2025-01-02,243512.72,1621417.68,income,Payroll,Salary deposit
d7752fde-9cde-463d-a269-fc8398d397e7,b2e67456-ae78-4a7d-b17c-e280b8b211cb,850e54e9-1726-4107-8c31-7ca43a5437bb,197c9f3f-79b3-4a17-b0c4-57701d9daa96,2025-01-02,18446.88,1602970.8,expense,Cult.fit,Gym membership
3d3d358a-d370-4971-8d83-59db1e975380,b2e67456-ae78-4a7d-b17c-e280b8b211cb,850e54e9-1726-4107-8c31-7ca43a5437bb,3e870dc4-9bcb-4d85-a0ed-817b2217e50b,2025-01-04,5065.07,1597905.73,expense,ICICI Bank,Loan EMI
548bd6cd-c521-4623-bdbf-f29a6b266c09,b2e67456-ae78-4a7d-b17c-e280b8b211cb,850e54e9-1726-4107-8c31-7ca43a5437bb,43dc3332-707c-42c3-b0d9-0f067489a82d,2025-01-04,24322.5,1573583.23,expense,Indian Oil,Fuel top-up
5cb3ae01-f545-42af-a50b-b9863015daa3,b2e67456-ae78-4a7d-b17c-e280b8b211cb,850e54e9-1726-4107-8c31-7ca43a5437bb,482d3ee1-01c6-4f27-880c-5c2e86ff4326,2025-01-05,11171.35,1562411.88,expense,Local Clinic,Doctor visit
7f158251-8aa3-46da-b5cf-2fdabfe8645f,b2e67456-ae78-4a7d-b17c-e280b8b211cb,850e54e9-1726-4107-8c31-7ca43a5437bb,2240f66e-6ba1-4bb3-9578-9f6dd6e71363,2025-01-05,54148.57,1508263.31,expense,ACT Fibernet,Internet payment
d67d99fd-9af0-47a4-9b63-9ee04d7e35e6,b2e67456-ae78-4a7d-b17c-e280b8b211cb,850e54e9-1726-4107-8c31-7ca43a5437bb,61655f71-e388-4300-a414-ec44adc7ee3b,2025-01-06,7393.17,1500870.14,expense,Catering,Event catering
0302b54c-7659-4317-899d-60b0650d5a91,b2e67456-ae78-4a7d-b17c-e280b8b211cb,850e54e9-1726-4107-8c31-7ca43a5437bb,52f50416-8d6b-4f79-aa1e-87189fe727cf,2025-01-07,30960.5,1469909.64,expense,Nykaa,Beauty products
7530601a-2bcb-4c11-a704-f8d1efba414b,b2e67456-ae78-4a7d-b17c-e280b8b211cb,850e54e9-1726-4107-8c31-7ca43a5437bb,1936a4f4-2484-487e-9de0-bd4773f631e7,2025-01-07,455.68,1469453.96,expense,Airtel,Postpaid bill
8c54bfac-5979-458a-a0e2-164061f82a00,b2e67456-ae78-4a7d-b17c-e280b8b211cb,850e54e9-1726-4107-8c31-7ca43a5437bb,94943a15-5000-4909-864f-c229ccc559c2,2025-01-07,34740.63,1434713.33,expense,Home Centre,Kitchen items
cdb5a600-dd77-4de8-be0e-1679ec0e3498,b2e67456-ae78-4a7d-b17c-e280b8b211cb,850e54e9-1726-4107-8c31-7ca43a5437bb,8020f28e-d18c-4677-a747-5497f031a5d2,2025-01-08,6865.3,1427848.03,expense,Salon,Hair cut and styling
580c560b-8efd-4750-9095-76bc71701f41,b2e67456-ae78-4a7d-b17c-e280b8b211cb,850e54e9-1726-4107-8c31-7ca43a5437bb,ba7b532e-605d-4ad5-b9b6-3155499c93eb,2025-01-12,87215.52,1340632.51,expense,SBI Life,Insurance payment
127412ee-8ad9-4ecd-81de-23ddbe23e2d8,b2e67456-ae78-4a7d-b17c-e280b8b211cb,850e54e9-1726-4107-8c31-7ca43a5437bb,aea49b50-348f-446b-9a35-c970ed3e3a8a,2025-01-13,58553.91,1282078.6,expense,Landlord,Monthly rent payment
988cd758-81e3-4658-a74b-ed0ee420865e,b2e67456-ae78-4a7d-b17c-e280b8b211cb,850e54e9-1726-4107-8c31-7ca43a5437bb,c7f7365c-5b40-4bbe-8a90-fd79b4fb99be,2025-01-13,14816.86,1267261.74,expense,Apartment,Society bill
3818dc43-df59-476a-abbc-cad960b5e7ae,b2e67456-ae78-4a7d-b17c-e280b8b211cb,850e54e9-1726-4107-8c31-7ca43a5437bb,248ccf02-2fad-4a57-8831-52e79f698e4c,2025-01-14,6803.29,1260458.45,expense,Mumbai Metro,Metro fare
d534070d-dd0e-4a78-a321-15c0a3411fa9,b2e67456-ae78-4a7d-b17c-e280b8b211cb,850e54e9-1726-4107-8c31-7ca43a5437bb,1936a4f4-2484-487e-9de0-bd4773f631e7,2025-01-16,1481.14,1258977.31,expense,Jio,Mobile recharge
f0fecd41-b1c0-46c6-b79c-df257eecad39,b2e67456-ae78-4a7d-b17c-e280b8b211cb,850e54e9-1726-4107-8c31-7ca43a5437bb,773ee99e-f4ff-4162-87c7-19387a9ebb97,2025-01-16,4512.08,1254465.23,expense,Haldiram's,Lunch
bd73cf20-c5cb-4f97-9c43-c6a85ff3eaae,b2e67456-ae78-4a7d-b17c-e280b8b211cb,850e54e9-1726-4107-8c31-7ca43a5437bb,43dc3332-707c-42c3-b0d9-0f067489a82d,2025-01-17,2908.45,1251556.78,expense,BPCL,Petrol refill
33c79d4a-15b2-427a-a87e-49102527a67f,b2e67456-ae78-4a7d-b17c-e280b8b211cb,850e54e9-1726-4107-8c31-7ca43a5437bb,aea49b50-348f-446b-9a35-c970ed3e3a8a,2025-01-18,33996.32,1217560.46,expense,Housing Society,Rent payment
0aed3266-708b-43dc-811d-635918a666a6,b2e67456-ae78-4a7d-b17c-e280b8b211cb,850e54e9-1726-4107-8c31-7ca43a5437bb,8cdb5319-10b2-4cf2-89c8-22fadc1b7858,2025-01-23,78840.05,1138720.41,expense,Municipal Corp,Fine payment
9f2fce83-bb52-4ae1-b93d-9a0c9eddf8ba,b2e67456-ae78-4a7d-b17c-e280b8b211cb,850e54e9-1726-4107-8c31-7ca43a5437bb,352e3807-c4b8-4f2f-b4a0-11f0a676a889,2025-01-28,2974.53,1135745.88,expense,Reliance Fresh,Fresh produce & vegetables
ccebaab4-efe4-4d93-b792-c8c087315dfc,b2e67456-ae78-4a7d-b17c-e280b8b211cb,850e54e9-1726-4107-8c31-7ca43a5437bb,43dc3332-707c-42c3-b0d9-0f067489a82d,2025-01-29,2454.58,1133291.3,expense,BPCL,Petrol refill
e966314b-e82a-491a-a44e-3931d27d5612,b2e67456-ae78-4a7d-b17c-e280b8b211cb,850e54e9-1726-4107-8c31-7ca43a5437bb,a9ffe6eb-4506-488f-8aae-77f81d637f71,2025-01-29,19934.49,1113356.81,expense,Ajio,Online fashion
f3d9d529-9914-46a7-a8aa-472f591bb211,b2e67456-ae78-4a7d-b17c-e280b8b211cb,850e54e9-1726-4107-8c31-7ca43a5437bb,0d3983fc-2dc6-40e8-898b-3e446f9ffcb2,2025-02-01,241113.43,1354470.24,income,Payroll,Salary deposit
564149dd-3a2a-406c-bb8c-684e5a9c78ef,b2e67456-ae78-4a7d-b17c-e280b8b211cb,850e54e9-1726-4107-8c31-7ca43a5437bb,ba7b532e-605d-4ad5-b9b6-3155499c93eb,2025-02-02,95031.04,1259439.2,expense,HDFC Life,Term plan premium
5d61027c-4493-4959-8fcf-e334d076b4e6,b2e67456-ae78-4a7d-b17c-e280b8b211cb,850e54e9-1726-4107-8c31-7ca43a5437bb,c1794d38-04bb-436c-a349-b7efa2949d59,2025-02-04,99.0,1259340.2,expense,Apple Music,Monthly subscription
3b512aec-5850-4b0e-8582-07865e2cea2a,b2e67456-ae78-4a7d-b17c-e280b8b211cb,850e54e9-1726-4107-8c31-7ca43a5437bb,62f6b8d3-1048-4d35-8644-028a80420f06,2025-02-05,23720.72,1235619.48,expense,Archies,Gift item
262c604b-be6e-403d-ab7a-68bbb7fc764a,b2e67456-ae78-4a7d-b17c-e280b8b211cb,850e54e9-1726-4107-8c31-7ca43a5437bb,3e870dc4-9bcb-4d85-a0ed-817b2217e50b,2025-02-06,21000.0,1214619.48,expense,SBI,Personal loan EMI
52eacf88-d9df-4864-aa71-c90979d68246,b2e67456-ae78-4a7d-b17c-e280b8b211cb,850e54e9-1726-4107-8c31-7ca43a5437bb,61afab8e-aacd-41f8-8e63-aed9c88790f3,2025-02-06,1187.62,1213431.86,expense,Kotak Bank,Auto loan EMI
01621384-52a5-4a9e-b52d-48e01bb53147,b2e67456-ae78-4a7d-b17c-e280b8b211cb,850e54e9-1726-4107-8c31-7ca43a5437bb,f9695d76-897b-4d1d-b699-30bdb8c3bd63,2025-02-07,8468.89,1204962.97,expense,InDrive,Cab booking
deb1be81-80a5-478e-bcfb-0713a71d3518,b2e67456-ae78-4a7d-b17c-e280b8b211cb,850e54e9-1726-4107-8c31-7ca43a5437bb,773ee99e-f4ff-4162-87c7-19387a9ebb97,2025-02-09,2638.64,1202324.33,expense,Local Restaurant,Quick lunch
48825481-3c6e-4432-9a06-3563b4e4adc5,b2e67456-ae78-4a7d-b17c-e280b8b211cb,850e54e9-1726-4107-8c31-7ca43a5437bb,61afab8e-aacd-41f8-8e63-aed9c88790f3,2025-02-11,35266.34,1167057.99,expense,Kotak Bank,Auto loan EMI
9575acfa-365c-4730-8af3-5344c5736105,b2e67456-ae78-4a7d-b17c-e280b8b211cb,850e54e9-1726-4107-8c31-7ca43a5437bb,baf0d272-8682-41c0-acfb-c78f1f2cd9a1,2025-02-11,21720.03,1145337.96,expense,Croma,Electronics purchase
aeb00947-f005-44b2-a9ca-02475c01db2c,b2e67456-ae78-4a7d-b17c-e280b8b211cb,850e54e9-1726-4107-8c31-7ca43a5437bb,ba7b532e-605d-4ad5-b9b6-3155499c93eb,2025-02-13,119622.94,1025715.02,expense,Max Life,Premium payment
b40de10c-a80f-4a66-8f42-e4ab7c287164,b2e67456-ae78-4a7d-b17c-e280b8b211cb,850e54e9-1726-4107-8c31-7ca43a5437bb,9824533c-e6eb-43ff-b2d1-9724f9f59c75,2025-02-13,60834.95,964880.07,expense,Laundry,Laundry service
a634508d-40de-48fb-a43d-7d1d3a940f82,b2e67456-ae78-4a7d-b17c-e280b8b211cb,850e54e9-1726-4107-8c31-7ca43a5437bb,2240f66e-6ba1-4bb3-9578-9f6dd6e71363,2025-02-15,62912.5,901967.57,expense,Jio Fiber,Internet bill
da1a6b9d-8048-4fd9-83a7-ff16929ec7fc,b2e67456-ae78-4a7d-b17c-e280b8b211cb,850e54e9-1726-4107-8c31-7ca43a5437bb,f9695d76-897b-4d1d-b699-30bdb8c3bd63,2025-02-21,24629.4,877338.17,expense,Auto,Auto fare
8358ec3d-3915-4056-bdd2-06c7150cb763,b2e67456-ae78-4a7d-b17c-e280b8b211cb,850e54e9-1726-4107-8c31-7ca43a5437bb,52f50416-8d6b-4f79-aa1e-87189fe727cf,2025-02-22,23896.96,853441.21,expense,Forest Essentials,Skincare
205f3a85-4fe2-4213-8ef5-41a9232cd746,b2e67456-ae78-4a7d-b17c-e280b8b211cb,850e54e9-1726-4107-8c31-7ca43a5437bb,820faeca-f72b-4444-b3ed-cc4b2457b6fa,2025-02-23,28071.9,825369.31,expense,Meesho,Online order
977dba5b-70e6-42a1-9385-f506f91a69fb,b2e67456-ae78-4a7d-b17c-e280b8b211cb,850e54e9-1726-4107-8c31-7ca43a5437bb,352e3807-c4b8-4f2f-b4a0-11f0a676a889,2025-02-25,1785.24,823584.07,expense,Blinkit,Instant delivery
a683f879-512b-4764-9ec1-c48567a58c6c,b2e67456-ae78-4a7d-b17c-e280b8b211cb,850e54e9-1726-4107-8c31-7ca43a5437bb,223324ac-c0b3-4f8f-bc2b-440cc66d4f97,2025-02-25,30378.2,793205.87,expense,Local Hardware,Hardware purchase
e6231fc4-7f7f-4356-8dfd-4439633978cb,b2e67456-ae78-4a7d-b17c-e280b8b211cb,850e54e9-1726-4107-8c31-7ca43a5437bb,a0f82fa6-1252-4e6c-8a29-a1761d72d10c,2025-02-25,28034.51,765171.36,expense,Indian Railways,Train booking
15953a5e-b7f2-40f5-bbe1-60f1cd11a898,b2e67456-ae78-4a7d-b17c-e280b8b211cb,850e54e9-1726-4107-8c31-7ca43a5437bb,773ee99e-f4ff-4162-87c7-19387a9ebb97,2025-02-27,4317.9,760853.46,expense,Haldiram's,Lunch
27bafe9c-37d9-46f7-a7c5-033173627090,b2e67456-ae78-4a7d-b17c-e280b8b211cb,850e54e9-1726-4107-8c31-7ca43a5437bb,baf0d272-8682-41c0-acfb-c78f1f2cd9a1,2025-02-27,28247.56,732605.9,expense,Samsung Store,Mobile accessory
bc91c84d-f398-4c55-af4c-4f4a6bd6d2ca,b2e67456-ae78-4a7d-b17c-e280b8b211cb,850e54e9-1726-4107-8c31-7ca43a5437bb,aa200b24-ef0e-410d-9a5e-5cd5e6eb5584,2025-02-27,52760.75,679845.15,expense,Carpenter,Carpentry work
926c78dc-883d-4622-9e0d-1d603ddb7253,b2e67456-ae78-4a7d-b17c-e280b8b211cb,850e54e9-1726-4107-8c31-7ca43a5437bb,62f6b8d3-1048-4d35-8644-028a80420f06,2025-03-01,26484.99,653360.16,expense,Amazon,Gift purchase
00e04a49-7f4a-423c-b525-fc8220494ae0,b2e67456-ae78-4a7d-b17c-e280b8b211cb,850e54e9-1726-4107-8c31-7ca43a5437bb,96425e71-00ab-44ec-b7a5-b7bc7c419b3c,2025-03-04,66300.0,587060.16,expense,Axis Bank,Home loan EMI
2f46ed52-a12f-4ab3-85db-cfcf2662929e,b2e67456-ae78-4a7d-b17c-e280b8b211cb,850e54e9-1726-4107-8c31-7ca43a5437bb,24e016a3-fafe-4519-8295-2f5f87ed7005,2025-03-04,2541.34,584518.82,expense,Third Wave Coffee,Evening coffee
00a69b9e-937d-4094-b8c3-2f30c87a02ca,b2e67456-ae78-4a7d-b17c-e280b8b211cb,850e54e9-1726-4107-8c31-7ca43a5437bb,9824533c-e6eb-43ff-b2d1-9724f9f59c75,2025-03-06,16675.4,567843.42,expense,Maid,Maid salary
03ea2eda-10f9-4d42-acbe-7cece4ca08f3,b2e67456-ae78-4a7d-b17c-e280b8b211cb,850e54e9-1726-4107-8c31-7ca43a5437bb,2240f66e-6ba1-4bb3-9578-9f6dd6e71363,2025-03-07,410.23,567433.19,expense,Jio Fiber,Internet bill
8260487e-62e8-4463-8ba2-82a8f5f18499,b2e67456-ae78-4a7d-b17c-e280b8b211cb,850e54e9-1726-4107-8c31-7ca43a5437bb,3e870dc4-9bcb-4d85-a0ed-817b2217e50b,2025-03-07,21000.0,546433.19,expense,SBI,Personal loan EMI
997f83a5-6cda-40e4-8c69-b58cca003a3d,b2e67456-ae78-4a7d-b17c-e280b8b211cb,850e54e9-1726-4107-8c31-7ca43a5437bb,248ccf02-2fad-4a57-8831-52e79f698e4c,2025-03-08,18293.11,528140.08,expense,BMTC,Bus pass recharge
d887b940-47fb-4a85-b144-f7d5caecb4e2,b2e67456-ae78-4a7d-b17c-e280b8b211cb,850e54e9-1726-4107-8c31-7ca43a5437bb,62bb0c22-62a3-42ba-a471-bae2976e7fe1,2025-03-10,34667.77,493472.31,expense,MCA,Filing fee
05db7a4f-d709-4063-9785-15fd275bf8a9,b2e67456-ae78-4a7d-b17c-e280b8b211cb,850e54e9-1726-4107-8c31-7ca43a5437bb,773ee99e-f4ff-4162-87c7-19387a9ebb97,2025-03-11,402.22,493070.09,expense,Local Restaurant,Quick lunch
baaab337-f654-4cc7-a2b6-41e1beebd1e2,b2e67456-ae78-4a7d-b17c-e280b8b211cb,850e54e9-1726-4107-8c31-7ca43a5437bb,7b4b3f22-72da-46c4-913d-6c0f0486886f,2025-03-11,20927.63,472142.46,expense,NetMeds,Online medicine order
2c743f62-a00f-48e2-9dfd-652b601fd6a7,b2e67456-ae78-4a7d-b17c-e280b8b211cb,850e54e9-1726-4107-8c31-7ca43a5437bb,a0f82fa6-1252-4e6c-8a29-a1761d72d10c,2025-03-12,2819.18,469323.28,expense,Indian Railways,Train booking
17441d51-6aca-44bf-bafd-d24c12e5d7aa,b2e67456-ae78-4a7d-b17c-e280b8b211cb,850e54e9-1726-4107-8c31-7ca43a5437bb,9824533c-e6eb-43ff-b2d1-9724f9f59c75,2025-03-16,54255.16,415068.12,expense,Cook,Cook wages
d9559005-cebf-4b36-bc9a-5d67c0f898cc,b2e67456-ae78-4a7d-b17c-e280b8b211cb,850e54e9-1726-4107-8c31-7ca43a5437bb,248ccf02-2fad-4a57-8831-52e79f698e4c,2025-03-16,9390.74,405677.38,expense,BEST,Bus card recharge
35b6d7c1-f5e1-4372-8f9b-f2275297aab3,b2e67456-ae78-4a7d-b17c-e280b8b211cb,850e54e9-1726-4107-8c31-7ca43a5437bb,94943a15-5000-4909-864f-c229ccc559c2,2025-03-19,5843.19,399834.19,expense,Home Centre,Kitchen items
01a054ce-4c4e-4e1d-9279-1c818f2dd1e0,b2e67456-ae78-4a7d-b17c-e280b8b211cb,850e54e9-1726-4107-8c31-7ca43a5437bb,2240f66e-6ba1-4bb3-9578-9f6dd6e71363,2025-03-21,13683.99,386150.2,expense,BWSSB,Water bill
380e2d99-7875-4379-af92-81158fcae6ef,b2e67456-ae78-4a7d-b17c-e280b8b211cb,850e54e9-1726-4107-8c31-7ca43a5437bb,c1794d38-04bb-436c-a349-b7efa2949d59,2025-03-27,13412.86,372737.34,expense,Netflix,Monthly subscription
dcccfadf-9756-4361-ad0f-35ad366b2de6,b2e67456-ae78-4a7d-b17c-e280b8b211cb,850e54e9-1726-4107-8c31-7ca43a5437bb,482d3ee1-01c6-4f27-880c-5c2e86ff4326,2025-03-29,40180.03,332557.31,expense,Apollo Hospital,Doctor consultation
2e70f622-d318-4110-930b-7096864856ea,b2e67456-ae78-4a7d-b17c-e280b8b211cb,850e54e9-1726-4107-8c31-7ca43a5437bb,489f5d0e-1a15-4527-bbe0-a4d15d125f35,2025-04-01,2732.77,329824.54,expense,Local Pet Shop,Pet accessories
5bf6c699-63bb-4280-ae78-0278c57ed7a1,b2e67456-ae78-4a7d-b17c-e280b8b211cb,850e54e9-1726-4107-8c31-7ca43a5437bb,f89d39f0-2919-467d-9eae-73947cd92572,2025-04-02,4531.13,325293.41,expense,Pizza Hut,Pizza order
bba922f7-6469-4c69-a59c-7f7260e1b5b6,b2e67456-ae78-4a7d-b17c-e280b8b211cb,850e54e9-1726-4107-8c31-7ca43a5437bb,1936a4f4-2484-487e-9de0-bd4773f631e7,2025-04-02,379.77,324913.64,expense,Jio,Mobile recharge
977471d2-b417-4228-abe8-6c23dde8861c,b2e67456-ae78-4a7d-b17c-e280b8b211cb,850e54e9-1726-4107-8c31-7ca43a5437bb,96425e71-00ab-44ec-b7a5-b7bc7c419b3c,2025-04-03,66300.0,258613.64,expense,HDFC Bank,Home loan EMI
e0cdfba8-5d2a-4fb7-8773-3c40e781fbb2,b2e67456-ae78-4a7d-b17c-e280b8b211cb,850e54e9-1726-4107-8c31-7ca43a5437bb,0d3983fc-2dc6-40e8-898b-3e446f9ffcb2,2025-04-03,242924.91,501538.55,income,Payroll,Salary deposit
b5f078bb-5bac-4f13-b9a8-24635463682d,b2e67456-ae78-4a7d-b17c-e280b8b211cb,850e54e9-1726-4107-8c31-7ca43a5437bb,52f50416-8d6b-4f79-aa1e-87189fe727cf,2025-04-04,21927.79,479610.76,expense,Nykaa,Beauty products
09b86cac-21c2-44b2-ac0b-d3f8becb6deb,b2e67456-ae78-4a7d-b17c-e280b8b211cb,850e54e9-1726-4107-8c31-7ca43a5437bb,43dc3332-707c-42c3-b0d9-0f067489a82d,2025-04-09,7565.36,472045.4,expense,HP Petrol,Diesel refill
5f5bd2b2-d63b-4e44-99be-fe0bfa025bd4,b2e67456-ae78-4a7d-b17c-e280b8b211cb,850e54e9-1726-4107-8c31-7ca43a5437bb,a9ffe6eb-4506-488f-8aae-77f81d637f71,2025-04-09,12276.69,459768.71,expense,H&M,Fashion purchase
ecc48675-7872-481c-b984-64fa974cdb56,b2e67456-ae78-4a7d-b17c-e280b8b211cb,850e54e9-1726-4107-8c31-7ca43a5437bb,afb11444-5eb7-49e4-adb0-6e90808b3f69,2025-04-09,51403.04,408365.67,expense,SBI,Service charge
b3f56b51-c6ad-4337-b547-262779b1ded8,b2e67456-ae78-4a7d-b17c-e280b8b211cb,850e54e9-1726-4107-8c31-7ca43a5437bb,248ccf02-2fad-4a57-8831-52e79f698e4c,2025-04-10,13787.22,394578.45,expense,DMRC,Metro card top-up
5043c4fd-bc06-4dac-9f66-8177fe3e9ffb,b2e67456-ae78-4a7d-b17c-e280b8b211cb,850e54e9-1726-4107-8c31-7ca43a5437bb,59617cc5-9fa4-4d85-9493-ae0690ce3405,2025-04-11,15789.76,378788.69,expense,Local Garage,Repair work
85e2b6a0-059a-41db-b17b-7f413e9c0f45,b2e67456-ae78-4a7d-b17c-e280b8b211cb,850e54e9-1726-4107-8c31-7ca43a5437bb,4e6141b4-8b08-4a48-92e3-00a3aed708d1,2025-04-12,1903.63,376885.06,expense,Tata Power,Power bill
3c3ede9f-7d14-4a95-909e-83074779be1a,b2e67456-ae78-4a7d-b17c-e280b8b211cb,850e54e9-1726-4107-8c31-7ca43a5437bb,f89d39f0-2919-467d-9eae-73947cd92572,2025-04-13,1650.71,375234.35,expense,KFC,Fast food
797059fd-7179-4f13-9337-b871fc3ef224,b2e67456-ae78-4a7d-b17c-e280b8b211cb,850e54e9-1726-4107-8c31-7ca43a5437bb,a0f82fa6-1252-4e6c-8a29-a1761d72d10c,2025-04-13,13028.41,362205.94,expense,IRCTC,Train ticket
a25e4454-ee1e-4dec-a155-8980c9e29097,b2e67456-ae78-4a7d-b17c-e280b8b211cb,850e54e9-1726-4107-8c31-7ca43a5437bb,482d3ee1-01c6-4f27-880c-5c2e86ff4326,2025-04-15,44214.19,317991.75,expense,Max Hospital,Healthcare
21f4710d-b7a1-4260-884a-b70dbc77aae2,b2e67456-ae78-4a7d-b17c-e280b8b211cb,850e54e9-1726-4107-8c31-7ca43a5437bb,482d3ee1-01c6-4f27-880c-5c2e86ff4326,2025-04-16,45948.8,272042.95,expense,Apollo Hospital,Doctor consultation
1b5adb93-0e67-4149-a37d-2577e32a586f,b2e67456-ae78-4a7d-b17c-e280b8b211cb,850e54e9-1726-4107-8c31-7ca43a5437bb,02b93640-5ea9-4023-9ca5-12aaa253ea5b,2025-04-18,2413.38,269629.57,expense,Jio Fiber,Broadband bill
14462386-36c4-4826-b44c-d72ef24ad9ac,b2e67456-ae78-4a7d-b17c-e280b8b211cb,850e54e9-1726-4107-8c31-7ca43a5437bb,2240f66e-6ba1-4bb3-9578-9f6dd6e71363,2025-04-19,10279.83,259349.74,expense,Jio Fiber,Internet bill
c5e443f1-a170-42cc-a91e-a9315ea557b4,b2e67456-ae78-4a7d-b17c-e280b8b211cb,850e54e9-1726-4107-8c31-7ca43a5437bb,245a1bba-ff69-4f13-bb3d-7fff3c2b30be,2025-04-20,24216.93,235132.81,expense,Mall Parking,Parking charges
1ca70da2-d4e3-492d-b80b-b2f5a458bf80,b2e67456-ae78-4a7d-b17c-e280b8b211cb,850e54e9-1726-4107-8c31-7ca43a5437bb,3e870dc4-9bcb-4d85-a0ed-817b2217e50b,2025-04-26,79196.84,155935.97,expense,HDFC Bank,Loan instalment
5a9b8d62-dc95-4774-a59a-382c3e02b29a,b2e67456-ae78-4a7d-b17c-e280b8b211cb,850e54e9-1726-4107-8c31-7ca43a5437bb,4e6141b4-8b08-4a48-92e3-00a3aed708d1,2025-04-26,4023.09,151912.88,expense,BESCOM,Electricity bill
dcda5370-ee08-42b9-9dd9-caa2a953ab19,b2e67456-ae78-4a7d-b17c-e280b8b211cb,850e54e9-1726-4107-8c31-7ca43a5437bb,02b93640-5ea9-4023-9ca5-12aaa253ea5b,2025-04-28,1710.9,150201.98,expense,Airtel,Internet bill
019107b2-9b46-4fa9-8cd1-483c4afc2826,b2e67456-ae78-4a7d-b17c-e280b8b211cb,850e54e9-1726-4107-8c31-7ca43a5437bb,c1794d38-04bb-436c-a349-b7efa2949d59,2025-04-30,32022.11,118179.87,expense,Hotstar,OTT subscription
c430669c-861a-42f3-a863-abcce6edfda0,e971ffd9-80c5-42b6-950c-c8735774047a,8e3e676c-8469-4a13-8af3-3fc16ee8aa52,aa200b24-ef0e-410d-9a5e-5cd5e6eb5584,2025-01-02,25319.69,552511.11,expense,Electrician,Electrical work
cb3c6db8-00dc-43cc-a1cb-e7ec7e773caf,e971ffd9-80c5-42b6-950c-c8735774047a,8e3e676c-8469-4a13-8af3-3fc16ee8aa52,aea49b50-348f-446b-9a35-c970ed3e3a8a,2025-01-02,19946.59,532564.52,expense,Housing Society,Rent payment
8b053f14-4c96-4e07-a0e6-85129282b41b,e971ffd9-80c5-42b6-950c-c8735774047a,8e3e676c-8469-4a13-8af3-3fc16ee8aa52,1936a4f4-2484-487e-9de0-bd4773f631e7,2025-01-04,289.1,532275.42,expense,Jio,Mobile recharge
2fae20af-6669-4e56-934f-d057de8cab6e,e971ffd9-80c5-42b6-950c-c8735774047a,8e3e676c-8469-4a13-8af3-3fc16ee8aa52,f89d39f0-2919-467d-9eae-73947cd92572,2025-01-06,442.08,531833.34,expense,Burger King,Burger meal
1dbcb74d-8236-43fa-ab6b-3731a9e4d5fe,e971ffd9-80c5-42b6-950c-c8735774047a,8e3e676c-8469-4a13-8af3-3fc16ee8aa52,9824533c-e6eb-43ff-b2d1-9724f9f59c75,2025-01-07,22225.2,509608.14,expense,Watchman,Security tip
c936ad28-30b1-42ac-ba10-86df2027dd50,e971ffd9-80c5-42b6-950c-c8735774047a,8e3e676c-8469-4a13-8af3-3fc16ee8aa52,2240f66e-6ba1-4bb3-9578-9f6dd6e71363,2025-01-07,850.68,508757.46,expense,Gas Agency,LPG cylinder
16416960-6970-4efc-9a35-65cda9d24f30,e971ffd9-80c5-42b6-950c-c8735774047a,8e3e676c-8469-4a13-8af3-3fc16ee8aa52,352e3807-c4b8-4f2f-b4a0-11f0a676a889,2025-01-09,422.41,508335.05,expense,Reliance Fresh,Fresh produce & vegetables
372c4e03-f982-482b-b3d8-6055ab040ee3,e971ffd9-80c5-42b6-950c-c8735774047a,8e3e676c-8469-4a13-8af3-3fc16ee8aa52,abe7e3b4-e94a-47f4-bb4c-ee2b5dfb1afb,2025-01-09,500.01,507835.04,expense,SBI MF,Systematic investment
3268a763-7936-4e07-8243-93272558f124,e971ffd9-80c5-42b6-950c-c8735774047a,8e3e676c-8469-4a13-8af3-3fc16ee8aa52,352e3807-c4b8-4f2f-b4a0-11f0a676a889,2025-01-10,423.17,507411.87,expense,Zepto,Quick grocery delivery
ebf97677-38c2-4542-81b7-62f2b5ac1fee,e971ffd9-80c5-42b6-950c-c8735774047a,8e3e676c-8469-4a13-8af3-3fc16ee8aa52,c1794d38-04bb-436c-a349-b7efa2949d59,2025-01-10,299.0,507112.87,expense,Amazon Prime,Monthly subscription
71337928-3abc-4d35-8ef7-9930ec623fed,e971ffd9-80c5-42b6-950c-c8735774047a,8e3e676c-8469-4a13-8af3-3fc16ee8aa52,352e3807-c4b8-4f2f-b4a0-11f0a676a889,2025-01-13,2059.83,505053.04,expense,Zepto,Quick grocery delivery
4231243f-094c-4ab2-af34-bf863fa5a5e9,e971ffd9-80c5-42b6-950c-c8735774047a,8e3e676c-8469-4a13-8af3-3fc16ee8aa52,4e6141b4-8b08-4a48-92e3-00a3aed708d1,2025-01-19,13632.95,491420.09,expense,BSES,Power bill
41702df9-2bd7-445e-b9e6-b9edf6f03e59,e971ffd9-80c5-42b6-950c-c8735774047a,8e3e676c-8469-4a13-8af3-3fc16ee8aa52,773ee99e-f4ff-4162-87c7-19387a9ebb97,2025-01-21,504.38,490915.71,expense,Punjab Grill,Business dinner
787cf73a-d613-48a6-95a1-b25926a0fac3,e971ffd9-80c5-42b6-950c-c8735774047a,8e3e676c-8469-4a13-8af3-3fc16ee8aa52,24e016a3-fafe-4519-8295-2f5f87ed7005,2025-01-21,1159.46,489756.25,expense,Third Wave Coffee,Evening coffee
181f0e06-26bc-4845-82d9-6b3cb747b1b3,e971ffd9-80c5-42b6-950c-c8735774047a,8e3e676c-8469-4a13-8af3-3fc16ee8aa52,76b12465-5eec-4e07-98cb-43137e404dcd,2025-01-22,15597.87,474158.38,expense,Simplilearn,Certification
b58fdb6c-14b5-4119-93f8-3d6c09996078,e971ffd9-80c5-42b6-950c-c8735774047a,8e3e676c-8469-4a13-8af3-3fc16ee8aa52,94943a15-5000-4909-864f-c229ccc559c2,2025-01-27,1274.91,472883.47,expense,Nilkamal,Furniture
f34b61fc-5f05-40c2-a4e8-0b88b60f78cd,e971ffd9-80c5-42b6-950c-c8735774047a,8e3e676c-8469-4a13-8af3-3fc16ee8aa52,24e016a3-fafe-4519-8295-2f5f87ed7005,2025-01-27,706.03,472177.44,expense,Blue Tokai,Specialty coffee
e528b75d-616c-43cc-9c33-9c234d310d58,e971ffd9-80c5-42b6-950c-c8735774047a,8e3e676c-8469-4a13-8af3-3fc16ee8aa52,f89d39f0-2919-467d-9eae-73947cd92572,2025-01-28,383.93,471793.51,expense,KFC,Fast food
4a42fa72-8910-40ad-b711-06046cb025ba,e971ffd9-80c5-42b6-950c-c8735774047a,8e3e676c-8469-4a13-8af3-3fc16ee8aa52,248ccf02-2fad-4a57-8831-52e79f698e4c,2025-01-30,6382.75,465410.76,expense,BMTC,Bus pass recharge
9bf0644b-f65e-4cbc-b60d-3b393d212d9f,e971ffd9-80c5-42b6-950c-c8735774047a,8e3e676c-8469-4a13-8af3-3fc16ee8aa52,0d3983fc-2dc6-40e8-898b-3e446f9ffcb2,2025-02-01,24607.02,490017.78,income,Payroll,Salary deposit
710e9877-e71f-4591-a40d-cba7fa93309d,e971ffd9-80c5-42b6-950c-c8735774047a,8e3e676c-8469-4a13-8af3-3fc16ee8aa52,aea49b50-348f-446b-9a35-c970ed3e3a8a,2025-02-02,5400.0,484617.78,expense,Landlord,Monthly rent payment
bcac3124-307b-4c70-a328-5f662fc678be,e971ffd9-80c5-42b6-950c-c8735774047a,8e3e676c-8469-4a13-8af3-3fc16ee8aa52,c1794d38-04bb-436c-a349-b7efa2949d59,2025-02-05,399.0,484218.78,expense,Jio Fiber,Monthly subscription
147c0ffb-386f-4cfa-b14e-863070b28438,e971ffd9-80c5-42b6-950c-c8735774047a,8e3e676c-8469-4a13-8af3-3fc16ee8aa52,2240f66e-6ba1-4bb3-9578-9f6dd6e71363,2025-02-07,19455.79,464762.99,expense,Gas Agency,LPG cylinder
6b2e17aa-13d9-4f28-9334-9ee18ec04953,e971ffd9-80c5-42b6-950c-c8735774047a,8e3e676c-8469-4a13-8af3-3fc16ee8aa52,2240f66e-6ba1-4bb3-9578-9f6dd6e71363,2025-02-07,839.2,463923.79,expense,Airtel,Broadband bill
ed38bd56-5260-4e5f-8398-0d24b5ac3676,e971ffd9-80c5-42b6-950c-c8735774047a,8e3e676c-8469-4a13-8af3-3fc16ee8aa52,24e016a3-fafe-4519-8295-2f5f87ed7005,2025-02-07,690.13,463233.66,expense,Toit Brewpub,Craft beer
8ae8fbbe-ac72-4c2f-a4a0-d850247be07f,e971ffd9-80c5-42b6-950c-c8735774047a,8e3e676c-8469-4a13-8af3-3fc16ee8aa52,1936a4f4-2484-487e-9de0-bd4773f631e7,2025-02-08,613.76,462619.9,expense,Jio,Mobile recharge
2dbcb2aa-eb82-47cc-900e-0c7ea334bb6f,e971ffd9-80c5-42b6-950c-c8735774047a,8e3e676c-8469-4a13-8af3-3fc16ee8aa52,352e3807-c4b8-4f2f-b4a0-11f0a676a889,2025-02-09,1984.47,460635.43,expense,DMart,Supermarket shopping
4cbb0229-f864-4a5a-bbd7-562f62f0d7b3,e971ffd9-80c5-42b6-950c-c8735774047a,8e3e676c-8469-4a13-8af3-3fc16ee8aa52,aea49b50-348f-446b-9a35-c970ed3e3a8a,2025-02-09,12380.58,448254.85,expense,NoBroker,Rent via NoBroker
0c5a334a-2bc8-4809-ae72-f2044f7d8643,e971ffd9-80c5-42b6-950c-c8735774047a,8e3e676c-8469-4a13-8af3-3fc16ee8aa52,4e6141b4-8b08-4a48-92e3-00a3aed708d1,2025-02-11,1541.19,446713.66,expense,Adani Electricity,Electricity payment
abfd7124-7840-4723-adf6-3d99e02fe8e2,e971ffd9-80c5-42b6-950c-c8735774047a,8e3e676c-8469-4a13-8af3-3fc16ee8aa52,1936a4f4-2484-487e-9de0-bd4773f631e7,2025-02-14,311.83,446401.83,expense,Jio,Mobile recharge
8101ffce-9300-4476-bc47-1aa7e4bdb584,e971ffd9-80c5-42b6-950c-c8735774047a,8e3e676c-8469-4a13-8af3-3fc16ee8aa52,a0f82fa6-1252-4e6c-8a29-a1761d72d10c,2025-02-15,8802.11,437599.72,expense,IRCTC,Train ticket
b531d410-ecf0-4b33-a759-a3c90fffbd55,e971ffd9-80c5-42b6-950c-c8735774047a,8e3e676c-8469-4a13-8af3-3fc16ee8aa52,8020f28e-d18c-4677-a747-5497f031a5d2,2025-02-18,15573.99,422025.73,expense,Salon,Hair cut and styling
f6dc8623-5ba9-417d-aa4c-819962d00113,e971ffd9-80c5-42b6-950c-c8735774047a,8e3e676c-8469-4a13-8af3-3fc16ee8aa52,24e016a3-fafe-4519-8295-2f5f87ed7005,2025-02-19,798.76,421226.97,expense,Third Wave Coffee,Evening coffee
466f3c94-cac1-4ef9-aac8-bb56c9f92246,e971ffd9-80c5-42b6-950c-c8735774047a,8e3e676c-8469-4a13-8af3-3fc16ee8aa52,f9695d76-897b-4d1d-b699-30bdb8c3bd63,2025-02-21,2270.72,418956.25,expense,Uber,Ride to office
607d4575-f377-4c64-a8b9-04154027d69d,e971ffd9-80c5-42b6-950c-c8735774047a,8e3e676c-8469-4a13-8af3-3fc16ee8aa52,482d3ee1-01c6-4f27-880c-5c2e86ff4326,2025-02-24,13744.07,405212.18,expense,Apollo Hospital,Doctor consultation
933fe9c1-edb7-4028-aa87-3aabefe708f4,e971ffd9-80c5-42b6-950c-c8735774047a,8e3e676c-8469-4a13-8af3-3fc16ee8aa52,1936a4f4-2484-487e-9de0-bd4773f631e7,2025-03-01,95.72,405116.46,expense,Vi,Phone bill
de51eda4-7ea3-4e3f-bfb7-f9b9d60340bd,e971ffd9-80c5-42b6-950c-c8735774047a,8e3e676c-8469-4a13-8af3-3fc16ee8aa52,aea49b50-348f-446b-9a35-c970ed3e3a8a,2025-03-02,5400.0,399716.46,expense,NoBroker,Monthly rent payment
9890a6d4-3a6c-46b0-8da5-12d72ecc1f4c,e971ffd9-80c5-42b6-950c-c8735774047a,8e3e676c-8469-4a13-8af3-3fc16ee8aa52,24e016a3-fafe-4519-8295-2f5f87ed7005,2025-03-04,1635.34,398081.12,expense,Third Wave Coffee,Evening coffee
537ba9e6-66f7-4de5-952a-8539a5d668c0,e971ffd9-80c5-42b6-950c-c8735774047a,8e3e676c-8469-4a13-8af3-3fc16ee8aa52,02b93640-5ea9-4023-9ca5-12aaa253ea5b,2025-03-05,683.6,397397.52,expense,ACT Fibernet,Internet payment
88ad389c-4351-40e6-b560-d52bebe0d86b,e971ffd9-80c5-42b6-950c-c8735774047a,8e3e676c-8469-4a13-8af3-3fc16ee8aa52,c1794d38-04bb-436c-a349-b7efa2949d59,2025-03-07,129.0,397268.52,expense,YouTube Premium,Monthly subscription
220badae-5011-45ad-9fa8-18e9accd59dc,e971ffd9-80c5-42b6-950c-c8735774047a,8e3e676c-8469-4a13-8af3-3fc16ee8aa52,1936a4f4-2484-487e-9de0-bd4773f631e7,2025-03-10,540.21,396728.31,expense,Jio,Mobile recharge
dc9ee109-8e3e-4586-b313-65f649d1b7cf,e971ffd9-80c5-42b6-950c-c8735774047a,8e3e676c-8469-4a13-8af3-3fc16ee8aa52,c1794d38-04bb-436c-a349-b7efa2949d59,2025-03-11,399.0,396329.31,expense,Jio Fiber,Monthly subscription
699a2af6-cfe8-48f2-9799-20701f62c597,e971ffd9-80c5-42b6-950c-c8735774047a,8e3e676c-8469-4a13-8af3-3fc16ee8aa52,60260042-9174-4f85-82fc-aed9fb085bca,2025-03-12,10148.9,386180.41,expense,Local Store,Accessories purchase
3e8bedca-4435-44a6-bbd3-e438101ac25f,e971ffd9-80c5-42b6-950c-c8735774047a,8e3e676c-8469-4a13-8af3-3fc16ee8aa52,820faeca-f72b-4444-b3ed-cc4b2457b6fa,2025-03-14,6726.49,379453.92,expense,Meesho,Online order
716b0804-c4cf-4b98-9b82-27b080097088,e971ffd9-80c5-42b6-950c-c8735774047a,8e3e676c-8469-4a13-8af3-3fc16ee8aa52,2240f66e-6ba1-4bb3-9578-9f6dd6e71363,2025-03-14,26641.96,352811.96,expense,Gas Agency,LPG cylinder
d34a8b27-92ed-453a-9d4d-64f9f72915f5,e971ffd9-80c5-42b6-950c-c8735774047a,8e3e676c-8469-4a13-8af3-3fc16ee8aa52,773ee99e-f4ff-4162-87c7-19387a9ebb97,2025-03-21,493.3,352318.66,expense,Haldiram's,Lunch
65aaaf09-b516-4621-b0c3-5ba585eef5d2,e971ffd9-80c5-42b6-950c-c8735774047a,8e3e676c-8469-4a13-8af3-3fc16ee8aa52,aea49b50-348f-446b-9a35-c970ed3e3a8a,2025-03-23,7611.79,344706.87,expense,Housing Society,Rent payment
5ed16aba-9bbe-4d34-809f-d647a7540a79,e971ffd9-80c5-42b6-950c-c8735774047a,8e3e676c-8469-4a13-8af3-3fc16ee8aa52,4e6141b4-8b08-4a48-92e3-00a3aed708d1,2025-03-26,16695.12,328011.75,expense,BSES,Power bill
c3066d24-5cd9-4ece-b237-d2ebf7db9312,e971ffd9-80c5-42b6-950c-c8735774047a,8e3e676c-8469-4a13-8af3-3fc16ee8aa52,f89d39f0-2919-467d-9eae-73947cd92572,2025-03-28,648.57,327363.18,expense,Subway,Sandwich
0e1aef1d-4683-4459-a508-d79709de4f23,e971ffd9-80c5-42b6-950c-c8735774047a,8e3e676c-8469-4a13-8af3-3fc16ee8aa52,352e3807-c4b8-4f2f-b4a0-11f0a676a889,2025-04-01,1010.77,326352.41,expense,DMart,Supermarket shopping
2d12f7ba-6c45-4102-8691-546480e5bd99,e971ffd9-80c5-42b6-950c-c8735774047a,8e3e676c-8469-4a13-8af3-3fc16ee8aa52,c1794d38-04bb-436c-a349-b7efa2949d59,2025-04-07,6871.79,319480.62,expense,YouTube Premium,Premium plan
4b05d0a9-f511-40aa-9082-afdb29dfeef6,e971ffd9-80c5-42b6-950c-c8735774047a,8e3e676c-8469-4a13-8af3-3fc16ee8aa52,c1794d38-04bb-436c-a349-b7efa2949d59,2025-04-11,299.0,319181.62,expense,Amazon Prime,Monthly subscription
53b49c29-9935-47ee-a85c-2f896ad10b71,e971ffd9-80c5-42b6-950c-c8735774047a,8e3e676c-8469-4a13-8af3-3fc16ee8aa52,96425e71-00ab-44ec-b7a5-b7bc7c419b3c,2025-04-11,11162.83,308018.79,expense,SBI,Housing loan instalment
a4a9a7bf-f557-4392-b454-c3b0b3ab5c1a,e971ffd9-80c5-42b6-950c-c8735774047a,8e3e676c-8469-4a13-8af3-3fc16ee8aa52,c1794d38-04bb-436c-a349-b7efa2949d59,2025-04-11,129.0,307889.79,expense,YouTube Premium,Monthly subscription
d27418f9-6a68-4669-acb6-78bc6c920d79,e971ffd9-80c5-42b6-950c-c8735774047a,8e3e676c-8469-4a13-8af3-3fc16ee8aa52,c1794d38-04bb-436c-a349-b7efa2949d59,2025-04-11,399.0,307490.79,expense,Jio Fiber,Monthly subscription
0fefc2d7-b560-402d-99b0-eb51ec1e5148,e971ffd9-80c5-42b6-950c-c8735774047a,8e3e676c-8469-4a13-8af3-3fc16ee8aa52,eb6cafa9-5129-4c5f-a238-d432e93d5710,2025-04-12,13072.01,294418.78,expense,Toll Plaza,Highway toll
402bb62c-58f1-4e30-98b8-83d862077cfc,e971ffd9-80c5-42b6-950c-c8735774047a,8e3e676c-8469-4a13-8af3-3fc16ee8aa52,4e6141b4-8b08-4a48-92e3-00a3aed708d1,2025-04-12,1092.18,293326.6,expense,Adani Electricity,Electricity payment
0f8d4a85-c533-4d70-960c-970c91eaf4bf,e971ffd9-80c5-42b6-950c-c8735774047a,8e3e676c-8469-4a13-8af3-3fc16ee8aa52,68662b1b-9e19-427c-8a6f-0dea71240479,2025-04-15,910.28,292416.32,expense,Microsoft,Software subscription
daa1c936-365d-4f23-aed5-7761bf3bc24d,e971ffd9-80c5-42b6-950c-c8735774047a,8e3e676c-8469-4a13-8af3-3fc16ee8aa52,24e016a3-fafe-4519-8295-2f5f87ed7005,2025-04-15,1624.56,290791.76,expense,The Beer Cafe,Drinks with friends
c5b925d1-9dbf-4900-9d74-ce607fd646df,e971ffd9-80c5-42b6-950c-c8735774047a,8e3e676c-8469-4a13-8af3-3fc16ee8aa52,aea49b50-348f-446b-9a35-c970ed3e3a8a,2025-04-19,9069.33,281722.43,expense,Housing Society,Rent payment
fedb7d3f-30ca-48ad-ab72-a5c076e04a85,e971ffd9-80c5-42b6-950c-c8735774047a,8e3e676c-8469-4a13-8af3-3fc16ee8aa52,9824533c-e6eb-43ff-b2d1-9724f9f59c75,2025-04-19,28106.85,253615.58,expense,Watchman,Security tip
1a1a72a1-b0c2-4a66-9686-8bd10cb145e4,e971ffd9-80c5-42b6-950c-c8735774047a,8e3e676c-8469-4a13-8af3-3fc16ee8aa52,7b4b3f22-72da-46c4-913d-6c0f0486886f,2025-04-21,2901.61,250713.97,expense,MedPlus,Pharmacy
fd3198bd-ae0e-4ca2-b74d-cac6abde6cb4,e971ffd9-80c5-42b6-950c-c8735774047a,8e3e676c-8469-4a13-8af3-3fc16ee8aa52,773ee99e-f4ff-4162-87c7-19387a9ebb97,2025-04-22,262.28,250451.69,expense,Local Restaurant,Quick lunch
630b131d-e8e3-4291-93b4-cd799ce14df1,e971ffd9-80c5-42b6-950c-c8735774047a,8e3e676c-8469-4a13-8af3-3fc16ee8aa52,f89d39f0-2919-467d-9eae-73947cd92572,2025-04-24,1900.5,248551.19,expense,KFC,Fast food
92da791a-6f84-4806-a190-b2456013eb3e,e971ffd9-80c5-42b6-950c-c8735774047a,8e3e676c-8469-4a13-8af3-3fc16ee8aa52,94943a15-5000-4909-864f-c229ccc559c2,2025-04-24,6735.52,241815.67,expense,Pepperfry,Furniture order
cfb438fe-4b38-411b-8e62-06036dbab957,e971ffd9-80c5-42b6-950c-c8735774047a,8e3e676c-8469-4a13-8af3-3fc16ee8aa52,2240f66e-6ba1-4bb3-9578-9f6dd6e71363,2025-04-26,17550.51,224265.16,expense,Jio Fiber,Internet bill
db5c9aa2-9737-4665-9aa4-7cfa7d3419d1,e971ffd9-80c5-42b6-950c-c8735774047a,8e3e676c-8469-4a13-8af3-3fc16ee8aa52,52f50416-8d6b-4f79-aa1e-87189fe727cf,2025-04-26,1577.91,222687.25,expense,Forest Essentials,Skincare
4d8e9573-2d27-480c-a346-357a954dd002,e971ffd9-80c5-42b6-950c-c8735774047a,8e3e676c-8469-4a13-8af3-3fc16ee8aa52,2240f66e-6ba1-4bb3-9578-9f6dd6e71363,2025-04-28,26782.25,195905.0,expense,Gas Agency,LPG cylinder
5540af41-69c3-4d85-8f71-55420dd7768b,e971ffd9-80c5-42b6-950c-c8735774047a,8e3e676c-8469-4a13-8af3-3fc16ee8aa52,482d3ee1-01c6-4f27-880c-5c2e86ff4326,2025-04-28,12824.51,183080.49,expense,Fortis,Medical consultation
9bc80fee-4278-4048-acdc-35d0f3256adf,e971ffd9-80c5-42b6-950c-c8735774047a,8e3e676c-8469-4a13-8af3-3fc16ee8aa52,248ccf02-2fad-4a57-8831-52e79f698e4c,2025-04-29,4662.0,178418.49,expense,Mumbai Metro,Metro fare
ab032dba-6716-4ce7-9953-667362567557,88692a3e-9ecb-49b6-92f0-aa115ce81244,8ea78435-8cc7-4164-bd0e-10449726df1f,0d3983fc-2dc6-40e8-898b-3e446f9ffcb2,2025-01-02,26399.32,605738.52,income,Employer,Monthly salary credit
3a3ebf6e-e0c1-441b-b330-da3a641c857e,88692a3e-9ecb-49b6-92f0-aa115ce81244,8ea78435-8cc7-4164-bd0e-10449726df1f,68662b1b-9e19-427c-8a6f-0dea71240479,2025-01-03,337.71,605400.81,expense,App Store,iOS purchase
4dd5f0d0-ee03-4b80-9fef-1f1da5c63e63,88692a3e-9ecb-49b6-92f0-aa115ce81244,8ea78435-8cc7-4164-bd0e-10449726df1f,ba7b532e-605d-4ad5-b9b6-3155499c93eb,2025-01-03,30489.35,574911.46,expense,ICICI Prudential,Policy premium
ce5255f3-4129-4a1c-96e0-afd1151371f0,88692a3e-9ecb-49b6-92f0-aa115ce81244,8ea78435-8cc7-4164-bd0e-10449726df1f,1936a4f4-2484-487e-9de0-bd4773f631e7,2025-01-03,780.39,574131.07,expense,Airtel,Postpaid bill
fefc2b07-1bbe-418f-b375-a6cc9ab75363,88692a3e-9ecb-49b6-92f0-aa115ce81244,8ea78435-8cc7-4164-bd0e-10449726df1f,aea49b50-348f-446b-9a35-c970ed3e3a8a,2025-01-03,4700.0,569431.07,expense,NoBroker,Monthly rent payment
53007408-e46a-4402-8608-e163e04f25e7,88692a3e-9ecb-49b6-92f0-aa115ce81244,8ea78435-8cc7-4164-bd0e-10449726df1f,7b4b3f22-72da-46c4-913d-6c0f0486886f,2025-01-04,15188.62,554242.45,expense,Apollo Pharmacy,Medicine purchase
425a0e92-adef-49a6-b312-ba05609d2ac3,88692a3e-9ecb-49b6-92f0-aa115ce81244,8ea78435-8cc7-4164-bd0e-10449726df1f,c1794d38-04bb-436c-a349-b7efa2949d59,2025-01-05,499.0,553743.45,expense,Airtel Broadband,Monthly subscription
9b80250e-6b85-4284-a083-53e8c3331281,88692a3e-9ecb-49b6-92f0-aa115ce81244,8ea78435-8cc7-4164-bd0e-10449726df1f,c1794d38-04bb-436c-a349-b7efa2949d59,2025-01-05,399.0,553344.45,expense,Jio Fiber,Monthly subscription
1c2de35f-f841-48ed-893d-21d8a697fda0,88692a3e-9ecb-49b6-92f0-aa115ce81244,8ea78435-8cc7-4164-bd0e-10449726df1f,f9695d76-897b-4d1d-b699-30bdb8c3bd63,2025-01-07,10255.42,543089.03,expense,Ola,Cab ride
976fc7ff-a54f-40a0-8db7-43c942f1f6f8,88692a3e-9ecb-49b6-92f0-aa115ce81244,8ea78435-8cc7-4164-bd0e-10449726df1f,3e870dc4-9bcb-4d85-a0ed-817b2217e50b,2025-01-07,36233.19,506855.84,expense,Bajaj Finance,Consumer loan
9a52e22b-fdef-4d59-9dec-0081cf61a3a5,88692a3e-9ecb-49b6-92f0-aa115ce81244,8ea78435-8cc7-4164-bd0e-10449726df1f,c1794d38-04bb-436c-a349-b7efa2949d59,2025-01-07,119.0,506736.84,expense,Spotify,Monthly subscription
b44ed4f1-ac0a-45e2-ade2-fc6c6882e38a,88692a3e-9ecb-49b6-92f0-aa115ce81244,8ea78435-8cc7-4164-bd0e-10449726df1f,9824533c-e6eb-43ff-b2d1-9724f9f59c75,2025-01-09,20747.98,485988.86,expense,Maid,Maid salary
e9a59a38-ec27-4c97-8be2-b203c1b0612f,88692a3e-9ecb-49b6-92f0-aa115ce81244,8ea78435-8cc7-4164-bd0e-10449726df1f,2240f66e-6ba1-4bb3-9578-9f6dd6e71363,2025-01-09,329.38,485659.48,expense,BWSSB,Water bill
854108e9-891f-463d-bdc2-a981273567b1,88692a3e-9ecb-49b6-92f0-aa115ce81244,8ea78435-8cc7-4164-bd0e-10449726df1f,4e6141b4-8b08-4a48-92e3-00a3aed708d1,2025-01-10,1483.96,484175.52,expense,BSES,Power bill
b583bd20-b9d0-46c5-a2b4-ff60b3a67720,88692a3e-9ecb-49b6-92f0-aa115ce81244,8ea78435-8cc7-4164-bd0e-10449726df1f,19a947a7-2996-47c2-bc43-72e18eabee1f,2025-01-10,1637.46,482538.06,expense,SBI RD,Recurring deposit
93b70f86-3c02-41c5-aa4e-11eaad6d5800,88692a3e-9ecb-49b6-92f0-aa115ce81244,8ea78435-8cc7-4164-bd0e-10449726df1f,c1794d38-04bb-436c-a349-b7efa2949d59,2025-01-11,99.0,482439.06,expense,Apple Music,Monthly subscription
9f5b3828-7509-4abc-8339-033ca14ab0ba,88692a3e-9ecb-49b6-92f0-aa115ce81244,8ea78435-8cc7-4164-bd0e-10449726df1f,ba7b532e-605d-4ad5-b9b6-3155499c93eb,2025-01-12,7602.61,474836.45,expense,SBI Life,Insurance payment
3cf0115b-cf34-4fa9-baeb-3141af35f9c6,88692a3e-9ecb-49b6-92f0-aa115ce81244,8ea78435-8cc7-4164-bd0e-10449726df1f,d926a624-ee93-4c92-bd0e-202091a8548e,2025-01-14,18881.47,455954.98,expense,SBI Card,Card payment
a6ecbf7f-9314-4675-9119-bc7be8f54cd2,88692a3e-9ecb-49b6-92f0-aa115ce81244,8ea78435-8cc7-4164-bd0e-10449726df1f,8020f28e-d18c-4677-a747-5497f031a5d2,2025-01-18,845.06,455109.92,expense,Lakme Salon,Salon visit
f039f58d-7390-4a9a-a871-38f5196e9c73,88692a3e-9ecb-49b6-92f0-aa115ce81244,8ea78435-8cc7-4164-bd0e-10449726df1f,99b34d50-a760-4c27-b2ff-1bf9e6cbe779,2025-01-20,16816.08,438293.84,expense,HDFC CC,Credit card bill
d442c352-8ad7-47df-9135-21b7849b5de3,88692a3e-9ecb-49b6-92f0-aa115ce81244,8ea78435-8cc7-4164-bd0e-10449726df1f,9824533c-e6eb-43ff-b2d1-9724f9f59c75,2025-01-22,17271.18,421022.66,expense,Maid,Maid salary
ae13a363-b4a6-461d-81f2-d9b7e7ec0dca,88692a3e-9ecb-49b6-92f0-aa115ce81244,8ea78435-8cc7-4164-bd0e-10449726df1f,352e3807-c4b8-4f2f-b4a0-11f0a676a889,2025-01-23,1861.48,419161.18,expense,Blinkit,Instant delivery
2dde07bb-ba90-45d6-bd59-4584f25adb09,88692a3e-9ecb-49b6-92f0-aa115ce81244,8ea78435-8cc7-4164-bd0e-10449726df1f,62bb0c22-62a3-42ba-a471-bae2976e7fe1,2025-01-24,15602.34,403558.84,expense,MCA,Filing fee
68872d1b-796e-4ec1-a879-7fc21b48180c,88692a3e-9ecb-49b6-92f0-aa115ce81244,8ea78435-8cc7-4164-bd0e-10449726df1f,2240f66e-6ba1-4bb3-9578-9f6dd6e71363,2025-01-27,1393.47,402165.37,expense,ACT Fibernet,Internet payment
046e6795-022c-46e8-b76c-87b6e8698036,88692a3e-9ecb-49b6-92f0-aa115ce81244,8ea78435-8cc7-4164-bd0e-10449726df1f,49b46c39-e438-4284-95c0-8dd9c25bbe33,2025-01-28,143.74,402021.63,expense,Swiggy,Food order
915ea1fd-aa49-4cad-aeab-7c64797de3f2,88692a3e-9ecb-49b6-92f0-aa115ce81244,8ea78435-8cc7-4164-bd0e-10449726df1f,352e3807-c4b8-4f2f-b4a0-11f0a676a889,2025-01-29,125.75,401895.88,expense,BigBasket,Weekly grocery order
26db5797-2b75-432a-85f3-b701bc8cb071,88692a3e-9ecb-49b6-92f0-aa115ce81244,8ea78435-8cc7-4164-bd0e-10449726df1f,4e6141b4-8b08-4a48-92e3-00a3aed708d1,2025-01-31,28102.94,373792.94,expense,Adani Electricity,Electricity payment
eef7be57-ed3c-4492-9e4b-a197b9319f27,88692a3e-9ecb-49b6-92f0-aa115ce81244,8ea78435-8cc7-4164-bd0e-10449726df1f,4e6141b4-8b08-4a48-92e3-00a3aed708d1,2025-01-31,24266.5,349526.44,expense,BESCOM,Electricity bill
e9bf1eb2-2613-4a01-9c17-d71c198d7f74,88692a3e-9ecb-49b6-92f0-aa115ce81244,8ea78435-8cc7-4164-bd0e-10449726df1f,0d3983fc-2dc6-40e8-898b-3e446f9ffcb2,2025-02-01,26348.75,375875.19,income,Company,Salary transfer
93c38147-b0b1-4a45-a6f6-228ca12a5457,88692a3e-9ecb-49b6-92f0-aa115ce81244,8ea78435-8cc7-4164-bd0e-10449726df1f,773ee99e-f4ff-4162-87c7-19387a9ebb97,2025-02-02,500.48,375374.71,expense,Haldiram's,Lunch
9d8376fb-eff3-4638-88b5-cd956d0cb01f,88692a3e-9ecb-49b6-92f0-aa115ce81244,8ea78435-8cc7-4164-bd0e-10449726df1f,a9ffe6eb-4506-488f-8aae-77f81d637f71,2025-02-02,13550.59,361824.12,expense,Zara,Apparel
7b55c61b-b8ed-47ed-82e2-787b96583fad,88692a3e-9ecb-49b6-92f0-aa115ce81244,8ea78435-8cc7-4164-bd0e-10449726df1f,c1794d38-04bb-436c-a349-b7efa2949d59,2025-02-03,399.0,361425.12,expense,Jio Fiber,Monthly subscription
5534651d-4faa-4eb7-8333-b11c149f6180,88692a3e-9ecb-49b6-92f0-aa115ce81244,8ea78435-8cc7-4164-bd0e-10449726df1f,a0f82fa6-1252-4e6c-8a29-a1761d72d10c,2025-02-04,3181.35,358243.77,expense,IRCTC,Train ticket
97afaf25-7b35-402b-baa9-58640a006ce2,88692a3e-9ecb-49b6-92f0-aa115ce81244,8ea78435-8cc7-4164-bd0e-10449726df1f,aea49b50-348f-446b-9a35-c970ed3e3a8a,2025-02-04,4700.0,353543.77,expense,NoBroker,Monthly rent payment
4e21b5cc-752f-4766-b11f-c47d58b58d5f,88692a3e-9ecb-49b6-92f0-aa115ce81244,8ea78435-8cc7-4164-bd0e-10449726df1f,c1794d38-04bb-436c-a349-b7efa2949d59,2025-02-07,499.0,353044.77,expense,Airtel Broadband,Monthly subscription
aa834e44-82d3-4188-a40d-5074b01e6f73,88692a3e-9ecb-49b6-92f0-aa115ce81244,8ea78435-8cc7-4164-bd0e-10449726df1f,1936a4f4-2484-487e-9de0-bd4773f631e7,2025-02-07,296.87,352747.9,expense,BSNL,Mobile bill
5f2e709b-5de4-4495-a5f9-5650c956077a,88692a3e-9ecb-49b6-92f0-aa115ce81244,8ea78435-8cc7-4164-bd0e-10449726df1f,19a947a7-2996-47c2-bc43-72e18eabee1f,2025-02-08,1609.81,351138.09,expense,Post Office,PPF deposit
b7426d4c-07e6-40a3-931b-3267e25e1821,88692a3e-9ecb-49b6-92f0-aa115ce81244,8ea78435-8cc7-4164-bd0e-10449726df1f,c1794d38-04bb-436c-a349-b7efa2949d59,2025-02-08,99.0,351039.09,expense,Apple Music,Monthly subscription
e8f62a6c-954f-4c83-9259-8f23591423d2,88692a3e-9ecb-49b6-92f0-aa115ce81244,8ea78435-8cc7-4164-bd0e-10449726df1f,c1794d38-04bb-436c-a349-b7efa2949d59,2025-02-09,119.0,350920.09,expense,Spotify,Monthly subscription
f36deddd-f25b-41ba-835e-5438d3125548,88692a3e-9ecb-49b6-92f0-aa115ce81244,8ea78435-8cc7-4164-bd0e-10449726df1f,1936a4f4-2484-487e-9de0-bd4773f631e7,2025-02-09,555.2,350364.89,expense,Airtel,Postpaid bill
05d4b090-bd22-422d-a7b9-5c6b6e1f72c9,88692a3e-9ecb-49b6-92f0-aa115ce81244,8ea78435-8cc7-4164-bd0e-10449726df1f,ba7b532e-605d-4ad5-b9b6-3155499c93eb,2025-02-10,8095.88,342269.01,expense,SBI Life,Insurance payment
250b5084-820b-4877-80a0-2107510bc15b,88692a3e-9ecb-49b6-92f0-aa115ce81244,8ea78435-8cc7-4164-bd0e-10449726df1f,4e6141b4-8b08-4a48-92e3-00a3aed708d1,2025-02-12,1707.02,340561.99,expense,Adani Electricity,Electricity payment
71bf306c-6a56-4af9-b506-194305478b5b,88692a3e-9ecb-49b6-92f0-aa115ce81244,8ea78435-8cc7-4164-bd0e-10449726df1f,2240f66e-6ba1-4bb3-9578-9f6dd6e71363,2025-02-13,578.54,339983.45,expense,Airtel,Broadband bill
1262e85a-95d0-4b7b-a42d-87fc7fbceeee,88692a3e-9ecb-49b6-92f0-aa115ce81244,8ea78435-8cc7-4164-bd0e-10449726df1f,a0f82fa6-1252-4e6c-8a29-a1761d72d10c,2025-02-15,13583.11,326400.34,expense,IRCTC,Train ticket
2fc82260-2d44-4a24-a8cf-0a6e066caf87,88692a3e-9ecb-49b6-92f0-aa115ce81244,8ea78435-8cc7-4164-bd0e-10449726df1f,60d066bc-e9ed-4249-b6d9-4da0fa4b9b29,2025-02-17,5596.18,320804.16,expense,Insider.in,Cultural event
7a06758e-f58f-4a9a-8020-382dd2e409d0,88692a3e-9ecb-49b6-92f0-aa115ce81244,8ea78435-8cc7-4164-bd0e-10449726df1f,68662b1b-9e19-427c-8a6f-0dea71240479,2025-02-18,946.51,319857.65,expense,Google Play,App purchase
5b4fa548-2c53-4ab6-9e70-27ec7ccf8dbf,88692a3e-9ecb-49b6-92f0-aa115ce81244,8ea78435-8cc7-4164-bd0e-10449726df1f,352e3807-c4b8-4f2f-b4a0-11f0a676a889,2025-02-21,2005.1,317852.55,expense,JioMart,Online grocery order
66ea854a-ba07-4dcb-a80b-0573eb8b4533,88692a3e-9ecb-49b6-92f0-aa115ce81244,8ea78435-8cc7-4164-bd0e-10449726df1f,aea49b50-348f-446b-9a35-c970ed3e3a8a,2025-02-23,6746.18,311106.37,expense,NoBroker,Rent via NoBroker
7272709b-2fe1-4c41-9793-ca06fb3ae2b1,88692a3e-9ecb-49b6-92f0-aa115ce81244,8ea78435-8cc7-4164-bd0e-10449726df1f,482d3ee1-01c6-4f27-880c-5c2e86ff4326,2025-02-27,10211.21,300895.16,expense,Practo,Online consultation
926a92d6-d627-4278-b625-f14f7b923614,88692a3e-9ecb-49b6-92f0-aa115ce81244,8ea78435-8cc7-4164-bd0e-10449726df1f,0d3983fc-2dc6-40e8-898b-3e446f9ffcb2,2025-03-03,25902.54,326797.7,income,Payroll,Salary deposit
f11ecb41-8f46-4695-a13c-31af32c98c14,88692a3e-9ecb-49b6-92f0-aa115ce81244,8ea78435-8cc7-4164-bd0e-10449726df1f,c1794d38-04bb-436c-a349-b7efa2949d59,2025-03-03,399.0,326398.7,expense,Jio Fiber,Monthly subscription
0fc1a813-cd85-4f41-8431-8ed254953feb,88692a3e-9ecb-49b6-92f0-aa115ce81244,8ea78435-8cc7-4164-bd0e-10449726df1f,352e3807-c4b8-4f2f-b4a0-11f0a676a889,2025-03-04,714.78,325683.92,expense,BigBasket,Weekly grocery order
c70639f8-2fb8-4a60-a5c0-ada4ae759641,88692a3e-9ecb-49b6-92f0-aa115ce81244,8ea78435-8cc7-4164-bd0e-10449726df1f,c1794d38-04bb-436c-a349-b7efa2949d59,2025-03-04,499.0,325184.92,expense,Airtel Broadband,Monthly subscription
1b173851-0fb4-4b2b-b349-09cb6c2acca7,88692a3e-9ecb-49b6-92f0-aa115ce81244,8ea78435-8cc7-4164-bd0e-10449726df1f,aea49b50-348f-446b-9a35-c970ed3e3a8a,2025-03-06,4700.0,320484.92,expense,Housing Society,Monthly rent payment
bc632566-5178-4d08-87fd-599688beecb1,88692a3e-9ecb-49b6-92f0-aa115ce81244,8ea78435-8cc7-4164-bd0e-10449726df1f,aea49b50-348f-446b-9a35-c970ed3e3a8a,2025-03-07,27125.45,293359.47,expense,Landlord,Monthly rent payment
3b748ab8-69a0-482e-854b-c5e6f4875954,88692a3e-9ecb-49b6-92f0-aa115ce81244,8ea78435-8cc7-4164-bd0e-10449726df1f,24e016a3-fafe-4519-8295-2f5f87ed7005,2025-03-09,852.24,292507.23,expense,The Beer Cafe,Drinks with friends
7f343808-1eda-4f15-a1e6-09f90bcb299c,88692a3e-9ecb-49b6-92f0-aa115ce81244,8ea78435-8cc7-4164-bd0e-10449726df1f,c1794d38-04bb-436c-a349-b7efa2949d59,2025-03-10,99.0,292408.23,expense,Apple Music,Monthly subscription
8f086107-c187-44c5-a477-2f901130b1a8,88692a3e-9ecb-49b6-92f0-aa115ce81244,8ea78435-8cc7-4164-bd0e-10449726df1f,248ccf02-2fad-4a57-8831-52e79f698e4c,2025-03-10,11784.83,280623.4,expense,BEST,Bus card recharge
a2f0d089-8668-49fe-b17b-fe98a76661b8,88692a3e-9ecb-49b6-92f0-aa115ce81244,8ea78435-8cc7-4164-bd0e-10449726df1f,c1794d38-04bb-436c-a349-b7efa2949d59,2025-03-10,119.0,280504.4,expense,Spotify,Monthly subscription
03fd34bc-e5c0-44b5-9ffe-8f004e168693,88692a3e-9ecb-49b6-92f0-aa115ce81244,8ea78435-8cc7-4164-bd0e-10449726df1f,52f50416-8d6b-4f79-aa1e-87189fe727cf,2025-03-11,5377.43,275126.97,expense,Forest Essentials,Skincare
41e78e9d-83cb-4612-a0c8-48ddad6cbb3c,88692a3e-9ecb-49b6-92f0-aa115ce81244,8ea78435-8cc7-4164-bd0e-10449726df1f,352e3807-c4b8-4f2f-b4a0-11f0a676a889,2025-03-11,478.85,274648.12,expense,DMart,Supermarket shopping
445fd977-99f2-42fe-aaca-2f53f95fa997,88692a3e-9ecb-49b6-92f0-aa115ce81244,8ea78435-8cc7-4164-bd0e-10449726df1f,1936a4f4-2484-487e-9de0-bd4773f631e7,2025-03-11,803.32,273844.8,expense,BSNL,Mobile bill
288d0f88-901a-4ea3-aec0-38f29aa50f03,88692a3e-9ecb-49b6-92f0-aa115ce81244,8ea78435-8cc7-4164-bd0e-10449726df1f,2240f66e-6ba1-4bb3-9578-9f6dd6e71363,2025-03-12,221.73,273623.07,expense,ACT Fibernet,Internet payment
f47ff228-0dea-432d-9886-2e04c8d486e2,88692a3e-9ecb-49b6-92f0-aa115ce81244,8ea78435-8cc7-4164-bd0e-10449726df1f,19a947a7-2996-47c2-bc43-72e18eabee1f,2025-03-12,1621.53,272001.54,expense,NPS,NPS contribution
18b42ccf-fe13-437e-83ce-d71845bed818,88692a3e-9ecb-49b6-92f0-aa115ce81244,8ea78435-8cc7-4164-bd0e-10449726df1f,f89d39f0-2919-467d-9eae-73947cd92572,2025-03-14,1581.79,270419.75,expense,Domino's,Pizza delivery
ce917892-d278-438f-b34d-dc365f4677e5,88692a3e-9ecb-49b6-92f0-aa115ce81244,8ea78435-8cc7-4164-bd0e-10449726df1f,4e6141b4-8b08-4a48-92e3-00a3aed708d1,2025-03-14,2744.83,267674.92,expense,BSES,Power bill
16c87b85-d058-49d5-9f1f-b66c1c4849c4,88692a3e-9ecb-49b6-92f0-aa115ce81244,8ea78435-8cc7-4164-bd0e-10449726df1f,f89d39f0-2919-467d-9eae-73947cd92572,2025-03-16,1448.08,266226.84,expense,Subway,Sandwich
c3ec366a-ea84-4b06-b522-e3e68d9bff4f,88692a3e-9ecb-49b6-92f0-aa115ce81244,8ea78435-8cc7-4164-bd0e-10449726df1f,85035d91-6985-446f-90d5-16e1b52a5e52,2025-03-16,8365.11,257861.73,expense,Airtel DTH,DTH payment
0d8325ef-1f71-4b35-88f6-eb95f427e8b8,88692a3e-9ecb-49b6-92f0-aa115ce81244,8ea78435-8cc7-4164-bd0e-10449726df1f,352e3807-c4b8-4f2f-b4a0-11f0a676a889,2025-03-20,111.13,257750.6,expense,JioMart,Online grocery order
e3e6b950-558e-4f75-b6f8-f645b5a30c05,88692a3e-9ecb-49b6-92f0-aa115ce81244,8ea78435-8cc7-4164-bd0e-10449726df1f,aea49b50-348f-446b-9a35-c970ed3e3a8a,2025-03-22,904.32,256846.28,expense,Housing Society,Rent payment
9344f387-0e68-464e-ae34-e8a62998bff4,88692a3e-9ecb-49b6-92f0-aa115ce81244,8ea78435-8cc7-4164-bd0e-10449726df1f,352e3807-c4b8-4f2f-b4a0-11f0a676a889,2025-03-26,100.79,256745.49,expense,Blinkit,Instant delivery
13915e46-99cc-4045-a3ba-59f4fc944159,88692a3e-9ecb-49b6-92f0-aa115ce81244,8ea78435-8cc7-4164-bd0e-10449726df1f,773ee99e-f4ff-4162-87c7-19387a9ebb97,2025-03-28,1046.99,255698.5,expense,Barbeque Nation,Dinner with family
bb86e606-0ae9-4ff4-a392-8518ed9f0e18,88692a3e-9ecb-49b6-92f0-aa115ce81244,8ea78435-8cc7-4164-bd0e-10449726df1f,aea49b50-348f-446b-9a35-c970ed3e3a8a,2025-04-01,4700.0,250998.5,expense,Housing Society,Monthly rent payment
e630d9ad-d964-42d3-8097-bb5c36088e65,88692a3e-9ecb-49b6-92f0-aa115ce81244,8ea78435-8cc7-4164-bd0e-10449726df1f,0d3983fc-2dc6-40e8-898b-3e446f9ffcb2,2025-04-01,26599.0,277597.5,income,Employer,Monthly salary credit
aee254fe-d6cf-4b8b-9b8a-ca02420757e4,88692a3e-9ecb-49b6-92f0-aa115ce81244,8ea78435-8cc7-4164-bd0e-10449726df1f,c1794d38-04bb-436c-a349-b7efa2949d59,2025-04-02,119.0,277478.5,expense,Spotify,Monthly subscription
31194496-78e8-4236-843e-d114ae4fbffe,88692a3e-9ecb-49b6-92f0-aa115ce81244,8ea78435-8cc7-4164-bd0e-10449726df1f,1936a4f4-2484-487e-9de0-bd4773f631e7,2025-04-03,624.72,276853.78,expense,Airtel,Postpaid bill
e74feed0-ff37-49bc-b965-cfd40c80ef7d,88692a3e-9ecb-49b6-92f0-aa115ce81244,8ea78435-8cc7-4164-bd0e-10449726df1f,c1794d38-04bb-436c-a349-b7efa2949d59,2025-04-03,499.0,276354.78,expense,Airtel Broadband,Monthly subscription
b566aab2-d540-48c3-b9e7-30110bc6d69e,88692a3e-9ecb-49b6-92f0-aa115ce81244,8ea78435-8cc7-4164-bd0e-10449726df1f,c1794d38-04bb-436c-a349-b7efa2949d59,2025-04-04,99.0,276255.78,expense,Apple Music,Monthly subscription
0e631d28-d4c7-4c11-ab72-0ccd1754b953,88692a3e-9ecb-49b6-92f0-aa115ce81244,8ea78435-8cc7-4164-bd0e-10449726df1f,4e6141b4-8b08-4a48-92e3-00a3aed708d1,2025-04-05,5373.4,270882.38,expense,Tata Power,Power bill
6bc0f475-f624-43da-ab06-5fbfa6048567,88692a3e-9ecb-49b6-92f0-aa115ce81244,8ea78435-8cc7-4164-bd0e-10449726df1f,1936a4f4-2484-487e-9de0-bd4773f631e7,2025-04-07,624.35,270258.03,expense,Vi,Phone bill
01fe8702-71e3-4f3b-bdca-cbc29f00c3dd,88692a3e-9ecb-49b6-92f0-aa115ce81244,8ea78435-8cc7-4164-bd0e-10449726df1f,2240f66e-6ba1-4bb3-9578-9f6dd6e71363,2025-04-08,22469.2,247788.83,expense,Airtel,Broadband bill
1b65f2d8-2b34-4cf2-8dcd-470d846d70d6,88692a3e-9ecb-49b6-92f0-aa115ce81244,8ea78435-8cc7-4164-bd0e-10449726df1f,c1794d38-04bb-436c-a349-b7efa2949d59,2025-04-08,399.0,247389.83,expense,Jio Fiber,Monthly subscription
9c112d8b-e9f1-4ca3-a4e2-25c3051d1717,88692a3e-9ecb-49b6-92f0-aa115ce81244,8ea78435-8cc7-4164-bd0e-10449726df1f,352e3807-c4b8-4f2f-b4a0-11f0a676a889,2025-04-09,935.45,246454.38,expense,JioMart,Online grocery order
dde8b336-8c18-4fb8-9b55-2a4120ab2a0a,88692a3e-9ecb-49b6-92f0-aa115ce81244,8ea78435-8cc7-4164-bd0e-10449726df1f,4e6141b4-8b08-4a48-92e3-00a3aed708d1,2025-04-09,1470.65,244983.73,expense,Adani Electricity,Electricity payment
49521924-32cd-4b59-b7d2-9992e245426e,88692a3e-9ecb-49b6-92f0-aa115ce81244,8ea78435-8cc7-4164-bd0e-10449726df1f,352e3807-c4b8-4f2f-b4a0-11f0a676a889,2025-04-11,804.38,244179.35,expense,Zepto,Quick grocery delivery
ced21d2e-b7e8-441c-b4a7-885e223661b6,88692a3e-9ecb-49b6-92f0-aa115ce81244,8ea78435-8cc7-4164-bd0e-10449726df1f,19a947a7-2996-47c2-bc43-72e18eabee1f,2025-04-11,1615.93,242563.42,expense,Post Office,PPF deposit
7532f344-afb1-4987-8d34-bfb5d058eea1,88692a3e-9ecb-49b6-92f0-aa115ce81244,8ea78435-8cc7-4164-bd0e-10449726df1f,2240f66e-6ba1-4bb3-9578-9f6dd6e71363,2025-04-13,246.77,242316.65,expense,Jio Fiber,Internet bill
2d0f0be5-b623-475f-98e6-5950ef138fd9,88692a3e-9ecb-49b6-92f0-aa115ce81244,8ea78435-8cc7-4164-bd0e-10449726df1f,773ee99e-f4ff-4162-87c7-19387a9ebb97,2025-04-15,2377.9,239938.75,expense,Mainland China,Anniversary dinner
9ab00551-5e52-4dac-ad70-e21c4d34a8dc,88692a3e-9ecb-49b6-92f0-aa115ce81244,8ea78435-8cc7-4164-bd0e-10449726df1f,298d4111-2247-4dba-92bb-dbb57d5980a2,2025-04-15,4457.24,235481.51,expense,Vahan Portal,Road tax payment
5502c6d1-4c7e-4c27-8f90-ef28fadd49f2,88692a3e-9ecb-49b6-92f0-aa115ce81244,8ea78435-8cc7-4164-bd0e-10449726df1f,2240f66e-6ba1-4bb3-9578-9f6dd6e71363,2025-04-16,25933.86,209547.65,expense,Airtel,Broadband bill
e89d8f57-770f-4eb6-a53d-33df61b6787c,88692a3e-9ecb-49b6-92f0-aa115ce81244,8ea78435-8cc7-4164-bd0e-10449726df1f,aea49b50-348f-446b-9a35-c970ed3e3a8a,2025-04-16,4928.11,204619.54,expense,Landlord,Monthly rent payment
46242663-4ad5-4ff5-a5ff-f3360f267b85,88692a3e-9ecb-49b6-92f0-aa115ce81244,8ea78435-8cc7-4164-bd0e-10449726df1f,197c9f3f-79b3-4a17-b0c4-57701d9daa96,2025-04-17,18118.95,186500.59,expense,Cult.fit,Gym membership
ad068601-13ef-4abc-a8da-35cad48c14cd,88692a3e-9ecb-49b6-92f0-aa115ce81244,8ea78435-8cc7-4164-bd0e-10449726df1f,e1b2d153-cb13-4270-a0d4-ce6ee99867fa,2025-04-20,21593.85,164906.74,expense,Cigarette Shop,Tobacco
44c6d3c7-1014-4bda-a363-f4c85b10cc03,88692a3e-9ecb-49b6-92f0-aa115ce81244,8ea78435-8cc7-4164-bd0e-10449726df1f,3e870dc4-9bcb-4d85-a0ed-817b2217e50b,2025-04-22,40868.59,124038.15,expense,Axis Bank,Loan repayment
987a346f-73fe-4f88-a691-105cab3fc6a7,88692a3e-9ecb-49b6-92f0-aa115ce81244,8ea78435-8cc7-4164-bd0e-10449726df1f,c7f7365c-5b40-4bbe-8a90-fd79b4fb99be,2025-04-23,2251.88,121786.27,expense,Housing Society,Maintenance charge
df390aec-5e40-4fee-9aa3-ccdb48952b65,88692a3e-9ecb-49b6-92f0-aa115ce81244,8ea78435-8cc7-4164-bd0e-10449726df1f,aea49b50-348f-446b-9a35-c970ed3e3a8a,2025-04-25,1562.59,120223.68,expense,NoBroker,Rent via NoBroker
b992bb0f-c1de-4a2f-bf9b-58751301fdd6,88692a3e-9ecb-49b6-92f0-aa115ce81244,8ea78435-8cc7-4164-bd0e-10449726df1f,62f6b8d3-1048-4d35-8644-028a80420f06,2025-04-28,3467.93,116755.75,expense,Archies,Gift item
281d8521-48c3-47e2-9d77-63e484c2641d,bc988342-1383-4a29-b7af-23d779e4f7ec,a0cda2f5-5cf7-4156-9785-fe191146f110,61afab8e-aacd-41f8-8e63-aed9c88790f3,2025-01-01,24675.65,1369348.52,expense,Mahindra Finance,Vehicle EMI
ac453d9d-0319-487b-b347-5bb3faf7699a,bc988342-1383-4a29-b7af-23d779e4f7ec,a0cda2f5-5cf7-4156-9785-fe191146f110,1936a4f4-2484-487e-9de0-bd4773f631e7,2025-01-05,635.8,1368712.72,expense,Airtel,Postpaid bill
2506d596-fcab-4a18-ac94-98fdee1be168,bc988342-1383-4a29-b7af-23d779e4f7ec,a0cda2f5-5cf7-4156-9785-fe191146f110,c1794d38-04bb-436c-a349-b7efa2949d59,2025-01-09,499.0,1368213.72,expense,Airtel Broadband,Monthly subscription
819aeca9-8a73-46ad-8f3e-7134828bf9c2,bc988342-1383-4a29-b7af-23d779e4f7ec,a0cda2f5-5cf7-4156-9785-fe191146f110,52f50416-8d6b-4f79-aa1e-87189fe727cf,2025-01-10,14873.51,1353340.21,expense,Mamaearth,Skincare
03604470-4af8-40cd-880f-c8c0f43b190c,bc988342-1383-4a29-b7af-23d779e4f7ec,a0cda2f5-5cf7-4156-9785-fe191146f110,f9695d76-897b-4d1d-b699-30bdb8c3bd63,2025-01-11,28036.24,1325303.97,expense,Auto,Auto fare
b49aaeff-4d16-46f5-b109-b1d1d72d7e6b,bc988342-1383-4a29-b7af-23d779e4f7ec,a0cda2f5-5cf7-4156-9785-fe191146f110,afb11444-5eb7-49e4-adb0-6e90808b3f69,2025-01-11,109991.14,1215312.83,expense,Bank,ATM charges
64d7e0df-84a4-4a72-a123-124f3274c6d7,bc988342-1383-4a29-b7af-23d779e4f7ec,a0cda2f5-5cf7-4156-9785-fe191146f110,a148be30-71e8-4132-be5e-4a91a2095699,2025-01-13,9233.6,1206079.23,expense,Local Shop,Gift
9a4cf700-ebcc-416c-8ff2-c32e66cb630c,bc988342-1383-4a29-b7af-23d779e4f7ec,a0cda2f5-5cf7-4156-9785-fe191146f110,43dc3332-707c-42c3-b0d9-0f067489a82d,2025-01-13,6770.91,1199308.32,expense,HP Petrol,Diesel refill
156e318e-5627-49f7-b5e9-167b663b2b15,bc988342-1383-4a29-b7af-23d779e4f7ec,a0cda2f5-5cf7-4156-9785-fe191146f110,62bb0c22-62a3-42ba-a471-bae2976e7fe1,2025-01-16,27788.42,1171519.9,expense,GST Portal,GST payment
600064e1-f9a3-4f55-9fa3-09c1123eacbb,bc988342-1383-4a29-b7af-23d779e4f7ec,a0cda2f5-5cf7-4156-9785-fe191146f110,3d010285-23fe-4f66-9e98-091ac1adb6a3,2025-01-16,3088.25,1168431.65,expense,Airbnb,Vacation stay
7698a77e-9e1e-4503-9eef-2089c72ecec4,bc988342-1383-4a29-b7af-23d779e4f7ec,a0cda2f5-5cf7-4156-9785-fe191146f110,ba7b532e-605d-4ad5-b9b6-3155499c93eb,2025-01-17,116143.39,1052288.26,expense,HDFC Life,Term plan premium
74bec208-4232-49bb-881c-42ab0a78e87c,bc988342-1383-4a29-b7af-23d779e4f7ec,a0cda2f5-5cf7-4156-9785-fe191146f110,24e016a3-fafe-4519-8295-2f5f87ed7005,2025-01-18,1197.14,1051091.12,expense,Third Wave Coffee,Evening coffee
1863b3d5-8152-46ac-a3d5-fae9d5825c1b,bc988342-1383-4a29-b7af-23d779e4f7ec,a0cda2f5-5cf7-4156-9785-fe191146f110,e449546b-a5d2-425f-9873-40aac234c33e,2025-01-19,22195.0,1028896.12,expense,Amusement Park,Entry tickets
edee1213-e64e-461c-b315-9a446faa3972,bc988342-1383-4a29-b7af-23d779e4f7ec,a0cda2f5-5cf7-4156-9785-fe191146f110,49b46c39-e438-4284-95c0-8dd9c25bbe33,2025-01-19,4636.26,1024259.86,expense,Local Eatery,Food purchase
519aafcb-3175-4d36-be89-b70935df2dc4,bc988342-1383-4a29-b7af-23d779e4f7ec,a0cda2f5-5cf7-4156-9785-fe191146f110,24e016a3-fafe-4519-8295-2f5f87ed7005,2025-01-20,2821.03,1021438.83,expense,Toit Brewpub,Craft beer
8f55f957-3869-4e7f-b6fd-a8cc53151b97,bc988342-1383-4a29-b7af-23d779e4f7ec,a0cda2f5-5cf7-4156-9785-fe191146f110,c1794d38-04bb-436c-a349-b7efa2949d59,2025-01-20,35834.69,985604.14,expense,Apple Music,Music plan
eee0b8b5-4f38-44a8-aa58-b80f33d9b171,bc988342-1383-4a29-b7af-23d779e4f7ec,a0cda2f5-5cf7-4156-9785-fe191146f110,94943a15-5000-4909-864f-c229ccc559c2,2025-01-21,18981.4,966622.74,expense,IKEA,Home furnishing
15a1312d-0ac3-41a3-9826-f24345a94092,bc988342-1383-4a29-b7af-23d779e4f7ec,a0cda2f5-5cf7-4156-9785-fe191146f110,a9ffe6eb-4506-488f-8aae-77f81d637f71,2025-01-27,9178.9,957443.84,expense,H&M,Fashion purchase
6f9864d8-7113-48e6-aeaf-68113ef3e683,bc988342-1383-4a29-b7af-23d779e4f7ec,a0cda2f5-5cf7-4156-9785-fe191146f110,99b34d50-a760-4c27-b2ff-1bf9e6cbe779,2025-01-28,49836.31,907607.53,expense,HDFC CC,Credit card bill
8ef72944-7a14-49c7-9f96-baad2493639c,bc988342-1383-4a29-b7af-23d779e4f7ec,a0cda2f5-5cf7-4156-9785-fe191146f110,248ccf02-2fad-4a57-8831-52e79f698e4c,2025-01-30,20400.33,887207.2,expense,KSRTC,Bus ticket
0997e57b-b670-41a2-84c4-575b993051df,bc988342-1383-4a29-b7af-23d779e4f7ec,a0cda2f5-5cf7-4156-9785-fe191146f110,1936a4f4-2484-487e-9de0-bd4773f631e7,2025-02-04,1752.7,885454.5,expense,Airtel,Postpaid bill
3afa8eba-5672-41a0-a1d8-e6f239861fef,bc988342-1383-4a29-b7af-23d779e4f7ec,a0cda2f5-5cf7-4156-9785-fe191146f110,61655f71-e388-4300-a414-ec44adc7ee3b,2025-02-08,22863.16,862591.34,expense,Catering,Event catering
e0c7db60-eb51-4bed-8a51-c1dbb7a04f44,bc988342-1383-4a29-b7af-23d779e4f7ec,a0cda2f5-5cf7-4156-9785-fe191146f110,1936a4f4-2484-487e-9de0-bd4773f631e7,2025-02-08,445.06,862146.28,expense,Jio,Mobile recharge
2d351a50-a757-44a0-8593-9acd5e951e67,bc988342-1383-4a29-b7af-23d779e4f7ec,a0cda2f5-5cf7-4156-9785-fe191146f110,245a1bba-ff69-4f13-bb3d-7fff3c2b30be,2025-02-12,30666.93,831479.35,expense,Mall Parking,Parking charges
8517f1dd-b751-43aa-8d78-c638fe288bf0,bc988342-1383-4a29-b7af-23d779e4f7ec,a0cda2f5-5cf7-4156-9785-fe191146f110,f89d39f0-2919-467d-9eae-73947cd92572,2025-02-13,4497.94,826981.41,expense,Pizza Hut,Pizza order
b8473d96-b44d-4be7-aebd-7f58fda9a727,bc988342-1383-4a29-b7af-23d779e4f7ec,a0cda2f5-5cf7-4156-9785-fe191146f110,62bb0c22-62a3-42ba-a471-bae2976e7fe1,2025-02-13,16081.86,810899.55,expense,GST Portal,GST payment
0db5487b-bd76-4f67-be9a-587cf1b6fa18,bc988342-1383-4a29-b7af-23d779e4f7ec,a0cda2f5-5cf7-4156-9785-fe191146f110,06112ebb-b73c-40a0-aaba-87c783f69c60,2025-02-18,11996.15,798903.4,expense,Amazon,Hobby supplies
b5e5b50e-01f4-4b7d-acd6-2aafa56b6a3c,bc988342-1383-4a29-b7af-23d779e4f7ec,a0cda2f5-5cf7-4156-9785-fe191146f110,1936a4f4-2484-487e-9de0-bd4773f631e7,2025-02-19,1255.48,797647.92,expense,Airtel,Postpaid bill
1d10ec75-d044-42df-94c6-7f687f895061,bc988342-1383-4a29-b7af-23d779e4f7ec,a0cda2f5-5cf7-4156-9785-fe191146f110,948ffb81-b520-4b5d-99fe-0e30b14ff505,2025-02-22,32454.61,765193.31,expense,Kindle,eBook
4b6a6fee-34c7-4387-b3a4-086785a3283c,bc988342-1383-4a29-b7af-23d779e4f7ec,a0cda2f5-5cf7-4156-9785-fe191146f110,ee7c44a4-b997-4955-8565-e0095cc9a643,2025-02-26,3796.1,761397.21,expense,Uber,Client visit cab
9a7e94ff-c325-4a92-bd69-1a80018b32d7,bc988342-1383-4a29-b7af-23d779e4f7ec,a0cda2f5-5cf7-4156-9785-fe191146f110,352e3807-c4b8-4f2f-b4a0-11f0a676a889,2025-02-28,3015.13,758382.08,expense,BigBasket,Weekly grocery order
7ce2ec2d-8bf4-40d7-b7d4-84779fb7b201,bc988342-1383-4a29-b7af-23d779e4f7ec,a0cda2f5-5cf7-4156-9785-fe191146f110,ba0f6da6-4496-4265-b6e2-c69a3d91b7c4,2025-03-02,25241.86,733140.22,expense,New India Assurance,Car insurance renewal
55afb138-da1b-49c0-aa4b-1169a575d28e,bc988342-1383-4a29-b7af-23d779e4f7ec,a0cda2f5-5cf7-4156-9785-fe191146f110,43dc3332-707c-42c3-b0d9-0f067489a82d,2025-03-03,2531.55,730608.67,expense,Indian Oil,Fuel top-up
39bcb790-f1bb-4f42-a6fc-2598f2e20242,bc988342-1383-4a29-b7af-23d779e4f7ec,a0cda2f5-5cf7-4156-9785-fe191146f110,c1794d38-04bb-436c-a349-b7efa2949d59,2025-03-04,299.0,730309.67,expense,Amazon Prime,Monthly subscription
f66eaf52-7f2e-48ac-aa3e-8b8fb1565c93,bc988342-1383-4a29-b7af-23d779e4f7ec,a0cda2f5-5cf7-4156-9785-fe191146f110,a0f82fa6-1252-4e6c-8a29-a1761d72d10c,2025-03-06,24019.1,706290.57,expense,IRCTC,Train ticket
004ce383-f121-4ce6-bd69-720fac9f0356,bc988342-1383-4a29-b7af-23d779e4f7ec,a0cda2f5-5cf7-4156-9785-fe191146f110,62f6b8d3-1048-4d35-8644-028a80420f06,2025-03-08,326.93,705963.64,expense,FNP Flowers,Flowers and gift
04bb28be-853d-46f0-8df3-63710374a341,bc988342-1383-4a29-b7af-23d779e4f7ec,a0cda2f5-5cf7-4156-9785-fe191146f110,f89d39f0-2919-467d-9eae-73947cd92572,2025-03-09,2969.85,702993.79,expense,KFC,Fast food
31af5baa-9804-49a7-bbde-3a1c37b524d8,bc988342-1383-4a29-b7af-23d779e4f7ec,a0cda2f5-5cf7-4156-9785-fe191146f110,352e3807-c4b8-4f2f-b4a0-11f0a676a889,2025-03-09,2377.34,700616.45,expense,JioMart,Online grocery order
63f778fd-437f-4aaf-a5d3-b1eb4d8e5273,bc988342-1383-4a29-b7af-23d779e4f7ec,a0cda2f5-5cf7-4156-9785-fe191146f110,352e3807-c4b8-4f2f-b4a0-11f0a676a889,2025-03-09,3034.46,697581.99,expense,Reliance Fresh,Fresh produce & vegetables
81f558e1-6807-4a14-9f49-fda7bafcea66,bc988342-1383-4a29-b7af-23d779e4f7ec,a0cda2f5-5cf7-4156-9785-fe191146f110,773ee99e-f4ff-4162-87c7-19387a9ebb97,2025-03-09,5075.44,692506.55,expense,Local Restaurant,Quick lunch
a3dac91d-b103-4082-b581-837202ade419,bc988342-1383-4a29-b7af-23d779e4f7ec,a0cda2f5-5cf7-4156-9785-fe191146f110,96425e71-00ab-44ec-b7a5-b7bc7c419b3c,2025-03-10,64821.49,627685.06,expense,LIC HFL,Mortgage payment
c4accac0-1835-4695-b61d-1f5fdb10d13d,bc988342-1383-4a29-b7af-23d779e4f7ec,a0cda2f5-5cf7-4156-9785-fe191146f110,773ee99e-f4ff-4162-87c7-19387a9ebb97,2025-03-14,5224.64,622460.42,expense,Mainland China,Anniversary dinner
6a5e7ec7-be28-43ec-8bf5-697daf500911,bc988342-1383-4a29-b7af-23d779e4f7ec,a0cda2f5-5cf7-4156-9785-fe191146f110,f9695d76-897b-4d1d-b699-30bdb8c3bd63,2025-03-16,25702.74,596757.68,expense,Ola,Cab ride
712bc44e-be36-440c-8444-6904675c9f6e,bc988342-1383-4a29-b7af-23d779e4f7ec,a0cda2f5-5cf7-4156-9785-fe191146f110,baf0d272-8682-41c0-acfb-c78f1f2cd9a1,2025-03-17,11058.35,585699.33,expense,Croma,Electronics purchase
be0f10c8-c7bf-4db6-818f-aa7b27be0501,bc988342-1383-4a29-b7af-23d779e4f7ec,a0cda2f5-5cf7-4156-9785-fe191146f110,aea49b50-348f-446b-9a35-c970ed3e3a8a,2025-03-18,24358.55,561340.78,expense,NoBroker,Rent via NoBroker
b1f3d754-40c6-470c-9316-1f0214b0fe7e,bc988342-1383-4a29-b7af-23d779e4f7ec,a0cda2f5-5cf7-4156-9785-fe191146f110,02b93640-5ea9-4023-9ca5-12aaa253ea5b,2025-03-21,2643.32,558697.46,expense,BSNL Broadband,Internet bill
eb048b8d-0154-4df9-b679-846733e12dd5,bc988342-1383-4a29-b7af-23d779e4f7ec,a0cda2f5-5cf7-4156-9785-fe191146f110,67f170d4-68ec-4828-8164-1ab3ae9440e0,2025-03-21,4187.03,554510.43,expense,Amazon,Hobby supplies
be85b9a3-1427-425c-9fba-8f293f1bc9e0,bc988342-1383-4a29-b7af-23d779e4f7ec,a0cda2f5-5cf7-4156-9785-fe191146f110,aea49b50-348f-446b-9a35-c970ed3e3a8a,2025-03-22,55300.04,499210.39,expense,Housing Society,Rent payment
e962963c-ab4f-4232-a8ab-2e29b4e540d7,bc988342-1383-4a29-b7af-23d779e4f7ec,a0cda2f5-5cf7-4156-9785-fe191146f110,352e3807-c4b8-4f2f-b4a0-11f0a676a889,2025-03-23,2933.02,496277.37,expense,Blinkit,Instant delivery
ef21b8c9-2615-4ae2-87f7-38e30edfdb9e,bc988342-1383-4a29-b7af-23d779e4f7ec,a0cda2f5-5cf7-4156-9785-fe191146f110,352e3807-c4b8-4f2f-b4a0-11f0a676a889,2025-03-23,896.67,495380.7,expense,JioMart,Online grocery order
04ae7b14-21b6-45b7-a027-0d6fdf69f45d,bc988342-1383-4a29-b7af-23d779e4f7ec,a0cda2f5-5cf7-4156-9785-fe191146f110,43dc3332-707c-42c3-b0d9-0f067489a82d,2025-03-27,34887.9,460492.8,expense,HPCL,Petrol pump
5456d791-9c8b-446c-a4e9-757f6c1432cf,bc988342-1383-4a29-b7af-23d779e4f7ec,a0cda2f5-5cf7-4156-9785-fe191146f110,85035d91-6985-446f-90d5-16e1b52a5e52,2025-03-27,36152.33,424340.47,expense,Dish TV,DTH subscription
0915b190-bb6b-4c69-aa5d-c18a581bbd90,bc988342-1383-4a29-b7af-23d779e4f7ec,a0cda2f5-5cf7-4156-9785-fe191146f110,a9ffe6eb-4506-488f-8aae-77f81d637f71,2025-03-28,10560.27,413780.2,expense,FabIndia,Ethnic wear
12bbcd4c-291b-4c86-8988-99d53e2b12b3,bc988342-1383-4a29-b7af-23d779e4f7ec,a0cda2f5-5cf7-4156-9785-fe191146f110,ee7c44a4-b997-4955-8565-e0095cc9a643,2025-03-30,8602.78,405177.42,expense,Uber,Client visit cab
74214567-f847-492c-9f6a-671fe3370061,bc988342-1383-4a29-b7af-23d779e4f7ec,a0cda2f5-5cf7-4156-9785-fe191146f110,773ee99e-f4ff-4162-87c7-19387a9ebb97,2025-03-30,2292.12,402885.3,expense,Mainland China,Anniversary dinner
c695e76f-3e93-443e-b1e1-1d382404178b,bc988342-1383-4a29-b7af-23d779e4f7ec,a0cda2f5-5cf7-4156-9785-fe191146f110,197c9f3f-79b3-4a17-b0c4-57701d9daa96,2025-04-03,5222.97,397662.33,expense,Cult.fit,Gym membership
5bee653b-187f-410e-979b-df2ade70e30d,bc988342-1383-4a29-b7af-23d779e4f7ec,a0cda2f5-5cf7-4156-9785-fe191146f110,a148be30-71e8-4132-be5e-4a91a2095699,2025-04-05,36940.52,360721.81,expense,Local Shop,Gift
bcbb1a51-6a91-4a23-b7cc-001f9e75f478,bc988342-1383-4a29-b7af-23d779e4f7ec,a0cda2f5-5cf7-4156-9785-fe191146f110,43dc3332-707c-42c3-b0d9-0f067489a82d,2025-04-09,23962.36,336759.45,expense,HP Petrol,Diesel refill
23a65c13-a441-4b7b-bb7d-79a6173cf69d,bc988342-1383-4a29-b7af-23d779e4f7ec,a0cda2f5-5cf7-4156-9785-fe191146f110,1936a4f4-2484-487e-9de0-bd4773f631e7,2025-04-11,666.69,336092.76,expense,Vi,Phone bill
d304a2f8-e963-4813-96df-b5bb7b4cb763,bc988342-1383-4a29-b7af-23d779e4f7ec,a0cda2f5-5cf7-4156-9785-fe191146f110,4e6141b4-8b08-4a48-92e3-00a3aed708d1,2025-04-12,1802.77,334289.99,expense,BESCOM,Electricity bill
f2c645ff-20f7-419c-b9bb-f2f5c00eed91,bc988342-1383-4a29-b7af-23d779e4f7ec,a0cda2f5-5cf7-4156-9785-fe191146f110,aea49b50-348f-446b-9a35-c970ed3e3a8a,2025-04-14,6546.83,327743.16,expense,Housing Society,Rent payment
8424dcab-049f-4c1a-b304-bc32c6dd384c,bc988342-1383-4a29-b7af-23d779e4f7ec,a0cda2f5-5cf7-4156-9785-fe191146f110,2240f66e-6ba1-4bb3-9578-9f6dd6e71363,2025-04-15,32364.34,295378.82,expense,BWSSB,Water bill
9a38f9ff-c457-41a9-b3d2-403b1c3267f2,bc988342-1383-4a29-b7af-23d779e4f7ec,a0cda2f5-5cf7-4156-9785-fe191146f110,2240f66e-6ba1-4bb3-9578-9f6dd6e71363,2025-04-16,876.54,294502.28,expense,Airtel,Broadband bill
b1c44029-1236-439f-8bda-06686cc2e958,bc988342-1383-4a29-b7af-23d779e4f7ec,a0cda2f5-5cf7-4156-9785-fe191146f110,02b93640-5ea9-4023-9ca5-12aaa253ea5b,2025-04-16,3085.95,291416.33,expense,ACT Fibernet,Internet payment
3eeebda9-4e05-46dd-9e4c-18e91169e33c,bc988342-1383-4a29-b7af-23d779e4f7ec,a0cda2f5-5cf7-4156-9785-fe191146f110,9b12be40-523e-43ac-b1e0-56b200b39928,2025-04-17,56078.13,235338.2,expense,HDFC ERGO,Home insurance
b85a342d-143e-47df-89a1-750091a2910b,bc988342-1383-4a29-b7af-23d779e4f7ec,a0cda2f5-5cf7-4156-9785-fe191146f110,3a69e27b-2712-47a5-a445-c5d7a978f8c9,2025-04-17,20991.09,214347.11,expense,Crossword,Books and stationery
1cde9baf-c19d-4703-8880-d97d59b63281,bc988342-1383-4a29-b7af-23d779e4f7ec,a0cda2f5-5cf7-4156-9785-fe191146f110,8020f28e-d18c-4677-a747-5497f031a5d2,2025-04-18,35773.18,178573.93,expense,Salon,Hair cut and styling
25b0192d-1d0f-4b3d-b8fc-9457448bee05,bc988342-1383-4a29-b7af-23d779e4f7ec,a0cda2f5-5cf7-4156-9785-fe191146f110,3d010285-23fe-4f66-9e98-091ac1adb6a3,2025-04-19,31573.48,147000.45,expense,Booking.com,Hotel reservation
597d1ad7-2a7d-443b-84ac-f26c08063bfe,bc988342-1383-4a29-b7af-23d779e4f7ec,a0cda2f5-5cf7-4156-9785-fe191146f110,197c9f3f-79b3-4a17-b0c4-57701d9daa96,2025-04-20,21814.78,125185.67,expense,Anytime Fitness,Gym membership
813ac2f7-0329-4677-94ae-d015b424c641,bc988342-1383-4a29-b7af-23d779e4f7ec,a0cda2f5-5cf7-4156-9785-fe191146f110,c1794d38-04bb-436c-a349-b7efa2949d59,2025-04-20,16425.35,108760.32,expense,YouTube Premium,Premium plan
e8b88f8d-a3d0-44dd-b367-f6eece5b853e,bc988342-1383-4a29-b7af-23d779e4f7ec,a0cda2f5-5cf7-4156-9785-fe191146f110,7b4b3f22-72da-46c4-913d-6c0f0486886f,2025-04-21,12304.86,96455.46,expense,1mg,Healthcare products
7d19f468-a889-4efe-a52a-367808dcbcaa,bc988342-1383-4a29-b7af-23d779e4f7ec,a0cda2f5-5cf7-4156-9785-fe191146f110,f89d39f0-2919-467d-9eae-73947cd92572,2025-04-22,2965.58,93489.88,expense,Subway,Sandwich
f358dde9-5a38-4921-9ef5-2dd7bcdaaff1,bc988342-1383-4a29-b7af-23d779e4f7ec,a0cda2f5-5cf7-4156-9785-fe191146f110,f89d39f0-2919-467d-9eae-73947cd92572,2025-04-24,3212.77,90277.11,expense,Domino's,Pizza delivery
5bc2ccbf-068c-4d37-aa4f-baef9ae5e77e,bc988342-1383-4a29-b7af-23d779e4f7ec,a0cda2f5-5cf7-4156-9785-fe191146f110,24e016a3-fafe-4519-8295-2f5f87ed7005,2025-04-25,1651.55,88625.56,expense,Blue Tokai,Specialty coffee
0be1440c-04f2-48ba-a7a5-71e004da0b76,bc988342-1383-4a29-b7af-23d779e4f7ec,a0cda2f5-5cf7-4156-9785-fe191146f110,59617cc5-9fa4-4d85-9493-ae0690ce3405,2025-04-28,18647.93,69977.63,expense,Local Garage,Repair work
3c287b9d-0c60-49f5-a726-9a10165eab4c,bc988342-1383-4a29-b7af-23d779e4f7ec,a0cda2f5-5cf7-4156-9785-fe191146f110,9b12be40-523e-43ac-b1e0-56b200b39928,2025-04-28,47423.42,22554.21,expense,ICICI Lombard,Property insurance premium
6714cd5f-6cca-460e-a482-a7c0315d2eac,fa1aa036-57fe-468f-a774-776251cf3890,a27774ea-8c6b-43e2-83b0-124d67acf6e0,1936a4f4-2484-487e-9de0-bd4773f631e7,2025-01-03,309.59,123940.93,expense,Vi,Phone bill
d6866a9d-2b56-4896-b459-637f23098031,fa1aa036-57fe-468f-a774-776251cf3890,a27774ea-8c6b-43e2-83b0-124d67acf6e0,f89d39f0-2919-467d-9eae-73947cd92572,2025-01-06,1059.26,122881.67,expense,McDonald's,Quick meal
33132ac7-2d3f-4bec-bfe3-fe8543891756,fa1aa036-57fe-468f-a774-776251cf3890,a27774ea-8c6b-43e2-83b0-124d67acf6e0,19a947a7-2996-47c2-bc43-72e18eabee1f,2025-01-09,1691.89,121189.78,expense,NPS,NPS contribution
859d44e8-81aa-4091-a2c1-396c2def2564,fa1aa036-57fe-468f-a774-776251cf3890,a27774ea-8c6b-43e2-83b0-124d67acf6e0,4e6141b4-8b08-4a48-92e3-00a3aed708d1,2025-01-10,1854.36,119335.42,expense,Adani Electricity,Electricity payment
9cfd592c-3c5c-4e79-9716-feb190793142,fa1aa036-57fe-468f-a774-776251cf3890,a27774ea-8c6b-43e2-83b0-124d67acf6e0,abe7e3b4-e94a-47f4-bb4c-ee2b5dfb1afb,2025-01-11,1713.07,117622.35,expense,HDFC MF,SIP debit
71fc34da-168f-4556-a750-ab0139a15d02,fa1aa036-57fe-468f-a774-776251cf3890,a27774ea-8c6b-43e2-83b0-124d67acf6e0,2240f66e-6ba1-4bb3-9578-9f6dd6e71363,2025-01-12,769.18,116853.17,expense,ACT Fibernet,Internet payment
520d584a-ccc0-4b8d-859a-2089119ac829,fa1aa036-57fe-468f-a774-776251cf3890,a27774ea-8c6b-43e2-83b0-124d67acf6e0,02b93640-5ea9-4023-9ca5-12aaa253ea5b,2025-01-22,1856.37,114996.8,expense,Airtel,Internet bill
954953e2-d715-4ad5-a540-35537e15e055,fa1aa036-57fe-468f-a774-776251cf3890,a27774ea-8c6b-43e2-83b0-124d67acf6e0,352e3807-c4b8-4f2f-b4a0-11f0a676a889,2025-01-23,1115.04,113881.76,expense,Zepto,Quick grocery delivery
fb8f577f-5626-4696-a663-251b316ac80d,fa1aa036-57fe-468f-a774-776251cf3890,a27774ea-8c6b-43e2-83b0-124d67acf6e0,352e3807-c4b8-4f2f-b4a0-11f0a676a889,2025-01-29,698.37,113183.39,expense,DMart,Supermarket shopping
ec029fa5-cb40-45d9-ba69-3aac6fadac75,fa1aa036-57fe-468f-a774-776251cf3890,a27774ea-8c6b-43e2-83b0-124d67acf6e0,0d3983fc-2dc6-40e8-898b-3e446f9ffcb2,2025-02-01,37760.03,150943.42,income,Payroll,Salary deposit
ed5eafd9-f713-4655-ab07-194813f158e0,fa1aa036-57fe-468f-a774-776251cf3890,a27774ea-8c6b-43e2-83b0-124d67acf6e0,f9695d76-897b-4d1d-b699-30bdb8c3bd63,2025-02-02,2837.47,148105.95,expense,Auto,Auto fare
b997f6d3-c61f-4f82-ad67-0ffe3b910b83,fa1aa036-57fe-468f-a774-776251cf3890,a27774ea-8c6b-43e2-83b0-124d67acf6e0,1936a4f4-2484-487e-9de0-bd4773f631e7,2025-02-05,460.61,147645.34,expense,Vi,Phone bill
c5b3a981-ad1a-4daa-a080-408a2424b179,fa1aa036-57fe-468f-a774-776251cf3890,a27774ea-8c6b-43e2-83b0-124d67acf6e0,ba7b532e-605d-4ad5-b9b6-3155499c93eb,2025-02-07,5846.69,141798.65,expense,ICICI Prudential,Policy premium
60873bfa-4e1d-46f1-9236-3adfc4896108,fa1aa036-57fe-468f-a774-776251cf3890,a27774ea-8c6b-43e2-83b0-124d67acf6e0,24e016a3-fafe-4519-8295-2f5f87ed7005,2025-02-09,213.23,141585.42,expense,Third Wave Coffee,Evening coffee
83014b33-ee92-4a3e-85c8-eb1c7d3ffd0d,fa1aa036-57fe-468f-a774-776251cf3890,a27774ea-8c6b-43e2-83b0-124d67acf6e0,19a947a7-2996-47c2-bc43-72e18eabee1f,2025-02-09,1701.75,139883.67,expense,SBI,FD creation
0c0b65b8-2338-4356-b307-95871553ca44,fa1aa036-57fe-468f-a774-776251cf3890,a27774ea-8c6b-43e2-83b0-124d67acf6e0,c1794d38-04bb-436c-a349-b7efa2949d59,2025-02-10,99.0,139784.67,expense,Apple Music,Monthly subscription
7798d443-b117-4f00-8354-5f9d58b560c2,fa1aa036-57fe-468f-a774-776251cf3890,a27774ea-8c6b-43e2-83b0-124d67acf6e0,abe7e3b4-e94a-47f4-bb4c-ee2b5dfb1afb,2025-02-10,1748.87,138035.8,expense,Upstox,Equity buy
997107d9-6b92-4b9b-82a0-a8ab955a5e3c,fa1aa036-57fe-468f-a774-776251cf3890,a27774ea-8c6b-43e2-83b0-124d67acf6e0,f89d39f0-2919-467d-9eae-73947cd92572,2025-02-10,707.63,137328.17,expense,KFC,Fast food
b86b5a4c-1781-4a7d-9478-d5fe929a207f,fa1aa036-57fe-468f-a774-776251cf3890,a27774ea-8c6b-43e2-83b0-124d67acf6e0,02b93640-5ea9-4023-9ca5-12aaa253ea5b,2025-02-10,666.41,136661.76,expense,BSNL Broadband,Internet bill
83c42ce0-d294-4529-9364-8ca322e9416d,fa1aa036-57fe-468f-a774-776251cf3890,a27774ea-8c6b-43e2-83b0-124d67acf6e0,4e6141b4-8b08-4a48-92e3-00a3aed708d1,2025-02-12,1447.1,135214.66,expense,BSES,Power bill
fa7ec636-67f6-4e10-b1b7-0c6bd616505e,fa1aa036-57fe-468f-a774-776251cf3890,a27774ea-8c6b-43e2-83b0-124d67acf6e0,61afab8e-aacd-41f8-8e63-aed9c88790f3,2025-02-12,686.87,134527.79,expense,SBI Bank,Vehicle loan instalment
41447713-6f83-4ce7-8e24-ac0cda4e1d18,fa1aa036-57fe-468f-a774-776251cf3890,a27774ea-8c6b-43e2-83b0-124d67acf6e0,49b46c39-e438-4284-95c0-8dd9c25bbe33,2025-02-14,1192.8,133334.99,expense,Local Eatery,Food purchase
8c9ce257-b948-4d96-9ae5-ce9eb21e9502,fa1aa036-57fe-468f-a774-776251cf3890,a27774ea-8c6b-43e2-83b0-124d67acf6e0,76b12465-5eec-4e07-98cb-43137e404dcd,2025-02-14,5959.51,127375.48,expense,Coursera,Course subscription
952bc72e-7a83-46da-8fb0-e51ed7985401,fa1aa036-57fe-468f-a774-776251cf3890,a27774ea-8c6b-43e2-83b0-124d67acf6e0,aa200b24-ef0e-410d-9a5e-5cd5e6eb5584,2025-02-25,6444.76,120930.72,expense,Local Plumber,Plumbing repair
b3b7355e-eba9-44d0-ba91-521bf0ccf703,fa1aa036-57fe-468f-a774-776251cf3890,a27774ea-8c6b-43e2-83b0-124d67acf6e0,352e3807-c4b8-4f2f-b4a0-11f0a676a889,2025-02-27,2242.9,118687.82,expense,Reliance Fresh,Fresh produce & vegetables
8c4ef2a5-9263-4ad6-bdf4-30454e8d9ff9,fa1aa036-57fe-468f-a774-776251cf3890,a27774ea-8c6b-43e2-83b0-124d67acf6e0,0d3983fc-2dc6-40e8-898b-3e446f9ffcb2,2025-03-04,38110.52,156798.34,income,Employer,Monthly salary credit
ab9d2b52-4ddd-4b58-a4db-e73a5687b220,fa1aa036-57fe-468f-a774-776251cf3890,a27774ea-8c6b-43e2-83b0-124d67acf6e0,f9695d76-897b-4d1d-b699-30bdb8c3bd63,2025-03-06,11846.47,144951.87,expense,Auto,Auto fare
82f3748c-fdf8-45a4-b27f-5ef10d2dde3c,fa1aa036-57fe-468f-a774-776251cf3890,a27774ea-8c6b-43e2-83b0-124d67acf6e0,f89d39f0-2919-467d-9eae-73947cd92572,2025-03-07,89.59,144862.28,expense,McDonald's,Quick meal
c44cc0ee-9ac1-4285-b333-67f160a8067f,fa1aa036-57fe-468f-a774-776251cf3890,a27774ea-8c6b-43e2-83b0-124d67acf6e0,c1794d38-04bb-436c-a349-b7efa2949d59,2025-03-07,99.0,144763.28,expense,Apple Music,Monthly subscription
c8af4796-26c7-4c7f-b1ac-20c47811fe3b,fa1aa036-57fe-468f-a774-776251cf3890,a27774ea-8c6b-43e2-83b0-124d67acf6e0,c1794d38-04bb-436c-a349-b7efa2949d59,2025-03-08,499.0,144264.28,expense,Airtel Broadband,Monthly subscription
67986494-6d45-49fb-87c0-cca5142412ee,fa1aa036-57fe-468f-a774-776251cf3890,a27774ea-8c6b-43e2-83b0-124d67acf6e0,19a947a7-2996-47c2-bc43-72e18eabee1f,2025-03-09,1665.93,142598.35,expense,Kotak Bank,FD booking
14b016f9-5909-4491-bba3-9ad1b0825f32,fa1aa036-57fe-468f-a774-776251cf3890,a27774ea-8c6b-43e2-83b0-124d67acf6e0,abe7e3b4-e94a-47f4-bb4c-ee2b5dfb1afb,2025-03-12,1721.53,140876.82,expense,Groww,Monthly SIP
d2f78352-ed1c-46cf-a52c-a63c388b15ab,fa1aa036-57fe-468f-a774-776251cf3890,a27774ea-8c6b-43e2-83b0-124d67acf6e0,352e3807-c4b8-4f2f-b4a0-11f0a676a889,2025-03-15,2767.98,138108.84,expense,Reliance Fresh,Fresh produce & vegetables
4e65256c-cb24-45c2-ad07-326ac0e6cd15,fa1aa036-57fe-468f-a774-776251cf3890,a27774ea-8c6b-43e2-83b0-124d67acf6e0,2240f66e-6ba1-4bb3-9578-9f6dd6e71363,2025-03-16,405.77,137703.07,expense,Gas Agency,LPG cylinder
661af69f-0d15-4cf1-865f-d88f22df3ae3,fa1aa036-57fe-468f-a774-776251cf3890,a27774ea-8c6b-43e2-83b0-124d67acf6e0,9b12be40-523e-43ac-b1e0-56b200b39928,2025-03-27,10726.05,126977.02,expense,New India Assurance,Property cover
228dac3a-b6e3-4e3c-af29-f3e6d5a79a52,fa1aa036-57fe-468f-a774-776251cf3890,a27774ea-8c6b-43e2-83b0-124d67acf6e0,4e6141b4-8b08-4a48-92e3-00a3aed708d1,2025-04-02,35796.44,91180.58,expense,BESCOM,Electricity bill
3ffc3259-1315-40f5-b243-96e5d4795e07,fa1aa036-57fe-468f-a774-776251cf3890,a27774ea-8c6b-43e2-83b0-124d67acf6e0,352e3807-c4b8-4f2f-b4a0-11f0a676a889,2025-04-03,2252.12,88928.46,expense,BigBasket,Weekly grocery order
4741a7d6-b815-4670-8725-5874e6ba3944,fa1aa036-57fe-468f-a774-776251cf3890,a27774ea-8c6b-43e2-83b0-124d67acf6e0,aea49b50-348f-446b-9a35-c970ed3e3a8a,2025-04-05,8100.0,80828.46,expense,NoBroker,Monthly rent payment
f5ad64c9-0073-49e9-8151-5df35239d798,fa1aa036-57fe-468f-a774-776251cf3890,a27774ea-8c6b-43e2-83b0-124d67acf6e0,2240f66e-6ba1-4bb3-9578-9f6dd6e71363,2025-04-09,525.04,80303.42,expense,Jio Fiber,Internet bill
3f53eb93-a05e-4f73-a3b1-a24c05f59e1a,fa1aa036-57fe-468f-a774-776251cf3890,a27774ea-8c6b-43e2-83b0-124d67acf6e0,1936a4f4-2484-487e-9de0-bd4773f631e7,2025-04-10,578.97,79724.45,expense,BSNL,Mobile bill
c1979a6e-14e2-460c-9155-53816b56deab,fa1aa036-57fe-468f-a774-776251cf3890,a27774ea-8c6b-43e2-83b0-124d67acf6e0,abe7e3b4-e94a-47f4-bb4c-ee2b5dfb1afb,2025-04-11,1655.76,78068.69,expense,HDFC MF,SIP debit
020f28de-10a8-4fdf-a9a3-fffc2677f4c3,fa1aa036-57fe-468f-a774-776251cf3890,a27774ea-8c6b-43e2-83b0-124d67acf6e0,aea49b50-348f-446b-9a35-c970ed3e3a8a,2025-04-16,6059.36,72009.33,expense,Housing Society,Rent payment
a720d75d-e758-461d-a2dc-3bde1f2749a8,fa1aa036-57fe-468f-a774-776251cf3890,a27774ea-8c6b-43e2-83b0-124d67acf6e0,49b46c39-e438-4284-95c0-8dd9c25bbe33,2025-04-18,2356.96,69652.37,expense,Zomato,Meal delivery
149e44c9-9383-4f08-bf3c-cdc88ffb3e80,fa1aa036-57fe-468f-a774-776251cf3890,a27774ea-8c6b-43e2-83b0-124d67acf6e0,352e3807-c4b8-4f2f-b4a0-11f0a676a889,2025-04-27,3125.77,66526.6,expense,DMart,Supermarket shopping
519ec783-8ff7-4e0e-bb4b-33b1fc749f9c,3fda265f-68c3-4ce0-9553-1ba65baa4d75,bcc01b69-1eae-469b-bbec-841d9f783f31,aea49b50-348f-446b-9a35-c970ed3e3a8a,2025-01-01,43400.0,2246366.06,expense,Landlord,Monthly rent payment
8bfea5bf-329c-4c0d-940f-4a14211c926e,3fda265f-68c3-4ce0-9553-1ba65baa4d75,bcc01b69-1eae-469b-bbec-841d9f783f31,f9695d76-897b-4d1d-b699-30bdb8c3bd63,2025-01-01,9635.64,2236730.42,expense,Uber,Ride to office
23832b31-b058-44d8-ae21-83f8fc1e5236,3fda265f-68c3-4ce0-9553-1ba65baa4d75,bcc01b69-1eae-469b-bbec-841d9f783f31,68662b1b-9e19-427c-8a6f-0dea71240479,2025-01-02,849.53,2235880.89,expense,Adobe,Software subscription
cb457314-21b1-44b6-823b-14b70208f5db,3fda265f-68c3-4ce0-9553-1ba65baa4d75,bcc01b69-1eae-469b-bbec-841d9f783f31,0d3983fc-2dc6-40e8-898b-3e446f9ffcb2,2025-01-02,129831.96,2365712.85,income,Payroll,Salary deposit
e65df542-88bf-42a4-a059-3b764d7e8d48,3fda265f-68c3-4ce0-9553-1ba65baa4d75,bcc01b69-1eae-469b-bbec-841d9f783f31,c1794d38-04bb-436c-a349-b7efa2949d59,2025-01-02,299.0,2365413.85,expense,Hotstar,Monthly subscription
462c098a-bb00-47b5-ba86-c1c04a871acf,3fda265f-68c3-4ce0-9553-1ba65baa4d75,bcc01b69-1eae-469b-bbec-841d9f783f31,ba7b532e-605d-4ad5-b9b6-3155499c93eb,2025-01-03,50870.37,2314543.48,expense,SBI Life,Insurance payment
ddf4f33a-1877-4b0a-8e9b-82a3965abb17,3fda265f-68c3-4ce0-9553-1ba65baa4d75,bcc01b69-1eae-469b-bbec-841d9f783f31,ba7b532e-605d-4ad5-b9b6-3155499c93eb,2025-01-03,66422.81,2248120.67,expense,Max Life,Premium payment
2d8651ba-8280-49fb-858d-d7f6ab39d942,3fda265f-68c3-4ce0-9553-1ba65baa4d75,bcc01b69-1eae-469b-bbec-841d9f783f31,2240f66e-6ba1-4bb3-9578-9f6dd6e71363,2025-01-05,20390.2,2227730.47,expense,Airtel,Broadband bill
73ccb9c0-24b8-41e9-8c95-f59b03a3cd1c,3fda265f-68c3-4ce0-9553-1ba65baa4d75,bcc01b69-1eae-469b-bbec-841d9f783f31,489f5d0e-1a15-4527-bbe0-a4d15d125f35,2025-01-06,3402.74,2224327.73,expense,PetSmart,Pet supplies
75b036bd-89d9-4a79-918b-a063d860d593,3fda265f-68c3-4ce0-9553-1ba65baa4d75,bcc01b69-1eae-469b-bbec-841d9f783f31,aea49b50-348f-446b-9a35-c970ed3e3a8a,2025-01-08,51614.04,2172713.69,expense,NoBroker,Rent via NoBroker
354a19b6-4710-4853-b41a-4ffaa8d6136a,3fda265f-68c3-4ce0-9553-1ba65baa4d75,bcc01b69-1eae-469b-bbec-841d9f783f31,c1794d38-04bb-436c-a349-b7efa2949d59,2025-01-09,499.0,2172214.69,expense,Airtel Broadband,Monthly subscription
84a8bb9b-f3cc-47ec-9fd0-117e0f3eeffc,3fda265f-68c3-4ce0-9553-1ba65baa4d75,bcc01b69-1eae-469b-bbec-841d9f783f31,3e870dc4-9bcb-4d85-a0ed-817b2217e50b,2025-01-11,90431.67,2081783.02,expense,Bajaj Finance,Consumer loan
cdd43800-57ab-4134-87e8-a57cdb217040,3fda265f-68c3-4ce0-9553-1ba65baa4d75,bcc01b69-1eae-469b-bbec-841d9f783f31,4e6141b4-8b08-4a48-92e3-00a3aed708d1,2025-01-13,51723.39,2030059.63,expense,Tata Power,Power bill
91fdfe2c-7997-4d60-9d04-22c278a99ddd,3fda265f-68c3-4ce0-9553-1ba65baa4d75,bcc01b69-1eae-469b-bbec-841d9f783f31,1936a4f4-2484-487e-9de0-bd4773f631e7,2025-01-14,300.22,2029759.41,expense,Vi,Phone bill
1c6e1c5a-7f1f-437a-8988-0db1dfbf8947,3fda265f-68c3-4ce0-9553-1ba65baa4d75,bcc01b69-1eae-469b-bbec-841d9f783f31,820faeca-f72b-4444-b3ed-cc4b2457b6fa,2025-01-15,35775.77,1993983.64,expense,Flipkart,Online purchase
3e1dd4b0-dc54-4fb3-9f77-4d976b7d8164,3fda265f-68c3-4ce0-9553-1ba65baa4d75,bcc01b69-1eae-469b-bbec-841d9f783f31,aea49b50-348f-446b-9a35-c970ed3e3a8a,2025-01-15,37922.82,1956060.82,expense,Housing Society,Rent payment
6facef45-5463-48ce-8eeb-f62a8161028f,3fda265f-68c3-4ce0-9553-1ba65baa4d75,bcc01b69-1eae-469b-bbec-841d9f783f31,ba7b532e-605d-4ad5-b9b6-3155499c93eb,2025-01-15,46605.85,1909454.97,expense,HDFC Life,Term plan premium
7774a7dc-400e-4d68-aa97-29e28c38c200,3fda265f-68c3-4ce0-9553-1ba65baa4d75,bcc01b69-1eae-469b-bbec-841d9f783f31,96425e71-00ab-44ec-b7a5-b7bc7c419b3c,2025-01-16,37014.04,1872440.93,expense,LIC HFL,Mortgage payment
d86c302c-3857-45aa-96e1-1609b0d3dec1,3fda265f-68c3-4ce0-9553-1ba65baa4d75,bcc01b69-1eae-469b-bbec-841d9f783f31,62bb0c22-62a3-42ba-a471-bae2976e7fe1,2025-01-16,21276.28,1851164.65,expense,MCA,Filing fee
0db0cff9-46bb-4b67-82af-b6f076b81bef,3fda265f-68c3-4ce0-9553-1ba65baa4d75,bcc01b69-1eae-469b-bbec-841d9f783f31,7d54e629-cfd3-42d6-93ed-efbfbbbfa7d6,2025-01-18,53925.12,1797239.53,expense,Financial Advisor,Advisory fee
795f5a80-e12c-4376-9217-00acb4d181be,3fda265f-68c3-4ce0-9553-1ba65baa4d75,bcc01b69-1eae-469b-bbec-841d9f783f31,197c9f3f-79b3-4a17-b0c4-57701d9daa96,2025-01-21,36914.89,1760324.64,expense,Anytime Fitness,Gym membership
86bb9551-1b84-48ac-a55d-4a1c9d9db268,3fda265f-68c3-4ce0-9553-1ba65baa4d75,bcc01b69-1eae-469b-bbec-841d9f783f31,563cfb4f-7726-4895-ade8-5f8358148b40,2025-01-22,5744.26,1766068.9,income,Amazon,Order refund
dd0e16b9-62de-4145-a0c2-ee69ea48cece,3fda265f-68c3-4ce0-9553-1ba65baa4d75,bcc01b69-1eae-469b-bbec-841d9f783f31,4e6141b4-8b08-4a48-92e3-00a3aed708d1,2025-01-22,39509.3,1726559.6,expense,Adani Electricity,Electricity payment
f748d423-4da5-493c-b09b-633cf2026aa4,3fda265f-68c3-4ce0-9553-1ba65baa4d75,bcc01b69-1eae-469b-bbec-841d9f783f31,afb11444-5eb7-49e4-adb0-6e90808b3f69,2025-01-22,23412.37,1703147.23,expense,Axis Bank,Processing fee
6616545c-d76d-44b1-950b-b57ac3176bf4,3fda265f-68c3-4ce0-9553-1ba65baa4d75,bcc01b69-1eae-469b-bbec-841d9f783f31,9824533c-e6eb-43ff-b2d1-9724f9f59c75,2025-01-23,43421.96,1659725.27,expense,Watchman,Security tip
ddc218f7-9d86-4e21-a5b1-04329ee7d86e,3fda265f-68c3-4ce0-9553-1ba65baa4d75,bcc01b69-1eae-469b-bbec-841d9f783f31,43dc3332-707c-42c3-b0d9-0f067489a82d,2025-01-23,20241.96,1639483.31,expense,Shell,Fuel refill
0cb391cd-24bc-415b-8085-f915972c47d7,3fda265f-68c3-4ce0-9553-1ba65baa4d75,bcc01b69-1eae-469b-bbec-841d9f783f31,197c9f3f-79b3-4a17-b0c4-57701d9daa96,2025-01-25,33473.93,1606009.38,expense,Cult.fit,Gym membership
a87245bc-3844-4b86-94bd-094df3c5a74c,3fda265f-68c3-4ce0-9553-1ba65baa4d75,bcc01b69-1eae-469b-bbec-841d9f783f31,c70299e8-74c3-48e3-832d-a15ca45f9d40,2025-01-25,29648.54,1576360.84,expense,IndiGo,Flight ticket
afceaf27-4826-4db4-b236-a3cde18bcdc2,3fda265f-68c3-4ce0-9553-1ba65baa4d75,bcc01b69-1eae-469b-bbec-841d9f783f31,02b93640-5ea9-4023-9ca5-12aaa253ea5b,2025-01-25,527.82,1575833.02,expense,BSNL Broadband,Internet bill
2c22420d-52d1-402f-85f5-38caa074baf4,3fda265f-68c3-4ce0-9553-1ba65baa4d75,bcc01b69-1eae-469b-bbec-841d9f783f31,4e6141b4-8b08-4a48-92e3-00a3aed708d1,2025-01-26,55319.47,1520513.55,expense,Adani Electricity,Electricity payment
41cf2bf6-3419-404a-81a5-196f2277c406,3fda265f-68c3-4ce0-9553-1ba65baa4d75,bcc01b69-1eae-469b-bbec-841d9f783f31,afb11444-5eb7-49e4-adb0-6e90808b3f69,2025-01-26,35564.58,1484948.97,expense,Bank,ATM charges
703d8c9e-3833-4227-9ef4-5a87cbfacf9f,3fda265f-68c3-4ce0-9553-1ba65baa4d75,bcc01b69-1eae-469b-bbec-841d9f783f31,ba7b532e-605d-4ad5-b9b6-3155499c93eb,2025-01-26,69115.03,1415833.94,expense,LIC,Life insurance premium
8011fd40-fb08-4239-a852-f95b37304316,3fda265f-68c3-4ce0-9553-1ba65baa4d75,bcc01b69-1eae-469b-bbec-841d9f783f31,773ee99e-f4ff-4162-87c7-19387a9ebb97,2025-01-26,2951.32,1412882.62,expense,Punjab Grill,Business dinner
00f86d00-2415-4266-b63e-7f4a52fc0739,3fda265f-68c3-4ce0-9553-1ba65baa4d75,bcc01b69-1eae-469b-bbec-841d9f783f31,baf0d272-8682-41c0-acfb-c78f1f2cd9a1,2025-01-30,6611.45,1406271.17,expense,Samsung Store,Mobile accessory
362786d9-4506-44fa-9095-7b67c66ffb8f,3fda265f-68c3-4ce0-9553-1ba65baa4d75,bcc01b69-1eae-469b-bbec-841d9f783f31,248ccf02-2fad-4a57-8831-52e79f698e4c,2025-01-30,30608.42,1375662.75,expense,BEST,Bus card recharge
322b1730-c593-4735-805f-dc42afb08bb2,3fda265f-68c3-4ce0-9553-1ba65baa4d75,bcc01b69-1eae-469b-bbec-841d9f783f31,0d3983fc-2dc6-40e8-898b-3e446f9ffcb2,2025-01-31,133683.68,1509346.43,income,Company,Salary transfer
813e58b1-b998-4115-852d-0d93d7c20433,3fda265f-68c3-4ce0-9553-1ba65baa4d75,bcc01b69-1eae-469b-bbec-841d9f783f31,3e870dc4-9bcb-4d85-a0ed-817b2217e50b,2025-02-01,5299.27,1504047.16,expense,ICICI Bank,Loan EMI
0fb0c58f-7217-434a-a07a-9f7906e776c1,3fda265f-68c3-4ce0-9553-1ba65baa4d75,bcc01b69-1eae-469b-bbec-841d9f783f31,9824533c-e6eb-43ff-b2d1-9724f9f59c75,2025-02-02,29914.09,1474133.07,expense,Maid,Maid salary
818ac4ea-c7ac-499c-95e3-ff9d33e3be77,3fda265f-68c3-4ce0-9553-1ba65baa4d75,bcc01b69-1eae-469b-bbec-841d9f783f31,f9695d76-897b-4d1d-b699-30bdb8c3bd63,2025-02-02,3376.59,1470756.48,expense,Rapido,Bike taxi
e9c862f0-64a3-472f-936b-152e787814d0,3fda265f-68c3-4ce0-9553-1ba65baa4d75,bcc01b69-1eae-469b-bbec-841d9f783f31,1936a4f4-2484-487e-9de0-bd4773f631e7,2025-02-02,3638.78,1467117.7,expense,Vi,Phone bill
d3ea85ab-2a77-498c-84c3-2ecbad4fcb9c,3fda265f-68c3-4ce0-9553-1ba65baa4d75,bcc01b69-1eae-469b-bbec-841d9f783f31,aea49b50-348f-446b-9a35-c970ed3e3a8a,2025-02-03,29021.31,1438096.39,expense,Landlord,Monthly rent payment
9eeed566-773b-4c59-8407-5d0a6c153c9b,3fda265f-68c3-4ce0-9553-1ba65baa4d75,bcc01b69-1eae-469b-bbec-841d9f783f31,3d010285-23fe-4f66-9e98-091ac1adb6a3,2025-02-04,9060.68,1429035.71,expense,Goibibo,Travel booking
b89f3c4f-d256-40ac-bfba-27a2f5d08cd7,3fda265f-68c3-4ce0-9553-1ba65baa4d75,bcc01b69-1eae-469b-bbec-841d9f783f31,aea49b50-348f-446b-9a35-c970ed3e3a8a,2025-02-04,43400.0,1385635.71,expense,Housing Society,Monthly rent payment
bfdc14f7-aeaa-4bd5-954d-c6c6a226f46e,3fda265f-68c3-4ce0-9553-1ba65baa4d75,bcc01b69-1eae-469b-bbec-841d9f783f31,f9695d76-897b-4d1d-b699-30bdb8c3bd63,2025-02-04,22332.23,1363303.48,expense,Auto,Auto fare
c9b99096-da5b-4f6b-803b-4d2bcc0b5de2,3fda265f-68c3-4ce0-9553-1ba65baa4d75,bcc01b69-1eae-469b-bbec-841d9f783f31,afb11444-5eb7-49e4-adb0-6e90808b3f69,2025-02-04,42317.62,1320985.86,expense,Kotak Bank,Account charges
e921f363-03c0-4d01-b686-0324db848aef,3fda265f-68c3-4ce0-9553-1ba65baa4d75,bcc01b69-1eae-469b-bbec-841d9f783f31,352e3807-c4b8-4f2f-b4a0-11f0a676a889,2025-02-04,4131.06,1316854.8,expense,Reliance Fresh,Fresh produce & vegetables
3066f0dc-bed3-42bb-a59c-942f345eeceb,3fda265f-68c3-4ce0-9553-1ba65baa4d75,bcc01b69-1eae-469b-bbec-841d9f783f31,afb11444-5eb7-49e4-adb0-6e90808b3f69,2025-02-05,80890.34,1235964.46,expense,Kotak Bank,Account charges
aa5c254a-4d04-4e9f-b7c2-06c2673b6f85,3fda265f-68c3-4ce0-9553-1ba65baa4d75,bcc01b69-1eae-469b-bbec-841d9f783f31,61afab8e-aacd-41f8-8e63-aed9c88790f3,2025-02-05,32961.7,1203002.76,expense,Mahindra Finance,Vehicle EMI
a3694123-1d5f-4a66-9618-8610e117d8ad,3fda265f-68c3-4ce0-9553-1ba65baa4d75,bcc01b69-1eae-469b-bbec-841d9f783f31,aea49b50-348f-446b-9a35-c970ed3e3a8a,2025-02-09,10230.16,1192772.6,expense,Landlord,Monthly rent payment
d7388bf0-99ee-4eb2-b192-524ef7a5faac,3fda265f-68c3-4ce0-9553-1ba65baa4d75,bcc01b69-1eae-469b-bbec-841d9f783f31,08661166-7a9f-4744-8d50-d84bca0b6ebc,2025-02-12,13193.82,1179578.78,expense,Adidas,Sports shoes
423cf834-57bd-4eed-9d47-892e3015f79e,3fda265f-68c3-4ce0-9553-1ba65baa4d75,bcc01b69-1eae-469b-bbec-841d9f783f31,08661166-7a9f-4744-8d50-d84bca0b6ebc,2025-02-16,32802.04,1146776.74,expense,Nike,Sports gear
c262f6fb-1e33-4585-8062-01764f957224,3fda265f-68c3-4ce0-9553-1ba65baa4d75,bcc01b69-1eae-469b-bbec-841d9f783f31,352e3807-c4b8-4f2f-b4a0-11f0a676a889,2025-02-16,3224.34,1143552.4,expense,DMart,Supermarket shopping
71cb7d8b-60c7-4a1b-bf7c-3e47754b047b,3fda265f-68c3-4ce0-9553-1ba65baa4d75,bcc01b69-1eae-469b-bbec-841d9f783f31,afb11444-5eb7-49e4-adb0-6e90808b3f69,2025-02-17,11527.57,1132024.83,expense,Kotak Bank,Account charges
8cc2d3b1-28ef-405d-8ff2-6f40cc991ed9,3fda265f-68c3-4ce0-9553-1ba65baa4d75,bcc01b69-1eae-469b-bbec-841d9f783f31,773ee99e-f4ff-4162-87c7-19387a9ebb97,2025-02-19,2506.82,1129518.01,expense,Local Restaurant,Quick lunch
fb7b6ffe-01fa-4eca-856c-dd5913b5b80a,3fda265f-68c3-4ce0-9553-1ba65baa4d75,bcc01b69-1eae-469b-bbec-841d9f783f31,9b12be40-523e-43ac-b1e0-56b200b39928,2025-02-20,44671.56,1084846.45,expense,New India Assurance,Property cover
f05326c2-2a77-46e5-9515-1e4e1dda9777,3fda265f-68c3-4ce0-9553-1ba65baa4d75,bcc01b69-1eae-469b-bbec-841d9f783f31,aea49b50-348f-446b-9a35-c970ed3e3a8a,2025-02-28,13465.61,1071380.84,expense,NoBroker,Rent via NoBroker
06ab3d0e-74e9-46c1-a465-b9dc88132f1e,3fda265f-68c3-4ce0-9553-1ba65baa4d75,bcc01b69-1eae-469b-bbec-841d9f783f31,a0f82fa6-1252-4e6c-8a29-a1761d72d10c,2025-03-01,3866.1,1067514.74,expense,IRCTC,Train ticket
9f0ab798-9a45-452b-b5c1-f15eb4d675cb,3fda265f-68c3-4ce0-9553-1ba65baa4d75,bcc01b69-1eae-469b-bbec-841d9f783f31,d926a624-ee93-4c92-bd0e-202091a8548e,2025-03-03,86754.05,980760.69,expense,Bank,Bank charges
8dd69ded-25c9-43c5-ba6a-c91e055ebd2f,3fda265f-68c3-4ce0-9553-1ba65baa4d75,bcc01b69-1eae-469b-bbec-841d9f783f31,0d3983fc-2dc6-40e8-898b-3e446f9ffcb2,2025-03-04,133515.06,1114275.75,income,Company,Salary transfer
c16a07bc-1f38-4bc7-8f5b-22bf44c14773,3fda265f-68c3-4ce0-9553-1ba65baa4d75,bcc01b69-1eae-469b-bbec-841d9f783f31,aea49b50-348f-446b-9a35-c970ed3e3a8a,2025-03-05,43400.0,1070875.75,expense,Landlord,Monthly rent payment
f4d76bd8-1516-4d7b-bb37-643405a96a78,3fda265f-68c3-4ce0-9553-1ba65baa4d75,bcc01b69-1eae-469b-bbec-841d9f783f31,3e870dc4-9bcb-4d85-a0ed-817b2217e50b,2025-03-06,112273.3,958602.45,expense,SBI,Personal loan EMI
2bd3f3bd-9232-4ea3-85a6-e66a05f9e69f,3fda265f-68c3-4ce0-9553-1ba65baa4d75,bcc01b69-1eae-469b-bbec-841d9f783f31,825886bd-f63b-4c0f-9ac7-7f98670856c9,2025-03-08,28504.57,930097.88,expense,CRY,Charity donation
361d8cf2-76fb-4e06-bd0e-6247ce0013ca,3fda265f-68c3-4ce0-9553-1ba65baa4d75,bcc01b69-1eae-469b-bbec-841d9f783f31,1936a4f4-2484-487e-9de0-bd4773f631e7,2025-03-10,725.39,929372.49,expense,Airtel,Postpaid bill
718e56f8-a046-4bbd-a5be-4bc1b86f81b7,3fda265f-68c3-4ce0-9553-1ba65baa4d75,bcc01b69-1eae-469b-bbec-841d9f783f31,4e6141b4-8b08-4a48-92e3-00a3aed708d1,2025-03-11,1574.42,927798.07,expense,Tata Power,Power bill
c4ec30ab-9116-4e39-86dc-ca171848bc54,3fda265f-68c3-4ce0-9553-1ba65baa4d75,bcc01b69-1eae-469b-bbec-841d9f783f31,352e3807-c4b8-4f2f-b4a0-11f0a676a889,2025-03-12,3874.99,923923.08,expense,Reliance Fresh,Fresh produce & vegetables
10937e2b-fd5d-4f00-bc11-7d1e0c910ace,3fda265f-68c3-4ce0-9553-1ba65baa4d75,bcc01b69-1eae-469b-bbec-841d9f783f31,f9695d76-897b-4d1d-b699-30bdb8c3bd63,2025-03-13,28900.19,895022.89,expense,Auto,Auto fare
d30553dd-68ae-4cc0-9f48-3094f5b8ca37,3fda265f-68c3-4ce0-9553-1ba65baa4d75,bcc01b69-1eae-469b-bbec-841d9f783f31,afb11444-5eb7-49e4-adb0-6e90808b3f69,2025-03-14,49860.18,845162.71,expense,Axis Bank,Processing fee
3426d83b-1dcc-4fdc-9c02-3a6fbb844e34,3fda265f-68c3-4ce0-9553-1ba65baa4d75,bcc01b69-1eae-469b-bbec-841d9f783f31,aea49b50-348f-446b-9a35-c970ed3e3a8a,2025-03-15,38403.5,806759.21,expense,Landlord,Monthly rent payment
aec7a799-67ef-421c-a7a2-4bf51417b834,3fda265f-68c3-4ce0-9553-1ba65baa4d75,bcc01b69-1eae-469b-bbec-841d9f783f31,96425e71-00ab-44ec-b7a5-b7bc7c419b3c,2025-03-18,35171.82,771587.39,expense,LIC HFL,Mortgage payment
2b6f4613-7a9a-47cf-972f-6ba6786531f0,3fda265f-68c3-4ce0-9553-1ba65baa4d75,bcc01b69-1eae-469b-bbec-841d9f783f31,9824533c-e6eb-43ff-b2d1-9724f9f59c75,2025-03-20,22643.77,748943.62,expense,Maid,Maid salary
61b30cb2-703d-4239-9c08-e71860f3c8ec,3fda265f-68c3-4ce0-9553-1ba65baa4d75,bcc01b69-1eae-469b-bbec-841d9f783f31,248ccf02-2fad-4a57-8831-52e79f698e4c,2025-03-20,11684.63,737258.99,expense,KSRTC,Bus ticket
220d5da5-a10e-40f4-922e-e82eb78db16d,3fda265f-68c3-4ce0-9553-1ba65baa4d75,bcc01b69-1eae-469b-bbec-841d9f783f31,482d3ee1-01c6-4f27-880c-5c2e86ff4326,2025-03-22,24144.01,713114.98,expense,Practo,Online consultation
d8dfee2b-edcc-42ce-9c1f-90256562e0da,3fda265f-68c3-4ce0-9553-1ba65baa4d75,bcc01b69-1eae-469b-bbec-841d9f783f31,ba7b532e-605d-4ad5-b9b6-3155499c93eb,2025-03-22,3482.47,709632.51,expense,HDFC Life,Term plan premium
5df79ac9-5cbe-44e7-9bea-fec470538f75,3fda265f-68c3-4ce0-9553-1ba65baa4d75,bcc01b69-1eae-469b-bbec-841d9f783f31,aa200b24-ef0e-410d-9a5e-5cd5e6eb5584,2025-03-28,34942.06,674690.45,expense,Painting Service,Wall painting
937ca0e3-ddef-4039-b3b6-e63b5eeff803,3fda265f-68c3-4ce0-9553-1ba65baa4d75,bcc01b69-1eae-469b-bbec-841d9f783f31,afb11444-5eb7-49e4-adb0-6e90808b3f69,2025-03-28,50802.91,623887.54,expense,SBI,Service charge
dfae63ca-80b9-4e81-880f-4dd180a5da61,3fda265f-68c3-4ce0-9553-1ba65baa4d75,bcc01b69-1eae-469b-bbec-841d9f783f31,3e870dc4-9bcb-4d85-a0ed-817b2217e50b,2025-03-31,27098.21,596789.33,expense,ICICI Bank,Loan EMI
1aff1b9b-7733-4d83-87e6-84f30484d6c5,3fda265f-68c3-4ce0-9553-1ba65baa4d75,bcc01b69-1eae-469b-bbec-841d9f783f31,223324ac-c0b3-4f8f-bc2b-440cc66d4f97,2025-04-01,20800.08,575989.25,expense,Amazon,Tools order
7a9d5fc0-c9cb-42bf-a15f-9dabc3a98ad3,3fda265f-68c3-4ce0-9553-1ba65baa4d75,bcc01b69-1eae-469b-bbec-841d9f783f31,afb11444-5eb7-49e4-adb0-6e90808b3f69,2025-04-02,11619.9,564369.35,expense,Kotak Bank,Account charges
d5195aec-6cba-4e34-a092-b953ad4cb489,3fda265f-68c3-4ce0-9553-1ba65baa4d75,bcc01b69-1eae-469b-bbec-841d9f783f31,aea49b50-348f-446b-9a35-c970ed3e3a8a,2025-04-02,43400.0,520969.35,expense,Housing Society,Monthly rent payment
4fab8ed8-cd99-4dba-835c-f16f1483e273,3fda265f-68c3-4ce0-9553-1ba65baa4d75,bcc01b69-1eae-469b-bbec-841d9f783f31,d926a624-ee93-4c92-bd0e-202091a8548e,2025-04-03,38963.95,482005.4,expense,Axis Card,Card outstanding
c901b6d2-012b-4598-808f-2f152f63ae8e,3fda265f-68c3-4ce0-9553-1ba65baa4d75,bcc01b69-1eae-469b-bbec-841d9f783f31,0d3983fc-2dc6-40e8-898b-3e446f9ffcb2,2025-04-03,130136.33,612141.73,income,Company,Salary transfer
f90c7327-fcad-4b76-98c8-9b31b172c127,3fda265f-68c3-4ce0-9553-1ba65baa4d75,bcc01b69-1eae-469b-bbec-841d9f783f31,96425e71-00ab-44ec-b7a5-b7bc7c419b3c,2025-04-04,53876.76,558264.97,expense,Axis Bank,Home loan EMI
4558e0af-aceb-4765-a9d2-1ed49d00bc71,3fda265f-68c3-4ce0-9553-1ba65baa4d75,bcc01b69-1eae-469b-bbec-841d9f783f31,9824533c-e6eb-43ff-b2d1-9724f9f59c75,2025-04-06,56759.13,501505.84,expense,Maid,Maid salary
0576e5a5-c3d5-4346-a84b-26f58997a950,3fda265f-68c3-4ce0-9553-1ba65baa4d75,bcc01b69-1eae-469b-bbec-841d9f783f31,c1794d38-04bb-436c-a349-b7efa2949d59,2025-04-08,499.0,501006.84,expense,Airtel Broadband,Monthly subscription
54bc4ee5-aff8-45c0-8c6f-7ec75026eb80,3fda265f-68c3-4ce0-9553-1ba65baa4d75,bcc01b69-1eae-469b-bbec-841d9f783f31,baf0d272-8682-41c0-acfb-c78f1f2cd9a1,2025-04-09,12826.9,488179.94,expense,Croma,Electronics purchase
f47e4f12-28d4-47eb-bb26-883fec450fcc,3fda265f-68c3-4ce0-9553-1ba65baa4d75,bcc01b69-1eae-469b-bbec-841d9f783f31,4e6141b4-8b08-4a48-92e3-00a3aed708d1,2025-04-09,2670.53,485509.41,expense,Adani Electricity,Electricity payment
5d6e0eac-e89d-44a3-83fb-443645c294f3,3fda265f-68c3-4ce0-9553-1ba65baa4d75,bcc01b69-1eae-469b-bbec-841d9f783f31,1936a4f4-2484-487e-9de0-bd4773f631e7,2025-04-11,332.23,485177.18,expense,Vi,Phone bill
200e090f-13b3-4279-9015-305435700e07,3fda265f-68c3-4ce0-9553-1ba65baa4d75,bcc01b69-1eae-469b-bbec-841d9f783f31,ba7b532e-605d-4ad5-b9b6-3155499c93eb,2025-04-13,72356.91,412820.27,expense,SBI Life,Insurance payment
46e7e672-7123-4cd4-bbbe-6a9be16d394a,3fda265f-68c3-4ce0-9553-1ba65baa4d75,bcc01b69-1eae-469b-bbec-841d9f783f31,ba7b532e-605d-4ad5-b9b6-3155499c93eb,2025-04-14,104620.34,308199.93,expense,ICICI Prudential,Policy premium
50d5ed4f-eb0a-4bb8-ba5f-ecbe17598cf6,3fda265f-68c3-4ce0-9553-1ba65baa4d75,bcc01b69-1eae-469b-bbec-841d9f783f31,a9ffe6eb-4506-488f-8aae-77f81d637f71,2025-04-14,9556.03,298643.9,expense,Westside,Seasonal shopping
cce4bf3c-91fe-4c26-be15-d4ed932a899b,3fda265f-68c3-4ce0-9553-1ba65baa4d75,bcc01b69-1eae-469b-bbec-841d9f783f31,352e3807-c4b8-4f2f-b4a0-11f0a676a889,2025-04-14,2271.58,296372.32,expense,JioMart,Online grocery order
03a6d380-fd01-4eac-a8dc-cb4d471d09a5,3fda265f-68c3-4ce0-9553-1ba65baa4d75,bcc01b69-1eae-469b-bbec-841d9f783f31,a0f82fa6-1252-4e6c-8a29-a1761d72d10c,2025-04-15,36162.94,260209.38,expense,Indian Railways,Train booking
16d0552e-0856-4d9a-adcd-dac59338ddfd,3fda265f-68c3-4ce0-9553-1ba65baa4d75,bcc01b69-1eae-469b-bbec-841d9f783f31,4e6141b4-8b08-4a48-92e3-00a3aed708d1,2025-04-17,5642.63,254566.75,expense,BESCOM,Electricity bill
84934110-f787-41af-b9cc-405be343bb8a,3fda265f-68c3-4ce0-9553-1ba65baa4d75,bcc01b69-1eae-469b-bbec-841d9f783f31,3e870dc4-9bcb-4d85-a0ed-817b2217e50b,2025-04-17,36193.15,218373.6,expense,Axis Bank,Loan repayment
ae155676-0661-4856-86e2-d19ffd05092a,3fda265f-68c3-4ce0-9553-1ba65baa4d75,bcc01b69-1eae-469b-bbec-841d9f783f31,a9ffe6eb-4506-488f-8aae-77f81d637f71,2025-04-27,20863.31,197510.29,expense,H&M,Fashion purchase
5374d7cc-8196-4c11-b936-f843b8bd2db1,3fda265f-68c3-4ce0-9553-1ba65baa4d75,bcc01b69-1eae-469b-bbec-841d9f783f31,ba7b532e-605d-4ad5-b9b6-3155499c93eb,2025-04-28,55042.87,142467.42,expense,HDFC Life,Term plan premium
9e980374-2c0f-41ee-8c62-9d479d3e9dee,3fda265f-68c3-4ce0-9553-1ba65baa4d75,bcc01b69-1eae-469b-bbec-841d9f783f31,afb11444-5eb7-49e4-adb0-6e90808b3f69,2025-04-29,59876.68,82590.74,expense,Kotak Bank,Account charges
9acfa500-fffa-415c-8aaa-71d9f8445923,bc988342-1383-4a29-b7af-23d779e4f7ec,c27c9006-3f8d-4be9-8ac9-fb0c91f3a2ce,2240f66e-6ba1-4bb3-9578-9f6dd6e71363,2025-01-02,65645.08,1298120.99,expense,ACT Fibernet,Internet payment
6afd1d3f-a5f6-4ad9-a841-32b16ba00a35,bc988342-1383-4a29-b7af-23d779e4f7ec,c27c9006-3f8d-4be9-8ac9-fb0c91f3a2ce,b44b3d71-0880-41d9-8f85-0348da9b0531,2025-01-03,3509.04,1294611.95,expense,Kalyan Jewellers,Gold jewellery
604c4f16-48ed-4561-a5fd-aa67d99c105d,bc988342-1383-4a29-b7af-23d779e4f7ec,c27c9006-3f8d-4be9-8ac9-fb0c91f3a2ce,3e870dc4-9bcb-4d85-a0ed-817b2217e50b,2025-01-04,19700.0,1274911.95,expense,ICICI Bank,Loan EMI
920b6394-7831-4a2f-8184-2f84f57d82fb,bc988342-1383-4a29-b7af-23d779e4f7ec,c27c9006-3f8d-4be9-8ac9-fb0c91f3a2ce,352e3807-c4b8-4f2f-b4a0-11f0a676a889,2025-01-05,2750.35,1272161.6,expense,Reliance Fresh,Fresh produce & vegetables
3dd47f1c-3976-4e7d-bfd5-c3a872fa2842,bc988342-1383-4a29-b7af-23d779e4f7ec,c27c9006-3f8d-4be9-8ac9-fb0c91f3a2ce,96425e71-00ab-44ec-b7a5-b7bc7c419b3c,2025-01-07,3172.68,1268988.92,expense,SBI,Housing loan instalment
c245aded-01ee-4109-a7ec-baff0a5b50a2,bc988342-1383-4a29-b7af-23d779e4f7ec,c27c9006-3f8d-4be9-8ac9-fb0c91f3a2ce,aea49b50-348f-446b-9a35-c970ed3e3a8a,2025-01-07,23588.32,1245400.6,expense,Landlord,Monthly rent payment
36823b7f-0ac7-437b-8bc0-379b328bb538,bc988342-1383-4a29-b7af-23d779e4f7ec,c27c9006-3f8d-4be9-8ac9-fb0c91f3a2ce,49b46c39-e438-4284-95c0-8dd9c25bbe33,2025-01-08,3033.97,1242366.63,expense,Local Eatery,Food purchase
b07baa16-9b93-457d-bf94-b6a112d85b46,bc988342-1383-4a29-b7af-23d779e4f7ec,c27c9006-3f8d-4be9-8ac9-fb0c91f3a2ce,f89d39f0-2919-467d-9eae-73947cd92572,2025-01-10,4192.61,1238174.02,expense,Subway,Sandwich
c15e3a13-1bf5-439b-b5cc-46a1508cb2fa,bc988342-1383-4a29-b7af-23d779e4f7ec,c27c9006-3f8d-4be9-8ac9-fb0c91f3a2ce,06112ebb-b73c-40a0-aaba-87c783f69c60,2025-01-10,16016.08,1222157.94,expense,Local Store,Hobby items
83df73a7-8743-4c76-9853-bbc2ece8eada,bc988342-1383-4a29-b7af-23d779e4f7ec,c27c9006-3f8d-4be9-8ac9-fb0c91f3a2ce,4e6141b4-8b08-4a48-92e3-00a3aed708d1,2025-01-14,1472.2,1220685.74,expense,Adani Electricity,Electricity payment
f9f99c42-c9e6-4e54-bb93-1c53e0d79b6f,bc988342-1383-4a29-b7af-23d779e4f7ec,c27c9006-3f8d-4be9-8ac9-fb0c91f3a2ce,43dc3332-707c-42c3-b0d9-0f067489a82d,2025-01-14,1533.59,1219152.15,expense,BPCL,Petrol refill
9551be28-b18e-4ec2-9cba-32f7cf6d9871,bc988342-1383-4a29-b7af-23d779e4f7ec,c27c9006-3f8d-4be9-8ac9-fb0c91f3a2ce,2240f66e-6ba1-4bb3-9578-9f6dd6e71363,2025-01-15,278.55,1218873.6,expense,Gas Agency,LPG cylinder
1e431be5-d6de-4770-97ba-75b95ca2313c,bc988342-1383-4a29-b7af-23d779e4f7ec,c27c9006-3f8d-4be9-8ac9-fb0c91f3a2ce,85035d91-6985-446f-90d5-16e1b52a5e52,2025-01-17,4405.67,1214467.93,expense,Dish TV,DTH subscription
bee16475-658c-48d1-9e24-4a3893dd7fd6,bc988342-1383-4a29-b7af-23d779e4f7ec,c27c9006-3f8d-4be9-8ac9-fb0c91f3a2ce,248ccf02-2fad-4a57-8831-52e79f698e4c,2025-01-17,32257.51,1182210.42,expense,KSRTC,Bus ticket
e5c1ee48-5ed0-4a9a-ab4d-f8b737dc296f,bc988342-1383-4a29-b7af-23d779e4f7ec,c27c9006-3f8d-4be9-8ac9-fb0c91f3a2ce,197c9f3f-79b3-4a17-b0c4-57701d9daa96,2025-01-17,39540.73,1142669.69,expense,Anytime Fitness,Gym membership
b621051b-ca3e-4bc0-bfe5-a613e0154db2,bc988342-1383-4a29-b7af-23d779e4f7ec,c27c9006-3f8d-4be9-8ac9-fb0c91f3a2ce,8cdb5319-10b2-4cf2-89c8-22fadc1b7858,2025-01-21,92890.22,1049779.47,expense,BBMP,Penalty
a8bb4f1c-0165-4ab2-8acb-fb4c5024f82a,bc988342-1383-4a29-b7af-23d779e4f7ec,c27c9006-3f8d-4be9-8ac9-fb0c91f3a2ce,9824533c-e6eb-43ff-b2d1-9724f9f59c75,2025-01-22,26686.82,1023092.65,expense,Cook,Cook wages
3bf07819-2484-4f11-b88c-3ee620b8138c,bc988342-1383-4a29-b7af-23d779e4f7ec,c27c9006-3f8d-4be9-8ac9-fb0c91f3a2ce,96425e71-00ab-44ec-b7a5-b7bc7c419b3c,2025-01-23,4325.42,1018767.23,expense,SBI,Housing loan instalment
75444d74-eba6-46b1-98f3-15712173b550,bc988342-1383-4a29-b7af-23d779e4f7ec,c27c9006-3f8d-4be9-8ac9-fb0c91f3a2ce,c70299e8-74c3-48e3-832d-a15ca45f9d40,2025-01-25,2481.41,1016285.82,expense,IndiGo,Flight ticket
dd43901b-e8a1-4e7c-a4c6-fbe24f2fb900,bc988342-1383-4a29-b7af-23d779e4f7ec,c27c9006-3f8d-4be9-8ac9-fb0c91f3a2ce,afb11444-5eb7-49e4-adb0-6e90808b3f69,2025-01-27,95779.11,920506.71,expense,Axis Bank,Processing fee
9d4b310b-31ef-4799-a8e4-c7a853b6207b,bc988342-1383-4a29-b7af-23d779e4f7ec,c27c9006-3f8d-4be9-8ac9-fb0c91f3a2ce,2240f66e-6ba1-4bb3-9578-9f6dd6e71363,2025-01-30,23400.37,897106.34,expense,ACT Fibernet,Internet payment
d822b98f-6914-4f98-af1b-17e2d13c1e20,bc988342-1383-4a29-b7af-23d779e4f7ec,c27c9006-3f8d-4be9-8ac9-fb0c91f3a2ce,43dc3332-707c-42c3-b0d9-0f067489a82d,2025-01-30,1916.21,895190.13,expense,Indian Oil,Fuel top-up
35e41a33-a14e-4db1-8424-4472ef19e76a,bc988342-1383-4a29-b7af-23d779e4f7ec,c27c9006-3f8d-4be9-8ac9-fb0c91f3a2ce,248ccf02-2fad-4a57-8831-52e79f698e4c,2025-01-31,15559.78,879630.35,expense,BEST,Bus card recharge
7e5b7ebe-30c2-4494-8fa1-3086591e366a,bc988342-1383-4a29-b7af-23d779e4f7ec,c27c9006-3f8d-4be9-8ac9-fb0c91f3a2ce,aea49b50-348f-446b-9a35-c970ed3e3a8a,2025-02-02,44000.0,835630.35,expense,Landlord,Monthly rent payment
59cdff0c-4f5b-44a6-ab37-a69ed4ec39c5,bc988342-1383-4a29-b7af-23d779e4f7ec,c27c9006-3f8d-4be9-8ac9-fb0c91f3a2ce,248ccf02-2fad-4a57-8831-52e79f698e4c,2025-02-04,16252.6,819377.75,expense,Mumbai Metro,Metro fare
febdb342-b02b-4112-b99d-4b3d54882d05,bc988342-1383-4a29-b7af-23d779e4f7ec,c27c9006-3f8d-4be9-8ac9-fb0c91f3a2ce,ba7b532e-605d-4ad5-b9b6-3155499c93eb,2025-02-04,108046.69,711331.06,expense,Max Life,Premium payment
18a71570-c1f0-445f-8562-fa40b1afdbfa,bc988342-1383-4a29-b7af-23d779e4f7ec,c27c9006-3f8d-4be9-8ac9-fb0c91f3a2ce,c1794d38-04bb-436c-a349-b7efa2949d59,2025-02-05,9649.51,701681.55,expense,Amazon Prime,Prime membership
688807f8-dbbb-4974-83a5-a33140ea0ee3,bc988342-1383-4a29-b7af-23d779e4f7ec,c27c9006-3f8d-4be9-8ac9-fb0c91f3a2ce,ee7c44a4-b997-4955-8565-e0095cc9a643,2025-02-05,22229.81,679451.74,expense,OYO,Business accommodation
a29f010e-2bd0-4f12-90d5-3816795a2cf1,bc988342-1383-4a29-b7af-23d779e4f7ec,c27c9006-3f8d-4be9-8ac9-fb0c91f3a2ce,c1794d38-04bb-436c-a349-b7efa2949d59,2025-02-05,499.0,678952.74,expense,Airtel Broadband,Monthly subscription
9164d689-d5ba-44fd-b7a9-0987919a2477,bc988342-1383-4a29-b7af-23d779e4f7ec,c27c9006-3f8d-4be9-8ac9-fb0c91f3a2ce,85035d91-6985-446f-90d5-16e1b52a5e52,2025-02-07,27010.44,651942.3,expense,Tata Sky,DTH recharge
a28eb291-7641-4190-843f-9d72a15c9031,bc988342-1383-4a29-b7af-23d779e4f7ec,c27c9006-3f8d-4be9-8ac9-fb0c91f3a2ce,8cdb5319-10b2-4cf2-89c8-22fadc1b7858,2025-02-07,16104.88,635837.42,expense,BBMP,Penalty
cd860be7-0677-4098-b1bb-ac9d5e1242f1,bc988342-1383-4a29-b7af-23d779e4f7ec,c27c9006-3f8d-4be9-8ac9-fb0c91f3a2ce,9b12be40-523e-43ac-b1e0-56b200b39928,2025-02-09,58486.52,577350.9,expense,New India Assurance,Property cover
03dca74d-cf30-4589-9961-7d744ba873f7,bc988342-1383-4a29-b7af-23d779e4f7ec,c27c9006-3f8d-4be9-8ac9-fb0c91f3a2ce,f9695d76-897b-4d1d-b699-30bdb8c3bd63,2025-02-10,22893.65,554457.25,expense,Ola,Cab ride
bb352eac-d364-48cb-89ba-33fe736a0a17,bc988342-1383-4a29-b7af-23d779e4f7ec,c27c9006-3f8d-4be9-8ac9-fb0c91f3a2ce,f0181f4d-fdb7-49be-a0d8-f49b0b96030c,2025-02-17,1291.04,553166.21,expense,Delhivery,Shipping charges
bc30bc98-5c54-448a-9927-48caafa9e22b,bc988342-1383-4a29-b7af-23d779e4f7ec,c27c9006-3f8d-4be9-8ac9-fb0c91f3a2ce,afb11444-5eb7-49e4-adb0-6e90808b3f69,2025-02-17,115252.2,437914.01,expense,Axis Bank,Processing fee
4b6e5667-af1a-454f-b30e-5f43df3447a7,bc988342-1383-4a29-b7af-23d779e4f7ec,c27c9006-3f8d-4be9-8ac9-fb0c91f3a2ce,02b93640-5ea9-4023-9ca5-12aaa253ea5b,2025-02-18,464.83,437449.18,expense,BSNL Broadband,Internet bill
a3a5365e-eab7-4e5e-a87e-833035239dca,bc988342-1383-4a29-b7af-23d779e4f7ec,c27c9006-3f8d-4be9-8ac9-fb0c91f3a2ce,820faeca-f72b-4444-b3ed-cc4b2457b6fa,2025-02-23,29828.34,407620.84,expense,Flipkart,Online purchase
25f2a3ef-3ccf-4e72-aafc-4ac47f08d9f5,bc988342-1383-4a29-b7af-23d779e4f7ec,c27c9006-3f8d-4be9-8ac9-fb0c91f3a2ce,352e3807-c4b8-4f2f-b4a0-11f0a676a889,2025-02-25,306.67,407314.17,expense,Blinkit,Instant delivery
ed1e57e2-f1e7-4b53-befb-275a742186cd,bc988342-1383-4a29-b7af-23d779e4f7ec,c27c9006-3f8d-4be9-8ac9-fb0c91f3a2ce,8020f28e-d18c-4677-a747-5497f031a5d2,2025-02-28,38169.61,369144.56,expense,Lakme Salon,Salon visit
4cd1e291-9add-4cb3-8ee5-0ba9fa5d9c7a,bc988342-1383-4a29-b7af-23d779e4f7ec,c27c9006-3f8d-4be9-8ac9-fb0c91f3a2ce,aea49b50-348f-446b-9a35-c970ed3e3a8a,2025-03-03,10147.66,358996.9,expense,Landlord,Monthly rent payment
630176fb-52d7-4d29-8e1a-1da1258a378d,bc988342-1383-4a29-b7af-23d779e4f7ec,c27c9006-3f8d-4be9-8ac9-fb0c91f3a2ce,773ee99e-f4ff-4162-87c7-19387a9ebb97,2025-03-04,1842.43,357154.47,expense,Haldiram's,Lunch
fe09a262-b446-4fc9-bd25-1d78fc9ac0c1,bc988342-1383-4a29-b7af-23d779e4f7ec,c27c9006-3f8d-4be9-8ac9-fb0c91f3a2ce,0d3983fc-2dc6-40e8-898b-3e446f9ffcb2,2025-03-04,229209.28,586363.75,income,Employer,Monthly salary credit
02a4d3be-8446-429a-8e11-39da6f5c289a,bc988342-1383-4a29-b7af-23d779e4f7ec,c27c9006-3f8d-4be9-8ac9-fb0c91f3a2ce,c1794d38-04bb-436c-a349-b7efa2949d59,2025-03-05,499.0,585864.75,expense,Airtel Broadband,Monthly subscription
b0055b59-5b81-44c5-a4f7-9ccab7fdf667,bc988342-1383-4a29-b7af-23d779e4f7ec,c27c9006-3f8d-4be9-8ac9-fb0c91f3a2ce,3e870dc4-9bcb-4d85-a0ed-817b2217e50b,2025-03-07,19700.0,566164.75,expense,HDFC Bank,Loan instalment
e3e95c2e-0e04-4dcb-82e4-63decc76a3c8,bc988342-1383-4a29-b7af-23d779e4f7ec,c27c9006-3f8d-4be9-8ac9-fb0c91f3a2ce,b44b3d71-0880-41d9-8f85-0348da9b0531,2025-03-08,877.89,565286.86,expense,Malabar Gold,Jewellery
0b27783e-e4fc-49f1-a854-913cac112ce5,bc988342-1383-4a29-b7af-23d779e4f7ec,c27c9006-3f8d-4be9-8ac9-fb0c91f3a2ce,f9695d76-897b-4d1d-b699-30bdb8c3bd63,2025-03-09,3740.72,561546.14,expense,Rapido,Bike taxi
272d2c0d-66f7-4b15-bd53-0d9a8fa78b01,bc988342-1383-4a29-b7af-23d779e4f7ec,c27c9006-3f8d-4be9-8ac9-fb0c91f3a2ce,24e016a3-fafe-4519-8295-2f5f87ed7005,2025-03-09,4601.7,556944.44,expense,Starbucks,Coffee
3fecfd5a-5141-41fd-9b89-a7f1266267b0,bc988342-1383-4a29-b7af-23d779e4f7ec,c27c9006-3f8d-4be9-8ac9-fb0c91f3a2ce,248ccf02-2fad-4a57-8831-52e79f698e4c,2025-03-09,1165.85,555778.59,expense,BEST,Bus card recharge
f35f5a80-b3ab-4e0a-9f6a-45da1273cc6c,bc988342-1383-4a29-b7af-23d779e4f7ec,c27c9006-3f8d-4be9-8ac9-fb0c91f3a2ce,a0f82fa6-1252-4e6c-8a29-a1761d72d10c,2025-03-09,4243.36,551535.23,expense,Indian Railways,Train booking
66c774f2-fcde-4629-a53d-c23e61f0ba49,bc988342-1383-4a29-b7af-23d779e4f7ec,c27c9006-3f8d-4be9-8ac9-fb0c91f3a2ce,4e6141b4-8b08-4a48-92e3-00a3aed708d1,2025-03-11,62658.85,488876.38,expense,BESCOM,Electricity bill
f28cb3fc-4045-450d-8045-363b97d2fef5,bc988342-1383-4a29-b7af-23d779e4f7ec,c27c9006-3f8d-4be9-8ac9-fb0c91f3a2ce,67f170d4-68ec-4828-8164-1ab3ae9440e0,2025-03-11,21160.81,467715.57,expense,Decathlon,Sports & leisure gear
9c1e6d39-2f0b-4e73-b548-2ca6e5cad8d7,bc988342-1383-4a29-b7af-23d779e4f7ec,c27c9006-3f8d-4be9-8ac9-fb0c91f3a2ce,a9ffe6eb-4506-488f-8aae-77f81d637f71,2025-03-12,24882.4,442833.17,expense,Ajio,Online fashion
09bda4b0-e12b-4460-b824-d309ffd3ee1d,bc988342-1383-4a29-b7af-23d779e4f7ec,c27c9006-3f8d-4be9-8ac9-fb0c91f3a2ce,2240f66e-6ba1-4bb3-9578-9f6dd6e71363,2025-03-13,17783.8,425049.37,expense,Airtel,Broadband bill
7e3bb519-8e05-4cc1-8ae6-ce906e2122d9,bc988342-1383-4a29-b7af-23d779e4f7ec,c27c9006-3f8d-4be9-8ac9-fb0c91f3a2ce,59617cc5-9fa4-4d85-9493-ae0690ce3405,2025-03-14,3063.8,421985.57,expense,Tyre Shop,Tyre replacement
fe13526d-2d61-4c59-bc8a-02f73467b22c,bc988342-1383-4a29-b7af-23d779e4f7ec,c27c9006-3f8d-4be9-8ac9-fb0c91f3a2ce,773ee99e-f4ff-4162-87c7-19387a9ebb97,2025-03-20,2124.66,419860.91,expense,Mainland China,Anniversary dinner
323632a3-c765-4f80-99ae-2299fa3099ff,bc988342-1383-4a29-b7af-23d779e4f7ec,c27c9006-3f8d-4be9-8ac9-fb0c91f3a2ce,773ee99e-f4ff-4162-87c7-19387a9ebb97,2025-03-26,1556.26,418304.65,expense,Social,Weekend brunch
f454c62a-fde4-4db8-9111-de1df826ff2c,bc988342-1383-4a29-b7af-23d779e4f7ec,c27c9006-3f8d-4be9-8ac9-fb0c91f3a2ce,afb11444-5eb7-49e4-adb0-6e90808b3f69,2025-03-28,106270.66,312033.99,expense,Kotak Bank,Account charges
f4c5bd4d-632e-49bf-aeab-54cbd13080ca,bc988342-1383-4a29-b7af-23d779e4f7ec,c27c9006-3f8d-4be9-8ac9-fb0c91f3a2ce,773ee99e-f4ff-4162-87c7-19387a9ebb97,2025-03-29,884.84,311149.15,expense,Mainland China,Anniversary dinner
12b5570c-5b82-44f2-96bb-9dc5b0d1fe70,bc988342-1383-4a29-b7af-23d779e4f7ec,c27c9006-3f8d-4be9-8ac9-fb0c91f3a2ce,352e3807-c4b8-4f2f-b4a0-11f0a676a889,2025-03-31,3256.14,307893.01,expense,BigBasket,Weekly grocery order
f16ee322-a7b2-4c9a-b326-61fde884c4d6,bc988342-1383-4a29-b7af-23d779e4f7ec,c27c9006-3f8d-4be9-8ac9-fb0c91f3a2ce,94943a15-5000-4909-864f-c229ccc559c2,2025-04-01,2534.27,305358.74,expense,Pepperfry,Furniture order
406b266b-907d-4e02-85cb-9f84963ac29e,bc988342-1383-4a29-b7af-23d779e4f7ec,c27c9006-3f8d-4be9-8ac9-fb0c91f3a2ce,aa200b24-ef0e-410d-9a5e-5cd5e6eb5584,2025-04-02,33638.03,271720.71,expense,Painting Service,Wall painting
1e670e50-fea0-4271-a3a4-3023c17ed2c3,bc988342-1383-4a29-b7af-23d779e4f7ec,c27c9006-3f8d-4be9-8ac9-fb0c91f3a2ce,eb6cafa9-5129-4c5f-a238-d432e93d5710,2025-04-07,5698.85,266021.86,expense,Toll Plaza,Highway toll
f202d03f-d436-47c2-91c1-f59e21fdd160,bc988342-1383-4a29-b7af-23d779e4f7ec,c27c9006-3f8d-4be9-8ac9-fb0c91f3a2ce,c1794d38-04bb-436c-a349-b7efa2949d59,2025-04-09,299.0,265722.86,expense,Amazon Prime,Monthly subscription
d0d37d74-c68f-4ec6-a177-605829a1c73b,bc988342-1383-4a29-b7af-23d779e4f7ec,c27c9006-3f8d-4be9-8ac9-fb0c91f3a2ce,c1794d38-04bb-436c-a349-b7efa2949d59,2025-04-12,42249.56,223473.3,expense,Sony LIV,Streaming subscription
6906ca34-2c0b-4c2d-a023-3a2c1992a3b8,bc988342-1383-4a29-b7af-23d779e4f7ec,c27c9006-3f8d-4be9-8ac9-fb0c91f3a2ce,baf0d272-8682-41c0-acfb-c78f1f2cd9a1,2025-04-13,15711.17,207762.13,expense,Amazon,Electronics order
634044a2-3ff9-46fb-8531-138b386b7b55,bc988342-1383-4a29-b7af-23d779e4f7ec,c27c9006-3f8d-4be9-8ac9-fb0c91f3a2ce,43dc3332-707c-42c3-b0d9-0f067489a82d,2025-04-17,29974.79,177787.34,expense,HP Petrol,Diesel refill
6f8ae621-3801-4ebb-b68e-e0e8c946f256,bc988342-1383-4a29-b7af-23d779e4f7ec,c27c9006-3f8d-4be9-8ac9-fb0c91f3a2ce,223324ac-c0b3-4f8f-bc2b-440cc66d4f97,2025-04-19,5290.22,172497.12,expense,Stanley,Tools purchase
1cd66581-f54d-4e4c-a3c6-ad746b7018ba,bc988342-1383-4a29-b7af-23d779e4f7ec,c27c9006-3f8d-4be9-8ac9-fb0c91f3a2ce,482d3ee1-01c6-4f27-880c-5c2e86ff4326,2025-04-22,33339.34,139157.78,expense,Apollo Hospital,Doctor consultation
8ca566bc-55f7-481e-8542-9d628cc0edd8,bc988342-1383-4a29-b7af-23d779e4f7ec,c27c9006-3f8d-4be9-8ac9-fb0c91f3a2ce,61afab8e-aacd-41f8-8e63-aed9c88790f3,2025-04-27,12548.25,126609.53,expense,SBI Bank,Vehicle loan instalment
cb6f5fb6-deba-4afa-ad6b-92c5c863b826,bc988342-1383-4a29-b7af-23d779e4f7ec,c27c9006-3f8d-4be9-8ac9-fb0c91f3a2ce,820faeca-f72b-4444-b3ed-cc4b2457b6fa,2025-04-27,16211.47,110398.06,expense,Meesho,Online order
fba03aae-10d2-422e-b2de-dce99c79d687,bc988342-1383-4a29-b7af-23d779e4f7ec,c27c9006-3f8d-4be9-8ac9-fb0c91f3a2ce,352e3807-c4b8-4f2f-b4a0-11f0a676a889,2025-04-27,3402.31,106995.75,expense,BigBasket,Weekly grocery order
1cc7acf8-60fa-4d2e-b761-a823d3b80f0d,bc988342-1383-4a29-b7af-23d779e4f7ec,c27c9006-3f8d-4be9-8ac9-fb0c91f3a2ce,4349d060-5a14-49ee-8130-067e37e5c987,2025-04-28,4443.44,102552.31,expense,Bounce,Scooter rental
a7e2d497-8b34-49d4-8957-f5974f32025b,bc988342-1383-4a29-b7af-23d779e4f7ec,c27c9006-3f8d-4be9-8ac9-fb0c91f3a2ce,60260042-9174-4f85-82fc-aed9fb085bca,2025-04-28,8786.61,93765.7,expense,Amazon,Accessories order
f5666aa6-532d-4d3a-97c9-14acafe37a3a,bc988342-1383-4a29-b7af-23d779e4f7ec,c27c9006-3f8d-4be9-8ac9-fb0c91f3a2ce,61afab8e-aacd-41f8-8e63-aed9c88790f3,2025-04-28,4611.55,89154.15,expense,HDFC Bank,Car loan EMI
44537eb7-5eeb-467c-97c7-194e3691710e,bba64a3b-7d90-4be1-9ad9-026801b99f11,c83d7cb5-a30b-458d-b360-6cc22fb06304,aea49b50-348f-446b-9a35-c970ed3e3a8a,2025-01-02,4107.89,1689461.57,expense,NoBroker,Rent via NoBroker
ddb9ec8c-c565-4778-bc6c-11b8f4f6e7dc,bba64a3b-7d90-4be1-9ad9-026801b99f11,c83d7cb5-a30b-458d-b360-6cc22fb06304,e1b2d153-cb13-4270-a0d4-ce6ee99867fa,2025-01-02,8054.09,1681407.48,expense,Wine Shop,Bottle purchase
d996703a-b95a-4bba-9ff5-14897ccc19cf,bba64a3b-7d90-4be1-9ad9-026801b99f11,c83d7cb5-a30b-458d-b360-6cc22fb06304,aea49b50-348f-446b-9a35-c970ed3e3a8a,2025-01-03,39410.14,1641997.34,expense,Housing Society,Rent payment
fdc23c2a-64c7-42e7-8a6c-b8efb8beb45a,bba64a3b-7d90-4be1-9ad9-026801b99f11,c83d7cb5-a30b-458d-b360-6cc22fb06304,62bb0c22-62a3-42ba-a471-bae2976e7fe1,2025-01-03,1338.78,1640658.56,expense,MCA,Filing fee
df0eb7be-dacd-4e43-822c-5dcec2c5423b,bba64a3b-7d90-4be1-9ad9-026801b99f11,c83d7cb5-a30b-458d-b360-6cc22fb06304,9824533c-e6eb-43ff-b2d1-9724f9f59c75,2025-01-04,37690.01,1602968.55,expense,Watchman,Security tip
93388781-6412-4f09-8363-1cda9177bdc4,bba64a3b-7d90-4be1-9ad9-026801b99f11,c83d7cb5-a30b-458d-b360-6cc22fb06304,1936a4f4-2484-487e-9de0-bd4773f631e7,2025-01-05,806.11,1602162.44,expense,Jio,Mobile recharge
b958a322-a6df-4155-a403-be2c21f96f86,bba64a3b-7d90-4be1-9ad9-026801b99f11,c83d7cb5-a30b-458d-b360-6cc22fb06304,e1b2d153-cb13-4270-a0d4-ce6ee99867fa,2025-01-05,13507.62,1588654.82,expense,Wine Shop,Bottle purchase
9c7388f7-1ca8-4a8e-a7b5-9861e17bf024,bba64a3b-7d90-4be1-9ad9-026801b99f11,c83d7cb5-a30b-458d-b360-6cc22fb06304,3e870dc4-9bcb-4d85-a0ed-817b2217e50b,2025-01-06,24500.0,1564154.82,expense,ICICI Bank,Loan EMI
deccf967-37d1-4347-ae94-86a2b5e6aa19,bba64a3b-7d90-4be1-9ad9-026801b99f11,c83d7cb5-a30b-458d-b360-6cc22fb06304,4e6141b4-8b08-4a48-92e3-00a3aed708d1,2025-01-06,28272.87,1535881.95,expense,BSES,Power bill
227f51c2-991e-46bf-9d01-86e7b5926006,bba64a3b-7d90-4be1-9ad9-026801b99f11,c83d7cb5-a30b-458d-b360-6cc22fb06304,7b4b3f22-72da-46c4-913d-6c0f0486886f,2025-01-08,3057.6,1532824.35,expense,Apollo Pharmacy,Medicine purchase
a1e5acc7-98f3-4831-8f7d-e74a413d176a,bba64a3b-7d90-4be1-9ad9-026801b99f11,c83d7cb5-a30b-458d-b360-6cc22fb06304,ba7b532e-605d-4ad5-b9b6-3155499c93eb,2025-01-10,36269.87,1496554.48,expense,SBI Life,Insurance payment
d810d47d-001f-4cea-beb7-5d5875df0316,bba64a3b-7d90-4be1-9ad9-026801b99f11,c83d7cb5-a30b-458d-b360-6cc22fb06304,4e6141b4-8b08-4a48-92e3-00a3aed708d1,2025-01-12,589.12,1495965.36,expense,Adani Electricity,Electricity payment
1377e005-ae6c-4773-a9cc-8a7e6ba894f0,bba64a3b-7d90-4be1-9ad9-026801b99f11,c83d7cb5-a30b-458d-b360-6cc22fb06304,ba7b532e-605d-4ad5-b9b6-3155499c93eb,2025-01-13,7538.78,1488426.58,expense,SBI Life,Insurance payment
c2e73cce-bb92-43e0-821a-1190daa57591,bba64a3b-7d90-4be1-9ad9-026801b99f11,c83d7cb5-a30b-458d-b360-6cc22fb06304,aea49b50-348f-446b-9a35-c970ed3e3a8a,2025-01-13,30735.82,1457690.76,expense,Housing Society,Rent payment
dbf7718d-67c3-48b6-b39a-b5c0438a8615,bba64a3b-7d90-4be1-9ad9-026801b99f11,c83d7cb5-a30b-458d-b360-6cc22fb06304,f0181f4d-fdb7-49be-a0d8-f49b0b96030c,2025-01-13,1107.55,1456583.21,expense,India Post,Courier charges
aac0225b-5b62-4252-aba8-eb60e49498ce,bba64a3b-7d90-4be1-9ad9-026801b99f11,c83d7cb5-a30b-458d-b360-6cc22fb06304,94943a15-5000-4909-864f-c229ccc559c2,2025-01-14,27231.24,1429351.97,expense,Home Centre,Kitchen items
cb9a0633-c30b-4d35-bf4e-3574dda57cf5,bba64a3b-7d90-4be1-9ad9-026801b99f11,c83d7cb5-a30b-458d-b360-6cc22fb06304,2240f66e-6ba1-4bb3-9578-9f6dd6e71363,2025-01-19,4794.43,1424557.54,expense,Gas Agency,LPG cylinder
530283a3-862e-404d-a63e-bbb0605f6de3,bba64a3b-7d90-4be1-9ad9-026801b99f11,c83d7cb5-a30b-458d-b360-6cc22fb06304,ba7b532e-605d-4ad5-b9b6-3155499c93eb,2025-01-20,69564.19,1354993.35,expense,LIC,Life insurance premium
6b658c4a-8f80-4514-b405-9d178dc3d045,bba64a3b-7d90-4be1-9ad9-026801b99f11,c83d7cb5-a30b-458d-b360-6cc22fb06304,223324ac-c0b3-4f8f-bc2b-440cc66d4f97,2025-01-20,10455.99,1344537.36,expense,Local Hardware,Hardware purchase
b6701250-b68c-4672-b809-9227e6bc2789,bba64a3b-7d90-4be1-9ad9-026801b99f11,c83d7cb5-a30b-458d-b360-6cc22fb06304,76b12465-5eec-4e07-98cb-43137e404dcd,2025-01-20,31169.63,1313367.73,expense,Unacademy,Learning platform
fe60a70f-c516-44cd-bfeb-2f2400a6dfc0,bba64a3b-7d90-4be1-9ad9-026801b99f11,c83d7cb5-a30b-458d-b360-6cc22fb06304,aea49b50-348f-446b-9a35-c970ed3e3a8a,2025-01-21,38672.96,1274694.77,expense,Housing Society,Rent payment
4f5aaebe-be8d-4a37-9918-63218849cf31,bba64a3b-7d90-4be1-9ad9-026801b99f11,c83d7cb5-a30b-458d-b360-6cc22fb06304,3e870dc4-9bcb-4d85-a0ed-817b2217e50b,2025-01-22,1598.16,1273096.61,expense,ICICI Bank,Loan EMI
a0432a32-ec8f-4257-a9e1-9fd7cbc38fe8,bba64a3b-7d90-4be1-9ad9-026801b99f11,c83d7cb5-a30b-458d-b360-6cc22fb06304,223324ac-c0b3-4f8f-bc2b-440cc66d4f97,2025-01-24,22390.67,1250705.94,expense,Local Hardware,Hardware purchase
881a8e28-a7a3-4d82-8ad9-c3995a540763,bba64a3b-7d90-4be1-9ad9-026801b99f11,c83d7cb5-a30b-458d-b360-6cc22fb06304,52f50416-8d6b-4f79-aa1e-87189fe727cf,2025-01-27,23915.46,1226790.48,expense,Mamaearth,Skincare
41eee8a2-a57e-4c85-8003-331c7c7430a7,bba64a3b-7d90-4be1-9ad9-026801b99f11,c83d7cb5-a30b-458d-b360-6cc22fb06304,76b12465-5eec-4e07-98cb-43137e404dcd,2025-01-29,37277.82,1189512.66,expense,Coursera,Course subscription
4873d8a3-2973-448a-a551-5c76274ccf97,bba64a3b-7d90-4be1-9ad9-026801b99f11,c83d7cb5-a30b-458d-b360-6cc22fb06304,7b4b3f22-72da-46c4-913d-6c0f0486886f,2025-01-29,35860.97,1153651.69,expense,MedPlus,Pharmacy
9339295f-5ac5-4931-9bc4-640c171c6900,bba64a3b-7d90-4be1-9ad9-026801b99f11,c83d7cb5-a30b-458d-b360-6cc22fb06304,352e3807-c4b8-4f2f-b4a0-11f0a676a889,2025-01-29,4671.4,1148980.29,expense,Zepto,Quick grocery delivery
fbe79f74-abca-4346-aecb-04dec4040ed9,bba64a3b-7d90-4be1-9ad9-026801b99f11,c83d7cb5-a30b-458d-b360-6cc22fb06304,aea49b50-348f-446b-9a35-c970ed3e3a8a,2025-02-03,45800.0,1103180.29,expense,NoBroker,Monthly rent payment
526c5f47-6dc9-4b75-97c2-f33f3a644e36,bba64a3b-7d90-4be1-9ad9-026801b99f11,c83d7cb5-a30b-458d-b360-6cc22fb06304,482d3ee1-01c6-4f27-880c-5c2e86ff4326,2025-02-04,6178.33,1097001.96,expense,Practo,Online consultation
682f47c9-ab0c-4c27-bf47-93521f40a6c9,bba64a3b-7d90-4be1-9ad9-026801b99f11,c83d7cb5-a30b-458d-b360-6cc22fb06304,c1794d38-04bb-436c-a349-b7efa2949d59,2025-02-04,4705.0,1092296.96,expense,Sony LIV,Streaming subscription
6c0f6a88-c026-4177-8d27-e587e180f23a,bba64a3b-7d90-4be1-9ad9-026801b99f11,c83d7cb5-a30b-458d-b360-6cc22fb06304,352e3807-c4b8-4f2f-b4a0-11f0a676a889,2025-02-04,2922.75,1089374.21,expense,DMart,Supermarket shopping
64cbc872-bd73-40e6-9a9d-f5d20cee130d,bba64a3b-7d90-4be1-9ad9-026801b99f11,c83d7cb5-a30b-458d-b360-6cc22fb06304,a9ffe6eb-4506-488f-8aae-77f81d637f71,2025-02-05,9482.04,1079892.17,expense,Myntra,Clothing order
481e9101-d21b-4c9f-abad-f344d455ca45,bba64a3b-7d90-4be1-9ad9-026801b99f11,c83d7cb5-a30b-458d-b360-6cc22fb06304,2240f66e-6ba1-4bb3-9578-9f6dd6e71363,2025-02-06,649.92,1079242.25,expense,Jio Fiber,Internet bill
aecb4774-7795-4a7f-a1aa-f0366a0cf99a,bba64a3b-7d90-4be1-9ad9-026801b99f11,c83d7cb5-a30b-458d-b360-6cc22fb06304,aea49b50-348f-446b-9a35-c970ed3e3a8a,2025-02-07,33070.92,1046171.33,expense,NoBroker,Rent via NoBroker
2643f4c3-73bb-4c7e-bbb1-7254c93e1861,bba64a3b-7d90-4be1-9ad9-026801b99f11,c83d7cb5-a30b-458d-b360-6cc22fb06304,85035d91-6985-446f-90d5-16e1b52a5e52,2025-02-09,1945.53,1044225.8,expense,Airtel DTH,DTH payment
d500c4f7-b8a5-4552-abc9-2fd5d9c6a049,bba64a3b-7d90-4be1-9ad9-026801b99f11,c83d7cb5-a30b-458d-b360-6cc22fb06304,4e6141b4-8b08-4a48-92e3-00a3aed708d1,2025-02-14,44484.68,999741.12,expense,Tata Power,Power bill
e281a71d-2701-4d03-ac27-c3fbbb48545c,bba64a3b-7d90-4be1-9ad9-026801b99f11,c83d7cb5-a30b-458d-b360-6cc22fb06304,948ffb81-b520-4b5d-99fe-0e30b14ff505,2025-02-14,37813.83,961927.29,expense,Amazon Books,Book purchase
86f0303d-2d3a-49b4-b02d-02bf4f34b4a0,bba64a3b-7d90-4be1-9ad9-026801b99f11,c83d7cb5-a30b-458d-b360-6cc22fb06304,245a1bba-ff69-4f13-bb3d-7fff3c2b30be,2025-02-24,2957.9,958969.39,expense,Mall Parking,Parking charges
a76aa136-2d93-45e2-ab8d-e9d5ce4da594,bba64a3b-7d90-4be1-9ad9-026801b99f11,c83d7cb5-a30b-458d-b360-6cc22fb06304,298d4111-2247-4dba-92bb-dbb57d5980a2,2025-02-24,8498.82,950470.57,expense,Vahan Portal,Road tax payment
40e3cd3d-42fa-4e09-819a-71a4f9e4f3ff,bba64a3b-7d90-4be1-9ad9-026801b99f11,c83d7cb5-a30b-458d-b360-6cc22fb06304,7ce32b06-f082-4fbd-a3e5-d5c1d8cb6b23,2025-02-25,24060.82,926409.75,expense,MPL,Online gaming
317ad40d-f0af-4d91-8899-4057cc7b2ee5,bba64a3b-7d90-4be1-9ad9-026801b99f11,c83d7cb5-a30b-458d-b360-6cc22fb06304,52f50416-8d6b-4f79-aa1e-87189fe727cf,2025-03-01,26446.81,899962.94,expense,Forest Essentials,Skincare
7144d978-84df-4d8a-a20b-0789771a440e,bba64a3b-7d90-4be1-9ad9-026801b99f11,c83d7cb5-a30b-458d-b360-6cc22fb06304,61afab8e-aacd-41f8-8e63-aed9c88790f3,2025-03-01,1435.87,898527.07,expense,Mahindra Finance,Vehicle EMI
13ede933-18d6-48ca-aab2-64516388e791,bba64a3b-7d90-4be1-9ad9-026801b99f11,c83d7cb5-a30b-458d-b360-6cc22fb06304,c1794d38-04bb-436c-a349-b7efa2949d59,2025-03-03,299.0,898228.07,expense,Amazon Prime,Monthly subscription
757b6b03-89a6-4d5a-917f-617f975e3ea9,bba64a3b-7d90-4be1-9ad9-026801b99f11,c83d7cb5-a30b-458d-b360-6cc22fb06304,60d066bc-e9ed-4249-b6d9-4da0fa4b9b29,2025-03-04,4124.85,894103.22,expense,Insider.in,Cultural event
7c90ebc6-a82d-42f2-ab1c-905e221c4d82,bba64a3b-7d90-4be1-9ad9-026801b99f11,c83d7cb5-a30b-458d-b360-6cc22fb06304,a9ffe6eb-4506-488f-8aae-77f81d637f71,2025-03-06,17535.06,876568.16,expense,Myntra,Clothing order
bac56f41-f0f5-4b63-9bf2-31217459b819,bba64a3b-7d90-4be1-9ad9-026801b99f11,c83d7cb5-a30b-458d-b360-6cc22fb06304,a9ffe6eb-4506-488f-8aae-77f81d637f71,2025-03-06,17437.95,859130.21,expense,Westside,Seasonal shopping
7edef7ee-bfe2-48cf-b593-ff46dbb4b13b,bba64a3b-7d90-4be1-9ad9-026801b99f11,c83d7cb5-a30b-458d-b360-6cc22fb06304,3e870dc4-9bcb-4d85-a0ed-817b2217e50b,2025-03-07,24500.0,834630.21,expense,Bajaj Finance,Consumer loan
dc74bda1-1db1-4ceb-8173-d4bdc5facf66,bba64a3b-7d90-4be1-9ad9-026801b99f11,c83d7cb5-a30b-458d-b360-6cc22fb06304,24e016a3-fafe-4519-8295-2f5f87ed7005,2025-03-07,3352.12,831278.09,expense,Toit Brewpub,Craft beer
e4e05534-de63-4cd6-b74e-671a0f19406e,bba64a3b-7d90-4be1-9ad9-026801b99f11,c83d7cb5-a30b-458d-b360-6cc22fb06304,aea49b50-348f-446b-9a35-c970ed3e3a8a,2025-03-07,41357.03,789921.06,expense,NoBroker,Rent via NoBroker
cb680ebc-28e2-4c65-ad77-7664d0e5e4aa,bba64a3b-7d90-4be1-9ad9-026801b99f11,c83d7cb5-a30b-458d-b360-6cc22fb06304,9b12be40-523e-43ac-b1e0-56b200b39928,2025-03-10,63441.47,726479.59,expense,ICICI Lombard,Property insurance premium
3cb96906-7a52-432f-8ec6-671d41c53110,bba64a3b-7d90-4be1-9ad9-026801b99f11,c83d7cb5-a30b-458d-b360-6cc22fb06304,ee7c44a4-b997-4955-8565-e0095cc9a643,2025-03-11,25380.16,701099.43,expense,IndiGo,Business travel flight
99e9b6a9-9a03-4bfe-a86c-f9d2e54504fa,bba64a3b-7d90-4be1-9ad9-026801b99f11,c83d7cb5-a30b-458d-b360-6cc22fb06304,62f6b8d3-1048-4d35-8644-028a80420f06,2025-03-11,9273.19,691826.24,expense,Local Gift Shop,Gift
28ea5910-b897-4197-b912-8457efb292b1,bba64a3b-7d90-4be1-9ad9-026801b99f11,c83d7cb5-a30b-458d-b360-6cc22fb06304,1936a4f4-2484-487e-9de0-bd4773f631e7,2025-03-17,650.53,691175.71,expense,BSNL,Mobile bill
4225274d-3053-4dc6-9c62-412fe80977b2,bba64a3b-7d90-4be1-9ad9-026801b99f11,c83d7cb5-a30b-458d-b360-6cc22fb06304,773ee99e-f4ff-4162-87c7-19387a9ebb97,2025-03-17,2939.87,688235.84,expense,Haldiram's,Lunch
4b6cf706-37db-4799-bbcf-2cdf76fdb385,bba64a3b-7d90-4be1-9ad9-026801b99f11,c83d7cb5-a30b-458d-b360-6cc22fb06304,2240f66e-6ba1-4bb3-9578-9f6dd6e71363,2025-03-17,363.68,687872.16,expense,BWSSB,Water bill
fd988841-c55a-45f9-ab4a-8e56515bdc0d,bba64a3b-7d90-4be1-9ad9-026801b99f11,c83d7cb5-a30b-458d-b360-6cc22fb06304,352e3807-c4b8-4f2f-b4a0-11f0a676a889,2025-03-17,2267.48,685604.68,expense,JioMart,Online grocery order
6b140f6d-dcee-451f-8ac6-b02bec142d23,bba64a3b-7d90-4be1-9ad9-026801b99f11,c83d7cb5-a30b-458d-b360-6cc22fb06304,f89d39f0-2919-467d-9eae-73947cd92572,2025-03-18,1953.19,683651.49,expense,Pizza Hut,Pizza order
f12aa985-e1d3-446d-833d-d201712d8141,bba64a3b-7d90-4be1-9ad9-026801b99f11,c83d7cb5-a30b-458d-b360-6cc22fb06304,482d3ee1-01c6-4f27-880c-5c2e86ff4326,2025-03-19,3014.17,680637.32,expense,Max Hospital,Healthcare
488dd0ff-59a2-4033-ad9d-6567780129cc,bba64a3b-7d90-4be1-9ad9-026801b99f11,c83d7cb5-a30b-458d-b360-6cc22fb06304,773ee99e-f4ff-4162-87c7-19387a9ebb97,2025-03-20,4483.16,676154.16,expense,Mainland China,Anniversary dinner
8d3f75bd-cfdc-49ac-9eba-58b6aae6ac78,bba64a3b-7d90-4be1-9ad9-026801b99f11,c83d7cb5-a30b-458d-b360-6cc22fb06304,7b4b3f22-72da-46c4-913d-6c0f0486886f,2025-03-21,11468.61,664685.55,expense,NetMeds,Online medicine order
5731bc95-c4ed-491e-9a2d-edd9455ca868,bba64a3b-7d90-4be1-9ad9-026801b99f11,c83d7cb5-a30b-458d-b360-6cc22fb06304,7ce32b06-f082-4fbd-a3e5-d5c1d8cb6b23,2025-03-22,32537.98,632147.57,expense,MPL,Online gaming
3feaa7d2-8784-4ee5-9d79-9d7a32d09708,bba64a3b-7d90-4be1-9ad9-026801b99f11,c83d7cb5-a30b-458d-b360-6cc22fb06304,7d54e629-cfd3-42d6-93ed-efbfbbbfa7d6,2025-03-23,90587.07,541560.5,expense,CA Firm,Tax advisory
d7b63b68-de95-4519-bb73-a6423c78c082,bba64a3b-7d90-4be1-9ad9-026801b99f11,c83d7cb5-a30b-458d-b360-6cc22fb06304,44142b8c-0a2a-4f19-9d1f-e4b5898c28b2,2025-03-23,13523.77,528036.73,expense,Garden Store,Gardening supplies
a4053bf4-3046-4819-a4a9-89e558510914,bba64a3b-7d90-4be1-9ad9-026801b99f11,c83d7cb5-a30b-458d-b360-6cc22fb06304,52f50416-8d6b-4f79-aa1e-87189fe727cf,2025-03-27,25643.95,502392.78,expense,Purplle,Cosmetics
9cf8aeed-3e54-4408-ae8d-69793bc8a035,bba64a3b-7d90-4be1-9ad9-026801b99f11,c83d7cb5-a30b-458d-b360-6cc22fb06304,a9ffe6eb-4506-488f-8aae-77f81d637f71,2025-03-28,15011.67,487381.11,expense,Bata,Footwear
a966d8aa-e42c-4e34-8b49-8b9184d21a7c,bba64a3b-7d90-4be1-9ad9-026801b99f11,c83d7cb5-a30b-458d-b360-6cc22fb06304,96425e71-00ab-44ec-b7a5-b7bc7c419b3c,2025-03-29,7243.37,480137.74,expense,SBI,Housing loan instalment
ec69c369-e277-4601-871f-ddac7a87abd3,bba64a3b-7d90-4be1-9ad9-026801b99f11,c83d7cb5-a30b-458d-b360-6cc22fb06304,9cc575a8-fc65-4f4a-abf5-8594a4d342a0,2025-03-29,128.94,480008.8,expense,Local Shop,PC accessories
a9d22f0d-8759-4256-ae50-f9a2ea1034a1,bba64a3b-7d90-4be1-9ad9-026801b99f11,c83d7cb5-a30b-458d-b360-6cc22fb06304,0d3983fc-2dc6-40e8-898b-3e446f9ffcb2,2025-04-02,150652.9,630661.7,income,Payroll,Salary deposit
c19bdddf-be67-4de1-9ce8-7ae40dd77f91,bba64a3b-7d90-4be1-9ad9-026801b99f11,c83d7cb5-a30b-458d-b360-6cc22fb06304,aea49b50-348f-446b-9a35-c970ed3e3a8a,2025-04-02,45800.0,584861.7,expense,NoBroker,Monthly rent payment
e340578e-c182-4751-acf1-a40b9d0bf34e,bba64a3b-7d90-4be1-9ad9-026801b99f11,c83d7cb5-a30b-458d-b360-6cc22fb06304,2240f66e-6ba1-4bb3-9578-9f6dd6e71363,2025-04-02,17605.52,567256.18,expense,Airtel,Broadband bill
535edaf3-cbc8-498e-a2a7-95abdded433c,bba64a3b-7d90-4be1-9ad9-026801b99f11,c83d7cb5-a30b-458d-b360-6cc22fb06304,c1794d38-04bb-436c-a349-b7efa2949d59,2025-04-07,299.0,566957.18,expense,Amazon Prime,Monthly subscription
92f94363-6e25-4523-ac83-9ebdc79e3e62,bba64a3b-7d90-4be1-9ad9-026801b99f11,c83d7cb5-a30b-458d-b360-6cc22fb06304,c1794d38-04bb-436c-a349-b7efa2949d59,2025-04-07,99.0,566858.18,expense,Apple Music,Monthly subscription
20bb9b84-1150-42c2-a587-7f4423b66ef8,bba64a3b-7d90-4be1-9ad9-026801b99f11,c83d7cb5-a30b-458d-b360-6cc22fb06304,1936a4f4-2484-487e-9de0-bd4773f631e7,2025-04-08,891.33,565966.85,expense,Jio,Mobile recharge
665441ca-f297-4298-88b7-66eaea7800b0,bba64a3b-7d90-4be1-9ad9-026801b99f11,c83d7cb5-a30b-458d-b360-6cc22fb06304,60d066bc-e9ed-4249-b6d9-4da0fa4b9b29,2025-04-09,21766.56,544200.29,expense,PVR Cinemas,Cinema
3847d44a-72e9-487c-928a-0b8fc8aba245,bba64a3b-7d90-4be1-9ad9-026801b99f11,c83d7cb5-a30b-458d-b360-6cc22fb06304,afb11444-5eb7-49e4-adb0-6e90808b3f69,2025-04-10,42491.72,501708.57,expense,Axis Bank,Processing fee
ae87083e-f098-464b-b673-20abd10aa678,bba64a3b-7d90-4be1-9ad9-026801b99f11,c83d7cb5-a30b-458d-b360-6cc22fb06304,c1794d38-04bb-436c-a349-b7efa2949d59,2025-04-11,119.0,501589.57,expense,Spotify,Monthly subscription
f2064e52-db1d-4312-ba83-3b205b6803e4,bba64a3b-7d90-4be1-9ad9-026801b99f11,c83d7cb5-a30b-458d-b360-6cc22fb06304,7d54e629-cfd3-42d6-93ed-efbfbbbfa7d6,2025-04-11,44605.19,456984.38,expense,CA Firm,Tax advisory
d77902a5-f560-40f6-9666-51433c8a0c24,bba64a3b-7d90-4be1-9ad9-026801b99f11,c83d7cb5-a30b-458d-b360-6cc22fb06304,f9695d76-897b-4d1d-b699-30bdb8c3bd63,2025-04-12,11711.86,445272.52,expense,Rapido,Bike taxi
5357ebb5-6d65-44c7-831f-92c6bf7aab5d,bba64a3b-7d90-4be1-9ad9-026801b99f11,c83d7cb5-a30b-458d-b360-6cc22fb06304,9824533c-e6eb-43ff-b2d1-9724f9f59c75,2025-04-13,34983.8,410288.72,expense,Laundry,Laundry service
1f408ffa-932d-4838-80a1-65237964a147,bba64a3b-7d90-4be1-9ad9-026801b99f11,c83d7cb5-a30b-458d-b360-6cc22fb06304,2240f66e-6ba1-4bb3-9578-9f6dd6e71363,2025-04-14,882.26,409406.46,expense,BWSSB,Water bill
180fba02-e2c4-4747-b4a3-88de44b2b4e6,bba64a3b-7d90-4be1-9ad9-026801b99f11,c83d7cb5-a30b-458d-b360-6cc22fb06304,f89d39f0-2919-467d-9eae-73947cd92572,2025-04-15,754.44,408652.02,expense,Burger King,Burger meal
658d72dc-3e50-48ba-abe9-d29f1e9aa46b,bba64a3b-7d90-4be1-9ad9-026801b99f11,c83d7cb5-a30b-458d-b360-6cc22fb06304,9824533c-e6eb-43ff-b2d1-9724f9f59c75,2025-04-17,4194.39,404457.63,expense,Cook,Cook wages
50edce2f-92da-461e-adfd-81165912a995,bba64a3b-7d90-4be1-9ad9-026801b99f11,c83d7cb5-a30b-458d-b360-6cc22fb06304,62bb0c22-62a3-42ba-a471-bae2976e7fe1,2025-04-18,80214.85,324242.78,expense,MCA,Filing fee
0edfb967-4a8c-4f0d-9942-044cd1f35203,bba64a3b-7d90-4be1-9ad9-026801b99f11,c83d7cb5-a30b-458d-b360-6cc22fb06304,8020f28e-d18c-4677-a747-5497f031a5d2,2025-04-19,20930.34,303312.44,expense,Salon,Hair cut and styling
19b3d52d-b701-4501-86bc-86adc654c787,bba64a3b-7d90-4be1-9ad9-026801b99f11,c83d7cb5-a30b-458d-b360-6cc22fb06304,c1794d38-04bb-436c-a349-b7efa2949d59,2025-04-20,21535.75,281776.69,expense,Spotify,Music subscription
32a1c26a-063e-4ec1-95ee-7aac70f56d6d,bba64a3b-7d90-4be1-9ad9-026801b99f11,c83d7cb5-a30b-458d-b360-6cc22fb06304,8020f28e-d18c-4677-a747-5497f031a5d2,2025-04-20,32752.01,249024.68,expense,Lakme Salon,Salon visit
07c8bc65-0406-44ab-9628-5dc316df631d,bba64a3b-7d90-4be1-9ad9-026801b99f11,c83d7cb5-a30b-458d-b360-6cc22fb06304,352e3807-c4b8-4f2f-b4a0-11f0a676a889,2025-04-22,4334.33,244690.35,expense,DMart,Supermarket shopping
19d8ef42-a92f-46dc-833d-867dddf0d116,bba64a3b-7d90-4be1-9ad9-026801b99f11,c83d7cb5-a30b-458d-b360-6cc22fb06304,223324ac-c0b3-4f8f-bc2b-440cc66d4f97,2025-04-22,22761.32,221929.03,expense,Stanley,Tools purchase
31656e7a-2c9f-44b0-bfae-23f5bc60b71a,bba64a3b-7d90-4be1-9ad9-026801b99f11,c83d7cb5-a30b-458d-b360-6cc22fb06304,aea49b50-348f-446b-9a35-c970ed3e3a8a,2025-04-24,18915.36,203013.67,expense,NoBroker,Rent via NoBroker
cf416104-7c03-4609-836d-25d744673a97,bba64a3b-7d90-4be1-9ad9-026801b99f11,c83d7cb5-a30b-458d-b360-6cc22fb06304,aea49b50-348f-446b-9a35-c970ed3e3a8a,2025-04-27,65396.65,137617.02,expense,NoBroker,Rent via NoBroker
ff02e84d-45c7-41ea-b409-5bf9b753be68,bba64a3b-7d90-4be1-9ad9-026801b99f11,c83d7cb5-a30b-458d-b360-6cc22fb06304,482d3ee1-01c6-4f27-880c-5c2e86ff4326,2025-04-27,47206.15,90410.87,expense,Apollo Hospital,Doctor consultation
f55265b8-b632-427b-9142-5c48b605c395,bba64a3b-7d90-4be1-9ad9-026801b99f11,c83d7cb5-a30b-458d-b360-6cc22fb06304,773ee99e-f4ff-4162-87c7-19387a9ebb97,2025-04-28,1792.91,88617.96,expense,Local Restaurant,Quick lunch
4264b33b-3e08-485d-9e36-073911134e6b,bba64a3b-7d90-4be1-9ad9-026801b99f11,c83d7cb5-a30b-458d-b360-6cc22fb06304,d926a624-ee93-4c92-bd0e-202091a8548e,2025-04-30,68990.97,19626.99,expense,HDFC CC,Credit card bill
5334f2ad-b699-4084-a162-dd9b112bfbdb,bba64a3b-7d90-4be1-9ad9-026801b99f11,e49107ad-1864-4b6e-b2e0-213bd4f5eff6,06112ebb-b73c-40a0-aaba-87c783f69c60,2025-01-05,31358.51,2026241.02,expense,Local Store,Hobby items
c2b56813-df2d-4911-a224-f6eb5ea3361e,bba64a3b-7d90-4be1-9ad9-026801b99f11,e49107ad-1864-4b6e-b2e0-213bd4f5eff6,abe7e3b4-e94a-47f4-bb4c-ee2b5dfb1afb,2025-01-07,6149.4,2020091.62,expense,Zerodha,Stock purchase
64a2dbc7-3bf1-4d44-a01f-89a7b85fdba3,bba64a3b-7d90-4be1-9ad9-026801b99f11,e49107ad-1864-4b6e-b2e0-213bd4f5eff6,3e870dc4-9bcb-4d85-a0ed-817b2217e50b,2025-01-08,106281.37,1913810.25,expense,HDFC Bank,Loan instalment
7ec932e2-ed8d-436e-8ec6-c2ea61a8a25b,bba64a3b-7d90-4be1-9ad9-026801b99f11,e49107ad-1864-4b6e-b2e0-213bd4f5eff6,a9ffe6eb-4506-488f-8aae-77f81d637f71,2025-01-08,35946.76,1877863.49,expense,Bata,Footwear
efe6a3d8-f374-483b-ba21-fa6fd5d1ac75,bba64a3b-7d90-4be1-9ad9-026801b99f11,e49107ad-1864-4b6e-b2e0-213bd4f5eff6,19a947a7-2996-47c2-bc43-72e18eabee1f,2025-01-08,6086.19,1871777.3,expense,Kotak Bank,FD booking
8f16be3f-8b78-4c29-bca7-688313096b6d,bba64a3b-7d90-4be1-9ad9-026801b99f11,e49107ad-1864-4b6e-b2e0-213bd4f5eff6,352e3807-c4b8-4f2f-b4a0-11f0a676a889,2025-01-10,4639.13,1867138.17,expense,Blinkit,Instant delivery
4e420bd0-a8ec-4217-982d-6fe66de5c51d,bba64a3b-7d90-4be1-9ad9-026801b99f11,e49107ad-1864-4b6e-b2e0-213bd4f5eff6,55f4b023-f035-432f-8d19-0e1063848ee1,2025-01-11,6014.71,1861123.46,expense,Art Gallery,Art investment
bed209e6-7902-4863-b2fd-739342112160,bba64a3b-7d90-4be1-9ad9-026801b99f11,e49107ad-1864-4b6e-b2e0-213bd4f5eff6,c1794d38-04bb-436c-a349-b7efa2949d59,2025-01-11,12448.06,1848675.4,expense,Hotstar,OTT subscription
411dffc3-1d56-403e-a386-300a2b18fdfb,bba64a3b-7d90-4be1-9ad9-026801b99f11,e49107ad-1864-4b6e-b2e0-213bd4f5eff6,aa200b24-ef0e-410d-9a5e-5cd5e6eb5584,2025-01-12,6905.3,1841770.1,expense,Carpenter,Carpentry work
dcc322d1-b859-45a5-b0fe-3f5ae19d75a5,bba64a3b-7d90-4be1-9ad9-026801b99f11,e49107ad-1864-4b6e-b2e0-213bd4f5eff6,02b93640-5ea9-4023-9ca5-12aaa253ea5b,2025-01-12,3276.43,1838493.67,expense,ACT Fibernet,Internet payment
5e0a3fed-29d0-46e0-b863-d45f13e0f599,bba64a3b-7d90-4be1-9ad9-026801b99f11,e49107ad-1864-4b6e-b2e0-213bd4f5eff6,62f6b8d3-1048-4d35-8644-028a80420f06,2025-01-13,2725.59,1835768.08,expense,Local Gift Shop,Gift
d5592aba-fba3-4434-a396-71efb736785a,bba64a3b-7d90-4be1-9ad9-026801b99f11,e49107ad-1864-4b6e-b2e0-213bd4f5eff6,ba7b532e-605d-4ad5-b9b6-3155499c93eb,2025-01-14,92270.35,1743497.73,expense,ICICI Prudential,Policy premium
a82d9ebf-c095-46dc-8de1-e79dc9161e11,bba64a3b-7d90-4be1-9ad9-026801b99f11,e49107ad-1864-4b6e-b2e0-213bd4f5eff6,d926a624-ee93-4c92-bd0e-202091a8548e,2025-01-16,105705.41,1637792.32,expense,Bank,Bank charges
2754b54b-a23e-4926-9d23-ddbcdc153dd7,bba64a3b-7d90-4be1-9ad9-026801b99f11,e49107ad-1864-4b6e-b2e0-213bd4f5eff6,4e6141b4-8b08-4a48-92e3-00a3aed708d1,2025-01-17,26919.89,1610872.43,expense,Adani Electricity,Electricity payment
03154dae-294e-4bd4-b8da-e9d90169fff1,bba64a3b-7d90-4be1-9ad9-026801b99f11,e49107ad-1864-4b6e-b2e0-213bd4f5eff6,afb11444-5eb7-49e4-adb0-6e90808b3f69,2025-01-18,46934.43,1563938.0,expense,Bank,ATM charges
85016edc-f7b9-499b-9a09-994b397bfbbd,bba64a3b-7d90-4be1-9ad9-026801b99f11,e49107ad-1864-4b6e-b2e0-213bd4f5eff6,ba7b532e-605d-4ad5-b9b6-3155499c93eb,2025-01-18,15286.22,1548651.78,expense,HDFC Life,Term plan premium
f8ef259e-4176-47c8-8579-ab965bb0ecc0,bba64a3b-7d90-4be1-9ad9-026801b99f11,e49107ad-1864-4b6e-b2e0-213bd4f5eff6,7b4b3f22-72da-46c4-913d-6c0f0486886f,2025-01-20,4267.4,1544384.38,expense,MedPlus,Pharmacy
071969fe-04ab-43ba-b31e-8dd90b8bde69,bba64a3b-7d90-4be1-9ad9-026801b99f11,e49107ad-1864-4b6e-b2e0-213bd4f5eff6,76b12465-5eec-4e07-98cb-43137e404dcd,2025-01-22,7763.31,1536621.07,expense,Duolingo,Language learning
19328486-b1ce-477a-abcd-fc1576d4e9d0,bba64a3b-7d90-4be1-9ad9-026801b99f11,e49107ad-1864-4b6e-b2e0-213bd4f5eff6,773ee99e-f4ff-4162-87c7-19387a9ebb97,2025-01-26,1720.36,1534900.71,expense,Local Restaurant,Quick lunch
4b71aec0-9731-4474-92ac-b3547ea90676,bba64a3b-7d90-4be1-9ad9-026801b99f11,e49107ad-1864-4b6e-b2e0-213bd4f5eff6,489f5d0e-1a15-4527-bbe0-a4d15d125f35,2025-01-27,2289.35,1532611.36,expense,Local Pet Shop,Pet accessories
e12289c4-43e0-45a1-8c20-5d838066f74f,bba64a3b-7d90-4be1-9ad9-026801b99f11,e49107ad-1864-4b6e-b2e0-213bd4f5eff6,52f50416-8d6b-4f79-aa1e-87189fe727cf,2025-01-27,3352.97,1529258.39,expense,Nykaa,Beauty products
d06e49ae-f3a5-44d7-a37a-2625395765da,bba64a3b-7d90-4be1-9ad9-026801b99f11,e49107ad-1864-4b6e-b2e0-213bd4f5eff6,245a1bba-ff69-4f13-bb3d-7fff3c2b30be,2025-01-29,18337.42,1510920.97,expense,Mall Parking,Parking charges
e0690fb3-981b-4424-b795-10a4a7c3da5e,bba64a3b-7d90-4be1-9ad9-026801b99f11,e49107ad-1864-4b6e-b2e0-213bd4f5eff6,ba7b532e-605d-4ad5-b9b6-3155499c93eb,2025-02-01,37226.05,1473694.92,expense,ICICI Prudential,Policy premium
4b5e9dc5-db25-448b-aa8a-b4dac5d7409a,bba64a3b-7d90-4be1-9ad9-026801b99f11,e49107ad-1864-4b6e-b2e0-213bd4f5eff6,52f50416-8d6b-4f79-aa1e-87189fe727cf,2025-02-02,24506.04,1449188.88,expense,Forest Essentials,Skincare
6a9e4a9b-bc2e-46e1-bd23-a6897364de83,bba64a3b-7d90-4be1-9ad9-026801b99f11,e49107ad-1864-4b6e-b2e0-213bd4f5eff6,2240f66e-6ba1-4bb3-9578-9f6dd6e71363,2025-02-03,69956.36,1379232.52,expense,Jio Fiber,Internet bill
7f62c6bd-5c23-4f6e-97cf-fd66cd1ac604,bba64a3b-7d90-4be1-9ad9-026801b99f11,e49107ad-1864-4b6e-b2e0-213bd4f5eff6,1936a4f4-2484-487e-9de0-bd4773f631e7,2025-02-03,191.74,1379040.78,expense,BSNL,Mobile bill
ab1e8894-634f-46e5-9417-63748ec0b658,bba64a3b-7d90-4be1-9ad9-026801b99f11,e49107ad-1864-4b6e-b2e0-213bd4f5eff6,afb11444-5eb7-49e4-adb0-6e90808b3f69,2025-02-03,12244.37,1366796.41,expense,Bank,ATM charges
d2d98517-20c2-4146-9fdd-2736a5a35586,bba64a3b-7d90-4be1-9ad9-026801b99f11,e49107ad-1864-4b6e-b2e0-213bd4f5eff6,a9ffe6eb-4506-488f-8aae-77f81d637f71,2025-02-03,36157.87,1330638.54,expense,Bata,Footwear
d3280b71-7f0f-4d72-bd33-038e66e10b54,bba64a3b-7d90-4be1-9ad9-026801b99f11,e49107ad-1864-4b6e-b2e0-213bd4f5eff6,298d4111-2247-4dba-92bb-dbb57d5980a2,2025-02-03,15315.82,1315322.72,expense,Vahan Portal,Road tax payment
f68f2d7f-72aa-45db-a92a-7705cc88fe12,bba64a3b-7d90-4be1-9ad9-026801b99f11,e49107ad-1864-4b6e-b2e0-213bd4f5eff6,abe7e3b4-e94a-47f4-bb4c-ee2b5dfb1afb,2025-02-04,5999.07,1309323.65,expense,Upstox,Equity buy
b94c48fc-0e7f-469f-a10a-de26d7c76d8f,bba64a3b-7d90-4be1-9ad9-026801b99f11,e49107ad-1864-4b6e-b2e0-213bd4f5eff6,c1794d38-04bb-436c-a349-b7efa2949d59,2025-02-05,299.0,1309024.65,expense,Amazon Prime,Monthly subscription
e255c2f8-4b66-4589-866c-dbb972d71ed9,bba64a3b-7d90-4be1-9ad9-026801b99f11,e49107ad-1864-4b6e-b2e0-213bd4f5eff6,c1794d38-04bb-436c-a349-b7efa2949d59,2025-02-05,119.0,1308905.65,expense,Spotify,Monthly subscription
12fb4e35-7caf-4fba-8002-52a2204bc40b,bba64a3b-7d90-4be1-9ad9-026801b99f11,e49107ad-1864-4b6e-b2e0-213bd4f5eff6,19a947a7-2996-47c2-bc43-72e18eabee1f,2025-02-06,5928.36,1302977.29,expense,SBI,FD creation
2e147686-7c33-452a-9231-71509a00c0f0,bba64a3b-7d90-4be1-9ad9-026801b99f11,e49107ad-1864-4b6e-b2e0-213bd4f5eff6,68662b1b-9e19-427c-8a6f-0dea71240479,2025-02-07,997.09,1301980.2,expense,Microsoft,Software subscription
b375e22f-0536-4e78-8163-4f3d5faa733e,bba64a3b-7d90-4be1-9ad9-026801b99f11,e49107ad-1864-4b6e-b2e0-213bd4f5eff6,248ccf02-2fad-4a57-8831-52e79f698e4c,2025-02-07,27549.89,1274430.31,expense,KSRTC,Bus ticket
3af7f5b9-dac2-44ff-bd6d-994f41d61b9d,bba64a3b-7d90-4be1-9ad9-026801b99f11,e49107ad-1864-4b6e-b2e0-213bd4f5eff6,55f4b023-f035-432f-8d19-0e1063848ee1,2025-02-08,5946.98,1268483.33,expense,Antique Store,Collection investment
f27be43a-0763-4caf-95e0-22a94e65ea36,bba64a3b-7d90-4be1-9ad9-026801b99f11,e49107ad-1864-4b6e-b2e0-213bd4f5eff6,9824533c-e6eb-43ff-b2d1-9724f9f59c75,2025-02-09,21049.4,1247433.93,expense,Maid,Maid salary
0635d73d-8b78-44dd-b355-e09002a7c022,bba64a3b-7d90-4be1-9ad9-026801b99f11,e49107ad-1864-4b6e-b2e0-213bd4f5eff6,68662b1b-9e19-427c-8a6f-0dea71240479,2025-02-10,3445.1,1243988.83,expense,Microsoft,Software subscription
7cf5c331-931b-435d-ac02-673c67044c71,bba64a3b-7d90-4be1-9ad9-026801b99f11,e49107ad-1864-4b6e-b2e0-213bd4f5eff6,67f170d4-68ec-4828-8164-1ab3ae9440e0,2025-02-10,28907.32,1215081.51,expense,Decathlon,Sports & leisure gear
91a40bfd-b753-43a9-9f67-0f71d355ae4a,bba64a3b-7d90-4be1-9ad9-026801b99f11,e49107ad-1864-4b6e-b2e0-213bd4f5eff6,773ee99e-f4ff-4162-87c7-19387a9ebb97,2025-02-12,3552.37,1211529.14,expense,Local Restaurant,Quick lunch
fda6576f-d668-4ae8-8578-d2847034ae9a,bba64a3b-7d90-4be1-9ad9-026801b99f11,e49107ad-1864-4b6e-b2e0-213bd4f5eff6,e449546b-a5d2-425f-9873-40aac234c33e,2025-02-13,34789.2,1176739.94,expense,Local Entertainment,Entertainment expense
7bdaa232-7ac5-43d7-b385-f821983ac8e2,bba64a3b-7d90-4be1-9ad9-026801b99f11,e49107ad-1864-4b6e-b2e0-213bd4f5eff6,49b46c39-e438-4284-95c0-8dd9c25bbe33,2025-02-14,1485.39,1175254.55,expense,Zomato,Meal delivery
a2fd7e0c-5b22-4bc6-9ec5-871724dac5ad,bba64a3b-7d90-4be1-9ad9-026801b99f11,e49107ad-1864-4b6e-b2e0-213bd4f5eff6,96425e71-00ab-44ec-b7a5-b7bc7c419b3c,2025-02-14,23493.76,1151760.79,expense,LIC HFL,Mortgage payment
d8e9c0bc-cd35-404e-9c0b-3205759a8deb,bba64a3b-7d90-4be1-9ad9-026801b99f11,e49107ad-1864-4b6e-b2e0-213bd4f5eff6,8020f28e-d18c-4677-a747-5497f031a5d2,2025-02-14,10884.32,1140876.47,expense,Lakme Salon,Salon visit
e891ce73-5310-4d41-bf65-1ab2ed87c929,bba64a3b-7d90-4be1-9ad9-026801b99f11,e49107ad-1864-4b6e-b2e0-213bd4f5eff6,06112ebb-b73c-40a0-aaba-87c783f69c60,2025-02-14,25875.42,1115001.05,expense,Amazon,Hobby supplies
52a41191-9e86-49a5-8719-f21540815b9d,bba64a3b-7d90-4be1-9ad9-026801b99f11,e49107ad-1864-4b6e-b2e0-213bd4f5eff6,248ccf02-2fad-4a57-8831-52e79f698e4c,2025-02-15,7983.11,1107017.94,expense,BEST,Bus card recharge
a3a03cb6-347b-4434-a1e1-a561e255a0c5,bba64a3b-7d90-4be1-9ad9-026801b99f11,e49107ad-1864-4b6e-b2e0-213bd4f5eff6,948ffb81-b520-4b5d-99fe-0e30b14ff505,2025-02-20,24972.19,1082045.75,expense,Amazon Books,Book purchase
205f6253-9ae2-482e-83eb-c74946884073,bba64a3b-7d90-4be1-9ad9-026801b99f11,e49107ad-1864-4b6e-b2e0-213bd4f5eff6,59617cc5-9fa4-4d85-9493-ae0690ce3405,2025-02-22,1094.99,1080950.76,expense,Honda Service,Vehicle maintenance
ce68623a-21c3-410b-ad61-e28e46aef529,bba64a3b-7d90-4be1-9ad9-026801b99f11,e49107ad-1864-4b6e-b2e0-213bd4f5eff6,62bb0c22-62a3-42ba-a471-bae2976e7fe1,2025-02-22,36054.8,1044895.96,expense,GST Portal,GST payment
1fb89c22-d465-4f8b-801d-5350886162c5,bba64a3b-7d90-4be1-9ad9-026801b99f11,e49107ad-1864-4b6e-b2e0-213bd4f5eff6,ee7c44a4-b997-4955-8565-e0095cc9a643,2025-02-23,1338.64,1043557.32,expense,Uber,Client visit cab
cb0c7f85-4035-4f6c-b3ce-1b47e9156cba,bba64a3b-7d90-4be1-9ad9-026801b99f11,e49107ad-1864-4b6e-b2e0-213bd4f5eff6,baf0d272-8682-41c0-acfb-c78f1f2cd9a1,2025-02-24,29134.32,1014423.0,expense,Croma,Electronics purchase
0723dd9a-3b2a-4db6-96d2-2c001a12730d,bba64a3b-7d90-4be1-9ad9-026801b99f11,e49107ad-1864-4b6e-b2e0-213bd4f5eff6,3e870dc4-9bcb-4d85-a0ed-817b2217e50b,2025-02-25,31002.11,983420.89,expense,Bajaj Finance,Consumer loan
0dcb08e0-8b09-4931-8160-2ef9b4009544,bba64a3b-7d90-4be1-9ad9-026801b99f11,e49107ad-1864-4b6e-b2e0-213bd4f5eff6,baf0d272-8682-41c0-acfb-c78f1f2cd9a1,2025-02-27,22685.79,960735.1,expense,Reliance Digital,Gadget purchase
82f8afac-af6a-4de7-8dca-ab72e04deaa1,bba64a3b-7d90-4be1-9ad9-026801b99f11,e49107ad-1864-4b6e-b2e0-213bd4f5eff6,baf0d272-8682-41c0-acfb-c78f1f2cd9a1,2025-02-27,37265.73,923469.37,expense,Samsung Store,Mobile accessory
d63e1c86-9f3a-46ef-adbf-26cd40f6fa78,bba64a3b-7d90-4be1-9ad9-026801b99f11,e49107ad-1864-4b6e-b2e0-213bd4f5eff6,52f50416-8d6b-4f79-aa1e-87189fe727cf,2025-02-28,35648.44,887820.93,expense,Forest Essentials,Skincare
3259fa52-0088-4fec-a2ac-80ed39086445,bba64a3b-7d90-4be1-9ad9-026801b99f11,e49107ad-1864-4b6e-b2e0-213bd4f5eff6,c70299e8-74c3-48e3-832d-a15ca45f9d40,2025-03-01,5801.25,882019.68,expense,SpiceJet,Domestic flight
6ade1b7b-6ee8-4a28-8841-9644311087da,bba64a3b-7d90-4be1-9ad9-026801b99f11,e49107ad-1864-4b6e-b2e0-213bd4f5eff6,4e6141b4-8b08-4a48-92e3-00a3aed708d1,2025-03-01,58306.09,823713.59,expense,Adani Electricity,Electricity payment
2750b254-4f4d-4ef8-9ba6-15fe19f4d248,bba64a3b-7d90-4be1-9ad9-026801b99f11,e49107ad-1864-4b6e-b2e0-213bd4f5eff6,223324ac-c0b3-4f8f-bc2b-440cc66d4f97,2025-03-04,25066.39,798647.2,expense,Stanley,Tools purchase
5ce6a8ea-f217-47bf-acce-d85adb54afbb,bba64a3b-7d90-4be1-9ad9-026801b99f11,e49107ad-1864-4b6e-b2e0-213bd4f5eff6,c1794d38-04bb-436c-a349-b7efa2949d59,2025-03-04,99.0,798548.2,expense,Apple Music,Monthly subscription
698787d2-cd64-4e5f-9b3b-93a883d087e9,bba64a3b-7d90-4be1-9ad9-026801b99f11,e49107ad-1864-4b6e-b2e0-213bd4f5eff6,c1794d38-04bb-436c-a349-b7efa2949d59,2025-03-04,119.0,798429.2,expense,Spotify,Monthly subscription
8d8708b1-4729-4d72-9ab8-38b00cfdcd17,bba64a3b-7d90-4be1-9ad9-026801b99f11,e49107ad-1864-4b6e-b2e0-213bd4f5eff6,aa200b24-ef0e-410d-9a5e-5cd5e6eb5584,2025-03-04,26386.4,772042.8,expense,Electrician,Electrical work
a9912ffe-0d2a-4cd5-8e12-73e6dbe7d755,bba64a3b-7d90-4be1-9ad9-026801b99f11,e49107ad-1864-4b6e-b2e0-213bd4f5eff6,1936a4f4-2484-487e-9de0-bd4773f631e7,2025-03-05,2923.94,769118.86,expense,Vi,Phone bill
4aa902b4-72cc-427b-b27d-059fa5cd1f0c,bba64a3b-7d90-4be1-9ad9-026801b99f11,e49107ad-1864-4b6e-b2e0-213bd4f5eff6,43dc3332-707c-42c3-b0d9-0f067489a82d,2025-03-06,12810.71,756308.15,expense,HP Petrol,Diesel refill
bd5c5875-8a10-4efb-a082-743bb710220f,bba64a3b-7d90-4be1-9ad9-026801b99f11,e49107ad-1864-4b6e-b2e0-213bd4f5eff6,c1794d38-04bb-436c-a349-b7efa2949d59,2025-03-07,399.0,755909.15,expense,Jio Fiber,Monthly subscription
f6e4ada0-a358-4045-bece-320a45b00494,bba64a3b-7d90-4be1-9ad9-026801b99f11,e49107ad-1864-4b6e-b2e0-213bd4f5eff6,a9ffe6eb-4506-488f-8aae-77f81d637f71,2025-03-07,13254.26,742654.89,expense,H&M,Fashion purchase
352cd427-4b0e-4b53-bf1f-be82c6de4607,bba64a3b-7d90-4be1-9ad9-026801b99f11,e49107ad-1864-4b6e-b2e0-213bd4f5eff6,abe7e3b4-e94a-47f4-bb4c-ee2b5dfb1afb,2025-03-08,6083.03,736571.86,expense,SBI MF,Systematic investment
3b494916-0dd4-460e-96ee-96026b1e7f6b,bba64a3b-7d90-4be1-9ad9-026801b99f11,e49107ad-1864-4b6e-b2e0-213bd4f5eff6,19a947a7-2996-47c2-bc43-72e18eabee1f,2025-03-08,6188.67,730383.19,expense,Kotak Bank,FD booking
6c446cad-ad76-4e84-82b8-5a93a7f3c6cd,bba64a3b-7d90-4be1-9ad9-026801b99f11,e49107ad-1864-4b6e-b2e0-213bd4f5eff6,f9695d76-897b-4d1d-b699-30bdb8c3bd63,2025-03-11,21291.36,709091.83,expense,Ola,Cab ride
76811653-bcac-456e-a0a3-4408ea4c8b62,bba64a3b-7d90-4be1-9ad9-026801b99f11,e49107ad-1864-4b6e-b2e0-213bd4f5eff6,55f4b023-f035-432f-8d19-0e1063848ee1,2025-03-12,6002.94,703088.89,expense,Antique Store,Collection investment
cd533f36-c2fc-4dbd-92f6-111666d47fda,bba64a3b-7d90-4be1-9ad9-026801b99f11,e49107ad-1864-4b6e-b2e0-213bd4f5eff6,9824533c-e6eb-43ff-b2d1-9724f9f59c75,2025-03-14,29162.74,673926.15,expense,Laundry,Laundry service
5a2562d3-fdd7-4e8a-8557-a143c2b016f9,bba64a3b-7d90-4be1-9ad9-026801b99f11,e49107ad-1864-4b6e-b2e0-213bd4f5eff6,52f50416-8d6b-4f79-aa1e-87189fe727cf,2025-03-15,12947.64,660978.51,expense,Purplle,Cosmetics
653001af-fb40-4706-a97a-99a9e50873e2,bba64a3b-7d90-4be1-9ad9-026801b99f11,e49107ad-1864-4b6e-b2e0-213bd4f5eff6,afb11444-5eb7-49e4-adb0-6e90808b3f69,2025-03-16,81468.56,579509.95,expense,Kotak Bank,Account charges
ea69b94c-8527-4df1-8e01-69a26ee08a8e,bba64a3b-7d90-4be1-9ad9-026801b99f11,e49107ad-1864-4b6e-b2e0-213bd4f5eff6,68662b1b-9e19-427c-8a6f-0dea71240479,2025-03-16,2481.21,577028.74,expense,Adobe,Software subscription
32543436-a26e-4a75-9785-aa7c5f503b3f,bba64a3b-7d90-4be1-9ad9-026801b99f11,e49107ad-1864-4b6e-b2e0-213bd4f5eff6,f89d39f0-2919-467d-9eae-73947cd92572,2025-03-18,1412.32,575616.42,expense,McDonald's,Quick meal
bc316c64-40ef-4a64-9ba7-fe8f8b137a85,bba64a3b-7d90-4be1-9ad9-026801b99f11,e49107ad-1864-4b6e-b2e0-213bd4f5eff6,7b4b3f22-72da-46c4-913d-6c0f0486886f,2025-03-18,11694.74,563921.68,expense,MedPlus,Pharmacy
6d2f17d4-160d-4d3e-893c-10ff08e138ce,bba64a3b-7d90-4be1-9ad9-026801b99f11,e49107ad-1864-4b6e-b2e0-213bd4f5eff6,352e3807-c4b8-4f2f-b4a0-11f0a676a889,2025-03-21,3985.17,559936.51,expense,Zepto,Quick grocery delivery
855adc65-22a8-405f-aa7c-d94213fd1079,bba64a3b-7d90-4be1-9ad9-026801b99f11,e49107ad-1864-4b6e-b2e0-213bd4f5eff6,aea49b50-348f-446b-9a35-c970ed3e3a8a,2025-03-21,3498.05,556438.46,expense,Landlord,Monthly rent payment
8c22768f-d6d0-4775-9d07-ed32679d7d34,bba64a3b-7d90-4be1-9ad9-026801b99f11,e49107ad-1864-4b6e-b2e0-213bd4f5eff6,245a1bba-ff69-4f13-bb3d-7fff3c2b30be,2025-03-21,1724.35,554714.11,expense,Mall Parking,Parking charges
7bd6fde7-2035-4b3c-9cbb-a5a3c3e6de9a,bba64a3b-7d90-4be1-9ad9-026801b99f11,e49107ad-1864-4b6e-b2e0-213bd4f5eff6,61afab8e-aacd-41f8-8e63-aed9c88790f3,2025-03-23,20440.19,534273.92,expense,Kotak Bank,Auto loan EMI
cfb956ff-4724-4ff3-a336-5f667a9e49a6,bba64a3b-7d90-4be1-9ad9-026801b99f11,e49107ad-1864-4b6e-b2e0-213bd4f5eff6,9824533c-e6eb-43ff-b2d1-9724f9f59c75,2025-03-28,12307.72,521966.2,expense,Watchman,Security tip
5a4ca251-9ab0-4d80-a4c2-93bf8c00ab68,bba64a3b-7d90-4be1-9ad9-026801b99f11,e49107ad-1864-4b6e-b2e0-213bd4f5eff6,f9695d76-897b-4d1d-b699-30bdb8c3bd63,2025-03-29,12337.22,509628.98,expense,Ola,Cab ride
ab9bd992-7dba-46cb-bf00-a8e2683502fc,bba64a3b-7d90-4be1-9ad9-026801b99f11,e49107ad-1864-4b6e-b2e0-213bd4f5eff6,197c9f3f-79b3-4a17-b0c4-57701d9daa96,2025-03-29,11091.72,498537.26,expense,Anytime Fitness,Gym membership
823e536f-780b-462f-8188-d78627ac5d40,bba64a3b-7d90-4be1-9ad9-026801b99f11,e49107ad-1864-4b6e-b2e0-213bd4f5eff6,c70299e8-74c3-48e3-832d-a15ca45f9d40,2025-03-31,26878.59,471658.67,expense,Akasa Air,Flight
7f76d1d9-9121-458c-88ee-9e1d7108192e,bba64a3b-7d90-4be1-9ad9-026801b99f11,e49107ad-1864-4b6e-b2e0-213bd4f5eff6,49b46c39-e438-4284-95c0-8dd9c25bbe33,2025-04-03,1124.3,470534.37,expense,Local Eatery,Food purchase
0b861d27-1f20-406f-8dcc-27ed41167a92,bba64a3b-7d90-4be1-9ad9-026801b99f11,e49107ad-1864-4b6e-b2e0-213bd4f5eff6,43dc3332-707c-42c3-b0d9-0f067489a82d,2025-04-05,22768.81,447765.56,expense,Indian Oil,Fuel top-up
01144fc7-3d5b-492d-aad6-2a8fdf8d8b42,bba64a3b-7d90-4be1-9ad9-026801b99f11,e49107ad-1864-4b6e-b2e0-213bd4f5eff6,773ee99e-f4ff-4162-87c7-19387a9ebb97,2025-04-06,1913.04,445852.52,expense,Local Restaurant,Quick lunch
639ba1f8-bdef-43de-86cd-4ae62ff20f98,bba64a3b-7d90-4be1-9ad9-026801b99f11,e49107ad-1864-4b6e-b2e0-213bd4f5eff6,abe7e3b4-e94a-47f4-bb4c-ee2b5dfb1afb,2025-04-07,6116.84,439735.68,expense,Upstox,Equity buy
6958fd9d-8f1b-43f0-8403-2c271dc0aa2f,bba64a3b-7d90-4be1-9ad9-026801b99f11,e49107ad-1864-4b6e-b2e0-213bd4f5eff6,e1b2d153-cb13-4270-a0d4-ce6ee99867fa,2025-04-07,34325.44,405410.24,expense,TASMAC,Liquor purchase
815ae42a-1217-4ab3-bc64-447dc2d6be5b,bba64a3b-7d90-4be1-9ad9-026801b99f11,e49107ad-1864-4b6e-b2e0-213bd4f5eff6,aa200b24-ef0e-410d-9a5e-5cd5e6eb5584,2025-04-07,18199.43,387210.81,expense,Local Plumber,Plumbing repair
ba613067-df8b-4f58-a559-e4f354a0b623,bba64a3b-7d90-4be1-9ad9-026801b99f11,e49107ad-1864-4b6e-b2e0-213bd4f5eff6,c1794d38-04bb-436c-a349-b7efa2949d59,2025-04-07,399.0,386811.81,expense,Jio Fiber,Monthly subscription
f51542dc-2772-41e0-93e3-fb0b978713f9,bba64a3b-7d90-4be1-9ad9-026801b99f11,e49107ad-1864-4b6e-b2e0-213bd4f5eff6,19a947a7-2996-47c2-bc43-72e18eabee1f,2025-04-08,6202.17,380609.64,expense,Kotak Bank,FD booking
9ee794c0-4e0e-4615-b323-27acc339aeeb,bba64a3b-7d90-4be1-9ad9-026801b99f11,e49107ad-1864-4b6e-b2e0-213bd4f5eff6,55f4b023-f035-432f-8d19-0e1063848ee1,2025-04-09,6193.94,374415.7,expense,Antique Store,Collection investment
202730bc-e2de-4104-95d5-384864aaa6f8,bba64a3b-7d90-4be1-9ad9-026801b99f11,e49107ad-1864-4b6e-b2e0-213bd4f5eff6,43dc3332-707c-42c3-b0d9-0f067489a82d,2025-04-10,9067.82,365347.88,expense,Shell,Fuel refill
0a4ff8cf-03a7-449e-b652-cc3bb763cf97,bba64a3b-7d90-4be1-9ad9-026801b99f11,e49107ad-1864-4b6e-b2e0-213bd4f5eff6,197c9f3f-79b3-4a17-b0c4-57701d9daa96,2025-04-12,54608.51,310739.37,expense,Anytime Fitness,Gym membership
47d27a65-4a6a-451e-a5f3-ce6e8fd45a6a,bba64a3b-7d90-4be1-9ad9-026801b99f11,e49107ad-1864-4b6e-b2e0-213bd4f5eff6,06112ebb-b73c-40a0-aaba-87c783f69c60,2025-04-12,27463.58,283275.79,expense,Art Shop,Art supplies
649f13fa-c9e8-4899-a7e4-8d8b082f8443,bba64a3b-7d90-4be1-9ad9-026801b99f11,e49107ad-1864-4b6e-b2e0-213bd4f5eff6,49b46c39-e438-4284-95c0-8dd9c25bbe33,2025-04-15,2697.48,280578.31,expense,Swiggy,Food order
0a9a3a2a-50e8-4b67-874d-f1869053c433,bba64a3b-7d90-4be1-9ad9-026801b99f11,e49107ad-1864-4b6e-b2e0-213bd4f5eff6,60d066bc-e9ed-4249-b6d9-4da0fa4b9b29,2025-04-17,31477.9,249100.41,expense,Insider.in,Cultural event
23e69ad7-158e-4515-83ba-bf6019199686,bba64a3b-7d90-4be1-9ad9-026801b99f11,e49107ad-1864-4b6e-b2e0-213bd4f5eff6,248ccf02-2fad-4a57-8831-52e79f698e4c,2025-04-17,5650.9,243449.51,expense,BMTC,Bus pass recharge
46349122-3095-4586-94a0-bfbf9ecf0c74,bba64a3b-7d90-4be1-9ad9-026801b99f11,e49107ad-1864-4b6e-b2e0-213bd4f5eff6,352e3807-c4b8-4f2f-b4a0-11f0a676a889,2025-04-17,4331.83,239117.68,expense,Blinkit,Instant delivery
a93ba12d-7487-4e89-a1ce-71329040e33e,bba64a3b-7d90-4be1-9ad9-026801b99f11,e49107ad-1864-4b6e-b2e0-213bd4f5eff6,24e016a3-fafe-4519-8295-2f5f87ed7005,2025-04-17,2069.48,237048.2,expense,Chaayos,Tea
635b227c-4e12-4019-ad89-187b79159cda,bba64a3b-7d90-4be1-9ad9-026801b99f11,e49107ad-1864-4b6e-b2e0-213bd4f5eff6,352e3807-c4b8-4f2f-b4a0-11f0a676a889,2025-04-21,5582.17,231466.03,expense,Blinkit,Instant delivery
120b5f30-6e9a-4e9e-ad9a-2bdeaaf28694,bba64a3b-7d90-4be1-9ad9-026801b99f11,e49107ad-1864-4b6e-b2e0-213bd4f5eff6,99b34d50-a760-4c27-b2ff-1bf9e6cbe779,2025-04-23,116852.69,114613.34,expense,Axis Card,Card outstanding
996b0bb6-3d4b-450d-bb92-fd62356fcdff,bba64a3b-7d90-4be1-9ad9-026801b99f11,e49107ad-1864-4b6e-b2e0-213bd4f5eff6,a9ffe6eb-4506-488f-8aae-77f81d637f71,2025-04-24,8973.39,105639.95,expense,FabIndia,Ethnic wear
3e24361c-eb6d-4eb7-a79d-887b2e41d48f,bba64a3b-7d90-4be1-9ad9-026801b99f11,e49107ad-1864-4b6e-b2e0-213bd4f5eff6,c70299e8-74c3-48e3-832d-a15ca45f9d40,2025-04-27,6867.88,98772.07,expense,Vistara,Air travel
8c8afda4-19d5-419b-a7c2-730ca623cd9b,bba64a3b-7d90-4be1-9ad9-026801b99f11,e49107ad-1864-4b6e-b2e0-213bd4f5eff6,52f50416-8d6b-4f79-aa1e-87189fe727cf,2025-04-27,13138.45,85633.62,expense,Purplle,Cosmetics
5a58007c-7813-40eb-aa7a-cdd88c1da3d5,bba64a3b-7d90-4be1-9ad9-026801b99f11,e49107ad-1864-4b6e-b2e0-213bd4f5eff6,aa200b24-ef0e-410d-9a5e-5cd5e6eb5584,2025-04-28,14538.32,71095.3,expense,UrbanClap,Home service
9cdd65ed-d505-45c4-abe7-51bd2fce407c,bba64a3b-7d90-4be1-9ad9-026801b99f11,e49107ad-1864-4b6e-b2e0-213bd4f5eff6,825886bd-f63b-4c0f-9ac7-7f98670856c9,2025-04-29,35839.61,35255.69,expense,NGO,Charitable contribution
d0277efe-316e-4fb7-a569-0c92c1953988,e971ffd9-80c5-42b6-950c-c8735774047a,e7ded96b-cf4a-410e-bfd4-efb2df54d795,0d3983fc-2dc6-40e8-898b-3e446f9ffcb2,2025-01-02,24867.56,410075.12,income,Payroll,Salary deposit
21fa1008-a1eb-4b94-a98f-87792b153312,e971ffd9-80c5-42b6-950c-c8735774047a,e7ded96b-cf4a-410e-bfd4-efb2df54d795,773ee99e-f4ff-4162-87c7-19387a9ebb97,2025-01-03,1079.47,408995.65,expense,Mainland China,Anniversary dinner
f4bd0336-6f71-4666-b34a-4c843c6478f0,e971ffd9-80c5-42b6-950c-c8735774047a,e7ded96b-cf4a-410e-bfd4-efb2df54d795,c1794d38-04bb-436c-a349-b7efa2949d59,2025-01-03,119.0,408876.65,expense,Spotify,Monthly subscription
4b3ac77f-c9d6-42d5-9c09-db94751af163,e971ffd9-80c5-42b6-950c-c8735774047a,e7ded96b-cf4a-410e-bfd4-efb2df54d795,aea49b50-348f-446b-9a35-c970ed3e3a8a,2025-01-05,5400.0,403476.65,expense,Housing Society,Monthly rent payment
696ac3e1-828f-4519-98f5-6a3e05106807,e971ffd9-80c5-42b6-950c-c8735774047a,e7ded96b-cf4a-410e-bfd4-efb2df54d795,96425e71-00ab-44ec-b7a5-b7bc7c419b3c,2025-01-06,12751.08,390725.57,expense,HDFC Bank,Home loan EMI
f773e3ba-be4a-4c73-ac01-2f723ebf9d00,e971ffd9-80c5-42b6-950c-c8735774047a,e7ded96b-cf4a-410e-bfd4-efb2df54d795,c1794d38-04bb-436c-a349-b7efa2949d59,2025-01-07,129.0,390596.57,expense,YouTube Premium,Monthly subscription
097e3a6b-eae7-41bd-876b-d347c3d8a152,e971ffd9-80c5-42b6-950c-c8735774047a,e7ded96b-cf4a-410e-bfd4-efb2df54d795,c1794d38-04bb-436c-a349-b7efa2949d59,2025-01-08,399.0,390197.57,expense,Jio Fiber,Monthly subscription
6c940b60-b187-46c9-bca6-0e150ca39bca,e971ffd9-80c5-42b6-950c-c8735774047a,e7ded96b-cf4a-410e-bfd4-efb2df54d795,4e6141b4-8b08-4a48-92e3-00a3aed708d1,2025-01-09,803.44,389394.13,expense,Tata Power,Power bill
7738e08a-7c53-4b57-904e-c4674ffbf37e,e971ffd9-80c5-42b6-950c-c8735774047a,e7ded96b-cf4a-410e-bfd4-efb2df54d795,773ee99e-f4ff-4162-87c7-19387a9ebb97,2025-01-12,101.17,389292.96,expense,Mainland China,Anniversary dinner
edc9a66f-8473-4e18-8f92-a7e812213296,e971ffd9-80c5-42b6-950c-c8735774047a,e7ded96b-cf4a-410e-bfd4-efb2df54d795,62f6b8d3-1048-4d35-8644-028a80420f06,2025-01-12,3591.85,385701.11,expense,Flipkart,Gift order
b0baa1e4-fb8f-44f7-bf95-3f6513214b71,e971ffd9-80c5-42b6-950c-c8735774047a,e7ded96b-cf4a-410e-bfd4-efb2df54d795,9b12be40-523e-43ac-b1e0-56b200b39928,2025-01-19,13889.1,371812.01,expense,HDFC ERGO,Home insurance
6e3ac490-24f0-4df1-8226-c8d9a1d6a8a1,e971ffd9-80c5-42b6-950c-c8735774047a,e7ded96b-cf4a-410e-bfd4-efb2df54d795,3e870dc4-9bcb-4d85-a0ed-817b2217e50b,2025-01-20,42786.11,329025.9,expense,Axis Bank,Loan repayment
2c4156a8-0f3b-4cbd-93a0-22b8ffe5f543,e971ffd9-80c5-42b6-950c-c8735774047a,e7ded96b-cf4a-410e-bfd4-efb2df54d795,223324ac-c0b3-4f8f-bc2b-440cc66d4f97,2025-01-21,11258.07,317767.83,expense,Amazon,Tools order
45dff013-0316-4b8c-8485-4f48416e6e24,e971ffd9-80c5-42b6-950c-c8735774047a,e7ded96b-cf4a-410e-bfd4-efb2df54d795,f89d39f0-2919-467d-9eae-73947cd92572,2025-01-21,316.94,317450.89,expense,Pizza Hut,Pizza order
842dbf7b-c1fd-40da-849f-95ac4312f058,e971ffd9-80c5-42b6-950c-c8735774047a,e7ded96b-cf4a-410e-bfd4-efb2df54d795,ba7b532e-605d-4ad5-b9b6-3155499c93eb,2025-01-21,3710.93,313739.96,expense,ICICI Prudential,Policy premium
bb5557c9-79c9-44d1-b2b4-b9e0ffb7b859,e971ffd9-80c5-42b6-950c-c8735774047a,e7ded96b-cf4a-410e-bfd4-efb2df54d795,c7f7365c-5b40-4bbe-8a90-fd79b4fb99be,2025-01-21,8107.5,305632.46,expense,Apartment,Society bill
6491ea64-64ad-4aec-abe4-99146ac4bb61,e971ffd9-80c5-42b6-950c-c8735774047a,e7ded96b-cf4a-410e-bfd4-efb2df54d795,c70299e8-74c3-48e3-832d-a15ca45f9d40,2025-01-23,7644.83,297987.63,expense,SpiceJet,Domestic flight
66fea805-69ae-448c-98fe-eb45dcac1372,e971ffd9-80c5-42b6-950c-c8735774047a,e7ded96b-cf4a-410e-bfd4-efb2df54d795,c70299e8-74c3-48e3-832d-a15ca45f9d40,2025-01-23,4244.75,293742.88,expense,SpiceJet,Domestic flight
ca07c2f8-960d-49fe-a558-69466eeb0de5,e971ffd9-80c5-42b6-950c-c8735774047a,e7ded96b-cf4a-410e-bfd4-efb2df54d795,24e016a3-fafe-4519-8295-2f5f87ed7005,2025-01-23,2022.89,291719.99,expense,Chaayos,Tea
03fd5cba-8c1c-46da-b8fa-6e63b1ee9004,e971ffd9-80c5-42b6-950c-c8735774047a,e7ded96b-cf4a-410e-bfd4-efb2df54d795,85035d91-6985-446f-90d5-16e1b52a5e52,2025-01-24,12749.46,278970.53,expense,Netflix,Streaming
e70fab40-fce3-46cb-8f34-830ab4d2edb3,e971ffd9-80c5-42b6-950c-c8735774047a,e7ded96b-cf4a-410e-bfd4-efb2df54d795,352e3807-c4b8-4f2f-b4a0-11f0a676a889,2025-01-25,1228.13,277742.4,expense,JioMart,Online grocery order
eed55321-c367-4072-bcc6-84f3b96084c5,e971ffd9-80c5-42b6-950c-c8735774047a,e7ded96b-cf4a-410e-bfd4-efb2df54d795,9824533c-e6eb-43ff-b2d1-9724f9f59c75,2025-01-27,27272.81,250469.59,expense,Cook,Cook wages
f29b6811-d4a6-4da1-8acf-d6150664954c,e971ffd9-80c5-42b6-950c-c8735774047a,e7ded96b-cf4a-410e-bfd4-efb2df54d795,248ccf02-2fad-4a57-8831-52e79f698e4c,2025-01-29,9161.35,241308.24,expense,DMRC,Metro card top-up
6f780a12-c2f1-4f04-bcc9-424ef6371aa9,e971ffd9-80c5-42b6-950c-c8735774047a,e7ded96b-cf4a-410e-bfd4-efb2df54d795,773ee99e-f4ff-4162-87c7-19387a9ebb97,2025-01-30,731.65,240576.59,expense,Punjab Grill,Business dinner
5c55fec6-8389-415e-a4f4-69297e2790ba,e971ffd9-80c5-42b6-950c-c8735774047a,e7ded96b-cf4a-410e-bfd4-efb2df54d795,24e016a3-fafe-4519-8295-2f5f87ed7005,2025-01-31,565.55,240011.04,expense,Chaayos,Tea
a972ada0-f866-4d6e-a292-c72d99fa496c,e971ffd9-80c5-42b6-950c-c8735774047a,e7ded96b-cf4a-410e-bfd4-efb2df54d795,24e016a3-fafe-4519-8295-2f5f87ed7005,2025-01-31,1085.83,238925.21,expense,Chaayos,Tea
76144dd4-0d49-4e0b-949b-aef986fd9807,e971ffd9-80c5-42b6-950c-c8735774047a,e7ded96b-cf4a-410e-bfd4-efb2df54d795,7b4b3f22-72da-46c4-913d-6c0f0486886f,2025-02-01,6327.71,232597.5,expense,NetMeds,Online medicine order
2862d096-9bfa-4a1b-94e7-df3e23cc1ad9,e971ffd9-80c5-42b6-950c-c8735774047a,e7ded96b-cf4a-410e-bfd4-efb2df54d795,f9695d76-897b-4d1d-b699-30bdb8c3bd63,2025-02-03,11503.03,221094.47,expense,Uber,Ride to office
626742b2-08dd-49de-b4a8-d9e624ce97fa,e971ffd9-80c5-42b6-950c-c8735774047a,e7ded96b-cf4a-410e-bfd4-efb2df54d795,c1794d38-04bb-436c-a349-b7efa2949d59,2025-02-07,299.0,220795.47,expense,Amazon Prime,Monthly subscription
1c5b0225-dd37-4e84-a509-3ae07c8ce031,e971ffd9-80c5-42b6-950c-c8735774047a,e7ded96b-cf4a-410e-bfd4-efb2df54d795,abe7e3b4-e94a-47f4-bb4c-ee2b5dfb1afb,2025-02-09,499.48,220295.99,expense,Groww,Monthly SIP
699eae4f-b59d-456b-bb32-7e0c429fb8a5,e971ffd9-80c5-42b6-950c-c8735774047a,e7ded96b-cf4a-410e-bfd4-efb2df54d795,c1794d38-04bb-436c-a349-b7efa2949d59,2025-02-10,129.0,220166.99,expense,YouTube Premium,Monthly subscription
9115efb6-6e72-4d64-b9f5-895b22f9e022,e971ffd9-80c5-42b6-950c-c8735774047a,e7ded96b-cf4a-410e-bfd4-efb2df54d795,c1794d38-04bb-436c-a349-b7efa2949d59,2025-02-10,119.0,220047.99,expense,Spotify,Monthly subscription
d14110da-bba1-469a-acb6-3c3ff56d7234,e971ffd9-80c5-42b6-950c-c8735774047a,e7ded96b-cf4a-410e-bfd4-efb2df54d795,a0f82fa6-1252-4e6c-8a29-a1761d72d10c,2025-02-13,6916.87,213131.12,expense,Indian Railways,Train booking
53934db3-7431-4b45-8661-f9c186ca2e70,e971ffd9-80c5-42b6-950c-c8735774047a,e7ded96b-cf4a-410e-bfd4-efb2df54d795,773ee99e-f4ff-4162-87c7-19387a9ebb97,2025-02-16,1277.61,211853.51,expense,Punjab Grill,Business dinner
453103b6-839d-4e3c-8ee5-44c45d0f05f5,e971ffd9-80c5-42b6-950c-c8735774047a,e7ded96b-cf4a-410e-bfd4-efb2df54d795,61655f71-e388-4300-a414-ec44adc7ee3b,2025-02-19,12086.87,199766.64,expense,Birthday Party,Party expenses
b76a0141-89f6-4aba-8fbc-d4016fe5a6fe,e971ffd9-80c5-42b6-950c-c8735774047a,e7ded96b-cf4a-410e-bfd4-efb2df54d795,352e3807-c4b8-4f2f-b4a0-11f0a676a889,2025-02-20,264.22,199502.42,expense,DMart,Supermarket shopping
fa968892-87a5-4890-990b-eeb00b6e6241,e971ffd9-80c5-42b6-950c-c8735774047a,e7ded96b-cf4a-410e-bfd4-efb2df54d795,24e016a3-fafe-4519-8295-2f5f87ed7005,2025-02-22,1170.86,198331.56,expense,Blue Tokai,Specialty coffee
e94a80aa-3b89-4829-8a6d-f844a2571f1c,e971ffd9-80c5-42b6-950c-c8735774047a,e7ded96b-cf4a-410e-bfd4-efb2df54d795,baf0d272-8682-41c0-acfb-c78f1f2cd9a1,2025-02-24,14845.75,183485.81,expense,Amazon,Electronics order
286a3df7-8f14-4cc2-9e63-a7f7a35dd39a,e971ffd9-80c5-42b6-950c-c8735774047a,e7ded96b-cf4a-410e-bfd4-efb2df54d795,94943a15-5000-4909-864f-c229ccc559c2,2025-02-25,10506.43,172979.38,expense,IKEA,Home furnishing
a91ee006-8d95-4e13-9755-42ee348a28b1,e971ffd9-80c5-42b6-950c-c8735774047a,e7ded96b-cf4a-410e-bfd4-efb2df54d795,67f170d4-68ec-4828-8164-1ab3ae9440e0,2025-03-03,6810.72,166168.66,expense,Decathlon,Sports & leisure gear
64937264-9882-4a13-9785-6bd87bc60e84,e971ffd9-80c5-42b6-950c-c8735774047a,e7ded96b-cf4a-410e-bfd4-efb2df54d795,1936a4f4-2484-487e-9de0-bd4773f631e7,2025-03-04,948.68,165219.98,expense,Airtel,Postpaid bill
c4a311a7-c9fb-4f8d-87a8-cb94ce2bdbfa,e971ffd9-80c5-42b6-950c-c8735774047a,e7ded96b-cf4a-410e-bfd4-efb2df54d795,0d3983fc-2dc6-40e8-898b-3e446f9ffcb2,2025-03-04,24798.37,190018.35,income,Employer,Monthly salary credit
2f336bfd-5e24-4306-be86-ff4fa634d245,e971ffd9-80c5-42b6-950c-c8735774047a,e7ded96b-cf4a-410e-bfd4-efb2df54d795,c1794d38-04bb-436c-a349-b7efa2949d59,2025-03-07,119.0,189899.35,expense,Spotify,Monthly subscription
64a98789-10b0-4395-a90d-29268a6137e5,e971ffd9-80c5-42b6-950c-c8735774047a,e7ded96b-cf4a-410e-bfd4-efb2df54d795,c1794d38-04bb-436c-a349-b7efa2949d59,2025-03-07,299.0,189600.35,expense,Amazon Prime,Monthly subscription
ef609d84-6cc1-4442-9d5f-400ff1e58674,e971ffd9-80c5-42b6-950c-c8735774047a,e7ded96b-cf4a-410e-bfd4-efb2df54d795,2240f66e-6ba1-4bb3-9578-9f6dd6e71363,2025-03-07,525.33,189075.02,expense,BWSSB,Water bill
74684a15-68a2-4dcd-b7dd-094c79d81397,e971ffd9-80c5-42b6-950c-c8735774047a,e7ded96b-cf4a-410e-bfd4-efb2df54d795,06112ebb-b73c-40a0-aaba-87c783f69c60,2025-03-08,5032.74,184042.28,expense,Amazon,Hobby supplies
772d711f-32ea-40b0-9718-63a15ea79eef,e971ffd9-80c5-42b6-950c-c8735774047a,e7ded96b-cf4a-410e-bfd4-efb2df54d795,b44b3d71-0880-41d9-8f85-0348da9b0531,2025-03-08,1840.65,182201.63,expense,Malabar Gold,Jewellery
c94c56ae-7838-4da5-8d12-11132f520688,e971ffd9-80c5-42b6-950c-c8735774047a,e7ded96b-cf4a-410e-bfd4-efb2df54d795,2240f66e-6ba1-4bb3-9578-9f6dd6e71363,2025-03-09,1346.97,180854.66,expense,Jio Fiber,Internet bill
a6244019-6c9c-4d27-abb6-e1b6dc38e096,e971ffd9-80c5-42b6-950c-c8735774047a,e7ded96b-cf4a-410e-bfd4-efb2df54d795,4e6141b4-8b08-4a48-92e3-00a3aed708d1,2025-03-10,1635.75,179218.91,expense,BSES,Power bill
9942e617-2440-43d4-885b-f049596845e0,e971ffd9-80c5-42b6-950c-c8735774047a,e7ded96b-cf4a-410e-bfd4-efb2df54d795,abe7e3b4-e94a-47f4-bb4c-ee2b5dfb1afb,2025-03-11,497.51,178721.4,expense,Paytm Money,Mutual fund SIP
226814e7-7d45-415c-ad16-b2ae735bd3fb,e971ffd9-80c5-42b6-950c-c8735774047a,e7ded96b-cf4a-410e-bfd4-efb2df54d795,7b4b3f22-72da-46c4-913d-6c0f0486886f,2025-03-12,9834.83,168886.57,expense,NetMeds,Online medicine order
ce776314-28ce-47f7-8f93-d7573b429abc,e971ffd9-80c5-42b6-950c-c8735774047a,e7ded96b-cf4a-410e-bfd4-efb2df54d795,24e016a3-fafe-4519-8295-2f5f87ed7005,2025-03-15,1674.14,167212.43,expense,Cafe Coffee Day,Coffee and snacks
fd31cf6d-44f5-44ba-a350-61d09e98dc76,e971ffd9-80c5-42b6-950c-c8735774047a,e7ded96b-cf4a-410e-bfd4-efb2df54d795,d926a624-ee93-4c92-bd0e-202091a8548e,2025-03-15,45956.21,121256.22,expense,Axis Card,Card outstanding
8e81be7e-9ef0-4d38-ad40-48290b2ac6eb,e971ffd9-80c5-42b6-950c-c8735774047a,e7ded96b-cf4a-410e-bfd4-efb2df54d795,f9695d76-897b-4d1d-b699-30bdb8c3bd63,2025-03-16,3779.06,117477.16,expense,Auto,Auto fare
0c5f2958-e4f1-46be-81ab-9f170df45d30,e971ffd9-80c5-42b6-950c-c8735774047a,e7ded96b-cf4a-410e-bfd4-efb2df54d795,aea49b50-348f-446b-9a35-c970ed3e3a8a,2025-03-18,19940.99,97536.17,expense,Housing Society,Rent payment
7d8fe7e6-9acb-474f-8091-c5bed0b99662,e971ffd9-80c5-42b6-950c-c8735774047a,e7ded96b-cf4a-410e-bfd4-efb2df54d795,44142b8c-0a2a-4f19-9d1f-e4b5898c28b2,2025-03-19,8243.1,89293.07,expense,Amazon,Garden tools order
a493e985-99f3-48a8-9aa6-d78f68ca6fc2,e971ffd9-80c5-42b6-950c-c8735774047a,e7ded96b-cf4a-410e-bfd4-efb2df54d795,24e016a3-fafe-4519-8295-2f5f87ed7005,2025-03-19,1784.87,87508.2,expense,Chaayos,Tea
2d778e8d-1524-4715-8fa3-5ec6abaf8b66,e971ffd9-80c5-42b6-950c-c8735774047a,e7ded96b-cf4a-410e-bfd4-efb2df54d795,773ee99e-f4ff-4162-87c7-19387a9ebb97,2025-03-20,451.88,87056.32,expense,Haldiram's,Lunch
afc718d1-cd2d-4824-a8e3-1fc0d0e91cb7,e971ffd9-80c5-42b6-950c-c8735774047a,e7ded96b-cf4a-410e-bfd4-efb2df54d795,f0181f4d-fdb7-49be-a0d8-f49b0b96030c,2025-03-21,964.0,86092.32,expense,DTDC,Parcel delivery
d882b6ed-f124-45d8-a122-4d15f39bbd73,e971ffd9-80c5-42b6-950c-c8735774047a,e7ded96b-cf4a-410e-bfd4-efb2df54d795,f9695d76-897b-4d1d-b699-30bdb8c3bd63,2025-03-21,3417.24,82675.08,expense,Rapido,Bike taxi
a736a62a-42b0-4a9a-808d-2b399bbfad87,e971ffd9-80c5-42b6-950c-c8735774047a,e7ded96b-cf4a-410e-bfd4-efb2df54d795,773ee99e-f4ff-4162-87c7-19387a9ebb97,2025-03-22,1892.79,80782.29,expense,Mainland China,Anniversary dinner
c8df1623-c6b1-4aab-8b57-8094af16ecc0,e971ffd9-80c5-42b6-950c-c8735774047a,e7ded96b-cf4a-410e-bfd4-efb2df54d795,0d3983fc-2dc6-40e8-898b-3e446f9ffcb2,2025-04-02,24416.9,105199.19,income,Company,Salary transfer
62fa7a24-173b-40fa-a95b-def0076a4a94,e971ffd9-80c5-42b6-950c-c8735774047a,e7ded96b-cf4a-410e-bfd4-efb2df54d795,62f6b8d3-1048-4d35-8644-028a80420f06,2025-04-03,4764.32,100434.87,expense,Archies,Gift item
1e34559a-195d-4b8e-b79a-12f4aa491769,e971ffd9-80c5-42b6-950c-c8735774047a,e7ded96b-cf4a-410e-bfd4-efb2df54d795,aea49b50-348f-446b-9a35-c970ed3e3a8a,2025-04-04,5400.0,95034.87,expense,Landlord,Monthly rent payment
629b2c8d-d781-46b2-acee-c21439f8afbe,e971ffd9-80c5-42b6-950c-c8735774047a,e7ded96b-cf4a-410e-bfd4-efb2df54d795,c1794d38-04bb-436c-a349-b7efa2949d59,2025-04-05,119.0,94915.87,expense,Spotify,Monthly subscription
2e1a0b31-8e46-495e-95bb-82ebdd1f9b94,e971ffd9-80c5-42b6-950c-c8735774047a,e7ded96b-cf4a-410e-bfd4-efb2df54d795,ba7b532e-605d-4ad5-b9b6-3155499c93eb,2025-04-08,8605.14,86310.73,expense,LIC,Life insurance premium
3c23cf90-bd80-4129-8b98-7bab9b0772f7,e971ffd9-80c5-42b6-950c-c8735774047a,e7ded96b-cf4a-410e-bfd4-efb2df54d795,abe7e3b4-e94a-47f4-bb4c-ee2b5dfb1afb,2025-04-09,506.96,85803.77,expense,SBI MF,Systematic investment
860fae9b-5990-43c7-aaeb-af1b12817f51,e971ffd9-80c5-42b6-950c-c8735774047a,e7ded96b-cf4a-410e-bfd4-efb2df54d795,1936a4f4-2484-487e-9de0-bd4773f631e7,2025-04-11,704.14,85099.63,expense,BSNL,Mobile bill
e00fd09b-f297-46ed-bf45-1e133b6e3cb6,e971ffd9-80c5-42b6-950c-c8735774047a,e7ded96b-cf4a-410e-bfd4-efb2df54d795,2240f66e-6ba1-4bb3-9578-9f6dd6e71363,2025-04-16,320.59,84779.04,expense,BWSSB,Water bill
7f2db14a-eff3-45d9-8563-7c426c0b1da9,e971ffd9-80c5-42b6-950c-c8735774047a,e7ded96b-cf4a-410e-bfd4-efb2df54d795,67f170d4-68ec-4828-8164-1ab3ae9440e0,2025-04-20,2703.65,82075.39,expense,Decathlon,Sports & leisure gear
16f027d1-7c73-44ef-be87-8f7c25876554,e971ffd9-80c5-42b6-950c-c8735774047a,e7ded96b-cf4a-410e-bfd4-efb2df54d795,2240f66e-6ba1-4bb3-9578-9f6dd6e71363,2025-04-23,7734.95,74340.44,expense,ACT Fibernet,Internet payment
1f23c51f-68d4-4354-b9fd-9f8b9f2b92e4,e971ffd9-80c5-42b6-950c-c8735774047a,e7ded96b-cf4a-410e-bfd4-efb2df54d795,4e6141b4-8b08-4a48-92e3-00a3aed708d1,2025-04-24,645.06,73695.38,expense,BSES,Power bill
03ded091-4d8a-41a6-9d4f-bf7be251b34b,e971ffd9-80c5-42b6-950c-c8735774047a,e7ded96b-cf4a-410e-bfd4-efb2df54d795,f9695d76-897b-4d1d-b699-30bdb8c3bd63,2025-04-26,10467.63,63227.75,expense,Ola,Cab ride
0d3242bc-7568-4fa1-89a6-018e5fcfa81c,e971ffd9-80c5-42b6-950c-c8735774047a,e7ded96b-cf4a-410e-bfd4-efb2df54d795,ba7b532e-605d-4ad5-b9b6-3155499c93eb,2025-04-28,5684.06,57543.69,expense,HDFC Life,Term plan premium
a513d2a4-5d33-421d-8373-0c271430f5d3,e971ffd9-80c5-42b6-950c-c8735774047a,e7ded96b-cf4a-410e-bfd4-efb2df54d795,aea49b50-348f-446b-9a35-c970ed3e3a8a,2025-04-30,7143.46,50400.23,expense,Housing Society,Rent payment
9a3d4dd5-1183-425d-8d01-55485c2ed0ea,bba64a3b-7d90-4be1-9ad9-026801b99f11,f22ce1ad-508d-454f-a74b-93a7d3ad2268,245a1bba-ff69-4f13-bb3d-7fff3c2b30be,2025-01-03,1132.95,1485814.45,expense,Airport Parking,Airport parking
7b65baad-5f82-443f-a110-a8cb53f8c5ec,bba64a3b-7d90-4be1-9ad9-026801b99f11,f22ce1ad-508d-454f-a74b-93a7d3ad2268,c1794d38-04bb-436c-a349-b7efa2949d59,2025-01-04,299.0,1485515.45,expense,Amazon Prime,Monthly subscription
5da3b486-8b26-4f50-b3e9-db1094936b7c,bba64a3b-7d90-4be1-9ad9-026801b99f11,f22ce1ad-508d-454f-a74b-93a7d3ad2268,c1794d38-04bb-436c-a349-b7efa2949d59,2025-01-05,119.0,1485396.45,expense,Spotify,Monthly subscription
bcaa8fca-a080-4be8-afc4-b87816589125,bba64a3b-7d90-4be1-9ad9-026801b99f11,f22ce1ad-508d-454f-a74b-93a7d3ad2268,352e3807-c4b8-4f2f-b4a0-11f0a676a889,2025-01-06,731.46,1484664.99,expense,JioMart,Online grocery order
1d3b4365-fa6e-41a9-b1f1-09867aacf81b,bba64a3b-7d90-4be1-9ad9-026801b99f11,f22ce1ad-508d-454f-a74b-93a7d3ad2268,96425e71-00ab-44ec-b7a5-b7bc7c419b3c,2025-01-07,36754.18,1447910.81,expense,LIC HFL,Mortgage payment
fc6ad95e-46cb-4904-aba1-f2a8ef5ed57c,bba64a3b-7d90-4be1-9ad9-026801b99f11,f22ce1ad-508d-454f-a74b-93a7d3ad2268,43dc3332-707c-42c3-b0d9-0f067489a82d,2025-01-07,2466.32,1445444.49,expense,Shell,Fuel refill
c6584e08-bc25-4657-a85c-7bd3555b41ef,bba64a3b-7d90-4be1-9ad9-026801b99f11,f22ce1ad-508d-454f-a74b-93a7d3ad2268,4e6141b4-8b08-4a48-92e3-00a3aed708d1,2025-01-08,25621.42,1419823.07,expense,BESCOM,Electricity bill
04b88cd6-04ab-4b4e-ad5c-33c414f66543,bba64a3b-7d90-4be1-9ad9-026801b99f11,f22ce1ad-508d-454f-a74b-93a7d3ad2268,c1794d38-04bb-436c-a349-b7efa2949d59,2025-01-09,99.0,1419724.07,expense,Apple Music,Monthly subscription
5eca1730-54ce-4e3a-b5fd-7124d322b211,bba64a3b-7d90-4be1-9ad9-026801b99f11,f22ce1ad-508d-454f-a74b-93a7d3ad2268,3d010285-23fe-4f66-9e98-091ac1adb6a3,2025-01-14,13680.26,1406043.81,expense,OYO,Accommodation
239485c5-e38d-4a74-8ff1-0b17efdf18fc,bba64a3b-7d90-4be1-9ad9-026801b99f11,f22ce1ad-508d-454f-a74b-93a7d3ad2268,60260042-9174-4f85-82fc-aed9fb085bca,2025-01-15,25910.05,1380133.76,expense,Local Store,Accessories purchase
5b456577-c0b7-43f2-98f1-ca60626a8b2f,bba64a3b-7d90-4be1-9ad9-026801b99f11,f22ce1ad-508d-454f-a74b-93a7d3ad2268,60d066bc-e9ed-4249-b6d9-4da0fa4b9b29,2025-01-15,25111.37,1355022.39,expense,BookMyShow,Event tickets
b927b86a-26e0-4ab1-8cd4-9396d2e754b5,bba64a3b-7d90-4be1-9ad9-026801b99f11,f22ce1ad-508d-454f-a74b-93a7d3ad2268,2240f66e-6ba1-4bb3-9578-9f6dd6e71363,2025-01-15,334.6,1354687.79,expense,BWSSB,Water bill
cf636e0e-f207-4d0b-b163-916f822addb8,bba64a3b-7d90-4be1-9ad9-026801b99f11,f22ce1ad-508d-454f-a74b-93a7d3ad2268,44142b8c-0a2a-4f19-9d1f-e4b5898c28b2,2025-01-15,23436.15,1331251.64,expense,Garden Store,Gardening supplies
ee4e99d3-2dbd-4406-8784-4a190c9e61e5,bba64a3b-7d90-4be1-9ad9-026801b99f11,f22ce1ad-508d-454f-a74b-93a7d3ad2268,c1794d38-04bb-436c-a349-b7efa2949d59,2025-01-15,26903.92,1304347.72,expense,YouTube Premium,Premium plan
5d529730-204b-4211-8797-5c69d8efab32,bba64a3b-7d90-4be1-9ad9-026801b99f11,f22ce1ad-508d-454f-a74b-93a7d3ad2268,9824533c-e6eb-43ff-b2d1-9724f9f59c75,2025-01-17,61351.17,1242996.55,expense,Cook,Cook wages
ad825d90-afbb-4f9f-abd2-66bbb262132a,bba64a3b-7d90-4be1-9ad9-026801b99f11,f22ce1ad-508d-454f-a74b-93a7d3ad2268,245a1bba-ff69-4f13-bb3d-7fff3c2b30be,2025-01-17,7595.5,1235401.05,expense,BBMP Parking,Public parking fee
0c38b65e-efbc-44a2-a579-ad1f77eb2443,bba64a3b-7d90-4be1-9ad9-026801b99f11,f22ce1ad-508d-454f-a74b-93a7d3ad2268,4e6141b4-8b08-4a48-92e3-00a3aed708d1,2025-01-20,58417.68,1176983.37,expense,BESCOM,Electricity bill
51781e55-e473-4d7b-ba82-d3f9492db755,bba64a3b-7d90-4be1-9ad9-026801b99f11,f22ce1ad-508d-454f-a74b-93a7d3ad2268,a9ffe6eb-4506-488f-8aae-77f81d637f71,2025-01-21,29776.62,1147206.75,expense,Ajio,Online fashion
05ea51d5-aea5-4a47-bcfc-cbd9c87cbfa1,bba64a3b-7d90-4be1-9ad9-026801b99f11,f22ce1ad-508d-454f-a74b-93a7d3ad2268,773ee99e-f4ff-4162-87c7-19387a9ebb97,2025-01-22,1710.61,1145496.14,expense,Barbeque Nation,Dinner with family
76ce1e19-d271-488b-97e7-8f59655765e6,bba64a3b-7d90-4be1-9ad9-026801b99f11,f22ce1ad-508d-454f-a74b-93a7d3ad2268,aea49b50-348f-446b-9a35-c970ed3e3a8a,2025-01-25,46841.47,1098654.67,expense,NoBroker,Rent via NoBroker
6c4b61fe-41ec-485a-8ad0-3e59f4a7b041,bba64a3b-7d90-4be1-9ad9-026801b99f11,f22ce1ad-508d-454f-a74b-93a7d3ad2268,2240f66e-6ba1-4bb3-9578-9f6dd6e71363,2025-01-31,20946.25,1077708.42,expense,ACT Fibernet,Internet payment
f8bb4311-4b4d-4f11-914c-3b9b156b5e1d,bba64a3b-7d90-4be1-9ad9-026801b99f11,f22ce1ad-508d-454f-a74b-93a7d3ad2268,c1794d38-04bb-436c-a349-b7efa2949d59,2025-02-02,17198.57,1060509.85,expense,YouTube Premium,Premium plan
935b23d4-a3c6-40b1-814c-4a205a6a7df0,bba64a3b-7d90-4be1-9ad9-026801b99f11,f22ce1ad-508d-454f-a74b-93a7d3ad2268,52f50416-8d6b-4f79-aa1e-87189fe727cf,2025-02-03,29277.54,1031232.31,expense,Mamaearth,Skincare
e24d3b88-bc75-4ffd-9067-4bd0b72756bd,bba64a3b-7d90-4be1-9ad9-026801b99f11,f22ce1ad-508d-454f-a74b-93a7d3ad2268,c1794d38-04bb-436c-a349-b7efa2949d59,2025-02-04,399.0,1030833.31,expense,Jio Fiber,Monthly subscription
70f1ff96-ffd7-412e-a962-803d3867ca5e,bba64a3b-7d90-4be1-9ad9-026801b99f11,f22ce1ad-508d-454f-a74b-93a7d3ad2268,c1794d38-04bb-436c-a349-b7efa2949d59,2025-02-06,99.0,1030734.31,expense,Apple Music,Monthly subscription
ce64e73f-b4b0-4b67-8f78-4134f296a3e1,bba64a3b-7d90-4be1-9ad9-026801b99f11,f22ce1ad-508d-454f-a74b-93a7d3ad2268,9cc575a8-fc65-4f4a-abf5-8594a4d342a0,2025-02-07,324.92,1030409.39,expense,Amazon,Tech accessories
eeff49ce-6b73-4a9d-a124-384f977cc0cf,bba64a3b-7d90-4be1-9ad9-026801b99f11,f22ce1ad-508d-454f-a74b-93a7d3ad2268,96425e71-00ab-44ec-b7a5-b7bc7c419b3c,2025-02-11,24282.2,1006127.19,expense,Axis Bank,Home loan EMI
fdf3784b-90b0-439c-b172-cc6a4dafb7d0,bba64a3b-7d90-4be1-9ad9-026801b99f11,f22ce1ad-508d-454f-a74b-93a7d3ad2268,baf0d272-8682-41c0-acfb-c78f1f2cd9a1,2025-02-14,28849.55,977277.64,expense,Croma,Electronics purchase
808d941e-fff1-4279-8697-31c0f240ac90,bba64a3b-7d90-4be1-9ad9-026801b99f11,f22ce1ad-508d-454f-a74b-93a7d3ad2268,2240f66e-6ba1-4bb3-9578-9f6dd6e71363,2025-02-16,28375.16,948902.48,expense,Gas Agency,LPG cylinder
a774a9ca-2218-437b-aefd-103aec8775a9,bba64a3b-7d90-4be1-9ad9-026801b99f11,f22ce1ad-508d-454f-a74b-93a7d3ad2268,a9ffe6eb-4506-488f-8aae-77f81d637f71,2025-02-16,20877.6,928024.88,expense,Ajio,Online fashion
07a8591a-d08e-4316-9cab-e1bb2f801a46,bba64a3b-7d90-4be1-9ad9-026801b99f11,f22ce1ad-508d-454f-a74b-93a7d3ad2268,9824533c-e6eb-43ff-b2d1-9724f9f59c75,2025-02-17,49182.67,878842.21,expense,Maid,Maid salary
31de30ad-7425-4ac4-8bd4-b42783df77ef,bba64a3b-7d90-4be1-9ad9-026801b99f11,f22ce1ad-508d-454f-a74b-93a7d3ad2268,352e3807-c4b8-4f2f-b4a0-11f0a676a889,2025-02-21,1336.28,877505.93,expense,BigBasket,Weekly grocery order
8787f7be-65d5-4a9b-b16f-b4044c2ff6f1,bba64a3b-7d90-4be1-9ad9-026801b99f11,f22ce1ad-508d-454f-a74b-93a7d3ad2268,24e016a3-fafe-4519-8295-2f5f87ed7005,2025-02-21,3486.37,874019.56,expense,Third Wave Coffee,Evening coffee
932d50f6-b6cb-49b2-a04f-774bc3ed9492,bba64a3b-7d90-4be1-9ad9-026801b99f11,f22ce1ad-508d-454f-a74b-93a7d3ad2268,4e6141b4-8b08-4a48-92e3-00a3aed708d1,2025-02-23,63704.13,810315.43,expense,BSES,Power bill
58781240-3df2-4e01-af41-843ff5807bbf,bba64a3b-7d90-4be1-9ad9-026801b99f11,f22ce1ad-508d-454f-a74b-93a7d3ad2268,248ccf02-2fad-4a57-8831-52e79f698e4c,2025-02-25,16101.55,794213.88,expense,Mumbai Metro,Metro fare
ddf33e99-41e5-4c16-921e-36d93937f0b0,bba64a3b-7d90-4be1-9ad9-026801b99f11,f22ce1ad-508d-454f-a74b-93a7d3ad2268,44142b8c-0a2a-4f19-9d1f-e4b5898c28b2,2025-02-26,16142.54,778071.34,expense,Nursery,Plants and soil
a98e78b5-fa4f-41cc-9c4c-5fe59a9f9f10,bba64a3b-7d90-4be1-9ad9-026801b99f11,f22ce1ad-508d-454f-a74b-93a7d3ad2268,76b12465-5eec-4e07-98cb-43137e404dcd,2025-03-03,43027.78,735043.56,expense,Simplilearn,Certification
2616ba61-f815-45e0-9d75-e960dedffcfb,bba64a3b-7d90-4be1-9ad9-026801b99f11,f22ce1ad-508d-454f-a74b-93a7d3ad2268,67f170d4-68ec-4828-8164-1ab3ae9440e0,2025-03-04,1733.24,733310.32,expense,Amazon,Hobby supplies
6278ccb2-8212-4141-9d05-b3529593a05a,bba64a3b-7d90-4be1-9ad9-026801b99f11,f22ce1ad-508d-454f-a74b-93a7d3ad2268,aea49b50-348f-446b-9a35-c970ed3e3a8a,2025-03-04,35185.28,698125.04,expense,NoBroker,Rent via NoBroker
da5e7967-469f-4ad1-acdc-510a8aa25fdc,bba64a3b-7d90-4be1-9ad9-026801b99f11,f22ce1ad-508d-454f-a74b-93a7d3ad2268,a9ffe6eb-4506-488f-8aae-77f81d637f71,2025-03-05,22355.79,675769.25,expense,Bata,Footwear
ff854b15-4903-457d-a6bf-2f30e22ca0c4,bba64a3b-7d90-4be1-9ad9-026801b99f11,f22ce1ad-508d-454f-a74b-93a7d3ad2268,245a1bba-ff69-4f13-bb3d-7fff3c2b30be,2025-03-08,1830.15,673939.1,expense,BBMP Parking,Public parking fee
40e4603d-32cf-421f-beec-b1bae17a0afe,bba64a3b-7d90-4be1-9ad9-026801b99f11,f22ce1ad-508d-454f-a74b-93a7d3ad2268,1936a4f4-2484-487e-9de0-bd4773f631e7,2025-03-12,337.16,673601.94,expense,Jio,Mobile recharge
5f813529-0835-4db3-8d68-41544e388405,bba64a3b-7d90-4be1-9ad9-026801b99f11,f22ce1ad-508d-454f-a74b-93a7d3ad2268,c1794d38-04bb-436c-a349-b7efa2949d59,2025-03-13,13834.98,659766.96,expense,Spotify,Music subscription
87e4c272-0dd0-4d60-88fa-b9246156dcdb,bba64a3b-7d90-4be1-9ad9-026801b99f11,f22ce1ad-508d-454f-a74b-93a7d3ad2268,352e3807-c4b8-4f2f-b4a0-11f0a676a889,2025-03-13,4216.51,655550.45,expense,BigBasket,Weekly grocery order
6f2b3306-acf1-4e96-9abb-8e6451fb7066,bba64a3b-7d90-4be1-9ad9-026801b99f11,f22ce1ad-508d-454f-a74b-93a7d3ad2268,52f50416-8d6b-4f79-aa1e-87189fe727cf,2025-03-14,14587.4,640963.05,expense,Purplle,Cosmetics
4f87484d-e454-4949-99af-bb1bebc9c7c5,bba64a3b-7d90-4be1-9ad9-026801b99f11,f22ce1ad-508d-454f-a74b-93a7d3ad2268,4e6141b4-8b08-4a48-92e3-00a3aed708d1,2025-03-16,1314.46,639648.59,expense,Adani Electricity,Electricity payment
54f76dc6-73fd-490c-9351-e81e377076ae,bba64a3b-7d90-4be1-9ad9-026801b99f11,f22ce1ad-508d-454f-a74b-93a7d3ad2268,85035d91-6985-446f-90d5-16e1b52a5e52,2025-03-16,29033.38,610615.21,expense,Tata Sky,DTH recharge
fb424b06-2a02-48f3-97e2-aa4b44e83430,bba64a3b-7d90-4be1-9ad9-026801b99f11,f22ce1ad-508d-454f-a74b-93a7d3ad2268,4349d060-5a14-49ee-8130-067e37e5c987,2025-03-18,21427.58,589187.63,expense,Zoomcar,Car rental
8b83f35e-f1c8-4797-bde5-5cc49a4d3495,bba64a3b-7d90-4be1-9ad9-026801b99f11,f22ce1ad-508d-454f-a74b-93a7d3ad2268,9824533c-e6eb-43ff-b2d1-9724f9f59c75,2025-03-23,27323.76,561863.87,expense,Maid,Maid salary
238f7d4a-35aa-422f-b823-d93b0ea20445,bba64a3b-7d90-4be1-9ad9-026801b99f11,f22ce1ad-508d-454f-a74b-93a7d3ad2268,4e6141b4-8b08-4a48-92e3-00a3aed708d1,2025-03-26,22044.53,539819.34,expense,BESCOM,Electricity bill
b87b7f46-0d85-4b1d-b04a-ac199098c7ea,bba64a3b-7d90-4be1-9ad9-026801b99f11,f22ce1ad-508d-454f-a74b-93a7d3ad2268,2240f66e-6ba1-4bb3-9578-9f6dd6e71363,2025-03-26,23986.53,515832.81,expense,Jio Fiber,Internet bill
99a27513-e57c-4e9c-8ec7-bc75f1a0a2a4,bba64a3b-7d90-4be1-9ad9-026801b99f11,f22ce1ad-508d-454f-a74b-93a7d3ad2268,baf0d272-8682-41c0-acfb-c78f1f2cd9a1,2025-03-27,2836.79,512996.02,expense,Reliance Digital,Gadget purchase
d6a13d82-d77a-4884-9983-652c056f8986,bba64a3b-7d90-4be1-9ad9-026801b99f11,f22ce1ad-508d-454f-a74b-93a7d3ad2268,08661166-7a9f-4744-8d50-d84bca0b6ebc,2025-03-28,24646.43,488349.59,expense,Nike,Sports gear
23d700d4-de40-4e1e-a00d-56478d433908,bba64a3b-7d90-4be1-9ad9-026801b99f11,f22ce1ad-508d-454f-a74b-93a7d3ad2268,f89d39f0-2919-467d-9eae-73947cd92572,2025-03-31,4509.81,483839.78,expense,McDonald's,Quick meal
1dbfdf74-eb43-4797-ba7d-ace276e89ebc,bba64a3b-7d90-4be1-9ad9-026801b99f11,f22ce1ad-508d-454f-a74b-93a7d3ad2268,948ffb81-b520-4b5d-99fe-0e30b14ff505,2025-04-05,31541.07,452298.71,expense,Amazon Books,Book purchase
f3ed826a-eeb0-48f7-b361-10abff738772,bba64a3b-7d90-4be1-9ad9-026801b99f11,f22ce1ad-508d-454f-a74b-93a7d3ad2268,3e870dc4-9bcb-4d85-a0ed-817b2217e50b,2025-04-05,30239.75,422058.96,expense,Bajaj Finance,Consumer loan
1ce84c06-fbcc-49af-a00f-2ee7677a2739,bba64a3b-7d90-4be1-9ad9-026801b99f11,f22ce1ad-508d-454f-a74b-93a7d3ad2268,f89d39f0-2919-467d-9eae-73947cd92572,2025-04-06,930.56,421128.4,expense,Subway,Sandwich
e6266488-bcec-40cc-9a80-558abaddb0b1,bba64a3b-7d90-4be1-9ad9-026801b99f11,f22ce1ad-508d-454f-a74b-93a7d3ad2268,43dc3332-707c-42c3-b0d9-0f067489a82d,2025-04-07,631.42,420496.98,expense,BPCL,Petrol refill
4fd4f217-5d41-4cf2-a217-8c4da7ae7b2f,bba64a3b-7d90-4be1-9ad9-026801b99f11,f22ce1ad-508d-454f-a74b-93a7d3ad2268,4e6141b4-8b08-4a48-92e3-00a3aed708d1,2025-04-09,1769.59,418727.39,expense,Tata Power,Power bill
639f57e2-8a83-4fbb-89e9-20bce2859541,bba64a3b-7d90-4be1-9ad9-026801b99f11,f22ce1ad-508d-454f-a74b-93a7d3ad2268,352e3807-c4b8-4f2f-b4a0-11f0a676a889,2025-04-10,739.14,417988.25,expense,Blinkit,Instant delivery
e245b52d-c89d-4efb-bacd-7c6f8e04a3f0,bba64a3b-7d90-4be1-9ad9-026801b99f11,f22ce1ad-508d-454f-a74b-93a7d3ad2268,4e6141b4-8b08-4a48-92e3-00a3aed708d1,2025-04-10,67486.04,350502.21,expense,BESCOM,Electricity bill
a29454b3-220e-437e-9327-62174158a574,bba64a3b-7d90-4be1-9ad9-026801b99f11,f22ce1ad-508d-454f-a74b-93a7d3ad2268,773ee99e-f4ff-4162-87c7-19387a9ebb97,2025-04-11,4953.02,345549.19,expense,Barbeque Nation,Dinner with family
df88a2d3-afda-49b7-8480-5376ff8d2beb,bba64a3b-7d90-4be1-9ad9-026801b99f11,f22ce1ad-508d-454f-a74b-93a7d3ad2268,3e870dc4-9bcb-4d85-a0ed-817b2217e50b,2025-04-17,36064.39,309484.8,expense,ICICI Bank,Loan EMI
39aba448-e185-4fac-b625-a1e50857603a,bba64a3b-7d90-4be1-9ad9-026801b99f11,f22ce1ad-508d-454f-a74b-93a7d3ad2268,a9ffe6eb-4506-488f-8aae-77f81d637f71,2025-04-18,21910.58,287574.22,expense,Zara,Apparel
f5d91ef6-4c68-43b5-8868-7060473760ff,bba64a3b-7d90-4be1-9ad9-026801b99f11,f22ce1ad-508d-454f-a74b-93a7d3ad2268,ba0f6da6-4496-4265-b6e2-c69a3d91b7c4,2025-04-18,24320.12,263254.1,expense,ICICI Lombard,Motor insurance
76b2502d-6033-4662-9274-523465410e5b,bba64a3b-7d90-4be1-9ad9-026801b99f11,f22ce1ad-508d-454f-a74b-93a7d3ad2268,85035d91-6985-446f-90d5-16e1b52a5e52,2025-04-20,38171.38,225082.72,expense,Netflix,Streaming
815ffe48-20ac-4877-9817-d492155da6e1,bba64a3b-7d90-4be1-9ad9-026801b99f11,f22ce1ad-508d-454f-a74b-93a7d3ad2268,aa200b24-ef0e-410d-9a5e-5cd5e6eb5584,2025-04-20,50968.25,174114.47,expense,Carpenter,Carpentry work
328a484f-a6f7-4389-a90a-62ef794e3031,bba64a3b-7d90-4be1-9ad9-026801b99f11,f22ce1ad-508d-454f-a74b-93a7d3ad2268,61655f71-e388-4300-a414-ec44adc7ee3b,2025-04-21,4273.98,169840.49,expense,Wedding Venue,Event expense
da4d1bd4-bb3d-4f4b-a1a9-e030c51d937b,bba64a3b-7d90-4be1-9ad9-026801b99f11,f22ce1ad-508d-454f-a74b-93a7d3ad2268,f89d39f0-2919-467d-9eae-73947cd92572,2025-04-21,4650.59,165189.9,expense,KFC,Fast food
9a756047-c119-4493-9785-dbe55dc1d208,bba64a3b-7d90-4be1-9ad9-026801b99f11,f22ce1ad-508d-454f-a74b-93a7d3ad2268,3e870dc4-9bcb-4d85-a0ed-817b2217e50b,2025-04-23,35012.55,130177.35,expense,SBI,Personal loan EMI
b017c687-a307-45dc-a8d4-9c48b2c5b13a,bba64a3b-7d90-4be1-9ad9-026801b99f11,f22ce1ad-508d-454f-a74b-93a7d3ad2268,4e6141b4-8b08-4a48-92e3-00a3aed708d1,2025-04-24,60350.22,69827.13,expense,Adani Electricity,Electricity payment
65aa508e-2135-42e6-911f-852070492705,bba64a3b-7d90-4be1-9ad9-026801b99f11,f22ce1ad-508d-454f-a74b-93a7d3ad2268,1936a4f4-2484-487e-9de0-bd4773f631e7,2025-04-25,3536.29,66290.84,expense,BSNL,Mobile bill
01153f8b-8ad9-4aca-ac28-36ee6a9df92a,bba64a3b-7d90-4be1-9ad9-026801b99f11,f22ce1ad-508d-454f-a74b-93a7d3ad2268,245a1bba-ff69-4f13-bb3d-7fff3c2b30be,2025-04-26,836.33,65454.51,expense,BBMP Parking,Public parking fee
653b04e7-aaaf-4d3c-8189-48a070d285c9,bba64a3b-7d90-4be1-9ad9-026801b99f11,f22ce1ad-508d-454f-a74b-93a7d3ad2268,60260042-9174-4f85-82fc-aed9fb085bca,2025-04-27,10931.08,54523.43,expense,Amazon,Accessories order
e83f58e0-15a1-4add-bc43-41724fdfaae5,bba64a3b-7d90-4be1-9ad9-026801b99f11,f22ce1ad-508d-454f-a74b-93a7d3ad2268,e1b2d153-cb13-4270-a0d4-ce6ee99867fa,2025-04-29,41983.18,12540.25,expense,TASMAC,Liquor purchase
a48710b4-302e-4762-ba36-ba754a9a3ea4,bba64a3b-7d90-4be1-9ad9-026801b99f11,f22ce1ad-508d-454f-a74b-93a7d3ad2268,43dc3332-707c-42c3-b0d9-0f067489a82d,2025-04-30,1430.23,11110.02,expense,HP Petrol,Diesel refill
96c7bceb-1515-40aa-a7d0-5cd074c06fd0,76d20039-a7e2-46e9-aa21-456f910c717d,f71801fc-d02b-4965-9b30-50c257088737,96425e71-00ab-44ec-b7a5-b7bc7c419b3c,2025-01-01,51089.6,1481499.87,expense,SBI,Housing loan instalment
8de18492-7989-4f10-8fc8-a8e25f4bde62,76d20039-a7e2-46e9-aa21-456f910c717d,f71801fc-d02b-4965-9b30-50c257088737,afb11444-5eb7-49e4-adb0-6e90808b3f69,2025-01-02,50198.99,1431300.88,expense,Bank,ATM charges
9a286938-29da-4888-b906-897b675d964a,76d20039-a7e2-46e9-aa21-456f910c717d,f71801fc-d02b-4965-9b30-50c257088737,0d3983fc-2dc6-40e8-898b-3e446f9ffcb2,2025-01-02,96417.94,1527718.82,income,Employer,Monthly salary credit
0e69973c-f0da-49e3-af9e-dfc85de5713c,76d20039-a7e2-46e9-aa21-456f910c717d,f71801fc-d02b-4965-9b30-50c257088737,3e870dc4-9bcb-4d85-a0ed-817b2217e50b,2025-01-03,71962.47,1455756.35,expense,HDFC Bank,Loan instalment
6ebee88d-e9f2-4164-88ca-93ff738ab866,76d20039-a7e2-46e9-aa21-456f910c717d,f71801fc-d02b-4965-9b30-50c257088737,352e3807-c4b8-4f2f-b4a0-11f0a676a889,2025-01-03,3188.86,1452567.49,expense,Zepto,Quick grocery delivery
0f7fbce8-56b1-4ab0-9ccd-900830efbd13,76d20039-a7e2-46e9-aa21-456f910c717d,f71801fc-d02b-4965-9b30-50c257088737,ba7b532e-605d-4ad5-b9b6-3155499c93eb,2025-01-04,13049.33,1439518.16,expense,ICICI Prudential,Policy premium
0727fed7-9f7d-40d4-8337-d9150497de11,76d20039-a7e2-46e9-aa21-456f910c717d,f71801fc-d02b-4965-9b30-50c257088737,2240f66e-6ba1-4bb3-9578-9f6dd6e71363,2025-01-06,200.38,1439317.78,expense,Airtel,Broadband bill
bb6d9705-ef0e-42aa-831c-cab3f4d826e0,76d20039-a7e2-46e9-aa21-456f910c717d,f71801fc-d02b-4965-9b30-50c257088737,76b12465-5eec-4e07-98cb-43137e404dcd,2025-01-06,17952.43,1421365.35,expense,Simplilearn,Certification
ea4de8fb-a52a-4406-9dae-bd30b51b71cf,76d20039-a7e2-46e9-aa21-456f910c717d,f71801fc-d02b-4965-9b30-50c257088737,1936a4f4-2484-487e-9de0-bd4773f631e7,2025-01-06,550.25,1420815.1,expense,Jio,Mobile recharge
d834a65d-353f-4b42-a470-4623b25c8f84,76d20039-a7e2-46e9-aa21-456f910c717d,f71801fc-d02b-4965-9b30-50c257088737,24e016a3-fafe-4519-8295-2f5f87ed7005,2025-01-07,871.55,1419943.55,expense,Third Wave Coffee,Evening coffee
6180f196-36fa-4f86-8cc1-45a4beaea4f1,76d20039-a7e2-46e9-aa21-456f910c717d,f71801fc-d02b-4965-9b30-50c257088737,afb11444-5eb7-49e4-adb0-6e90808b3f69,2025-01-09,100971.68,1318971.87,expense,HDFC Bank,Annual maintenance charge
7c352410-33be-42de-96d7-bf51f9cdc79f,76d20039-a7e2-46e9-aa21-456f910c717d,f71801fc-d02b-4965-9b30-50c257088737,06112ebb-b73c-40a0-aaba-87c783f69c60,2025-01-10,22613.87,1296358.0,expense,Local Store,Hobby items
c2168da5-d203-4793-aedd-f46b754132c2,76d20039-a7e2-46e9-aa21-456f910c717d,f71801fc-d02b-4965-9b30-50c257088737,afb11444-5eb7-49e4-adb0-6e90808b3f69,2025-01-10,28821.67,1267536.33,expense,HDFC Bank,Annual maintenance charge
3ac92b27-edff-4e83-81d7-cb72ca0ee53a,76d20039-a7e2-46e9-aa21-456f910c717d,f71801fc-d02b-4965-9b30-50c257088737,afb11444-5eb7-49e4-adb0-6e90808b3f69,2025-01-21,14082.48,1253453.85,expense,SBI,Service charge
ac6713ef-386b-4c0a-8914-c9dcf52f5b45,76d20039-a7e2-46e9-aa21-456f910c717d,f71801fc-d02b-4965-9b30-50c257088737,a9ffe6eb-4506-488f-8aae-77f81d637f71,2025-01-21,8217.36,1245236.49,expense,H&M,Fashion purchase
f57b8f04-38ba-4a23-8b7a-a0a013a2fe2a,76d20039-a7e2-46e9-aa21-456f910c717d,f71801fc-d02b-4965-9b30-50c257088737,f9695d76-897b-4d1d-b699-30bdb8c3bd63,2025-01-21,9352.99,1235883.5,expense,Ola,Cab ride
fca2bd58-816d-4ce8-90e9-933d13600940,76d20039-a7e2-46e9-aa21-456f910c717d,f71801fc-d02b-4965-9b30-50c257088737,d926a624-ee93-4c92-bd0e-202091a8548e,2025-01-24,101728.23,1134155.27,expense,Axis Card,Card outstanding
45b8c05e-e57f-43e1-8e15-d20dc5f71497,76d20039-a7e2-46e9-aa21-456f910c717d,f71801fc-d02b-4965-9b30-50c257088737,02b93640-5ea9-4023-9ca5-12aaa253ea5b,2025-01-29,3222.53,1130932.74,expense,Jio Fiber,Broadband bill
1996acc5-814d-4fc1-941e-366795053c59,76d20039-a7e2-46e9-aa21-456f910c717d,f71801fc-d02b-4965-9b30-50c257088737,0d3983fc-2dc6-40e8-898b-3e446f9ffcb2,2025-02-01,96334.34,1227267.08,income,Employer,Monthly salary credit
f017409f-b4f9-44f5-8c0b-5a5889337903,76d20039-a7e2-46e9-aa21-456f910c717d,f71801fc-d02b-4965-9b30-50c257088737,c1794d38-04bb-436c-a349-b7efa2949d59,2025-02-01,399.0,1226868.08,expense,Jio Fiber,Monthly subscription
82d1dfab-f27c-432f-8426-a8087dc53435,76d20039-a7e2-46e9-aa21-456f910c717d,f71801fc-d02b-4965-9b30-50c257088737,59617cc5-9fa4-4d85-9493-ae0690ce3405,2025-02-04,1462.65,1225405.43,expense,Bosch Car Service,Car repair
aa8f8e92-c84f-4956-b7a3-86f2014ddb3c,76d20039-a7e2-46e9-aa21-456f910c717d,f71801fc-d02b-4965-9b30-50c257088737,a9ffe6eb-4506-488f-8aae-77f81d637f71,2025-02-08,31124.9,1194280.53,expense,Myntra,Clothing order
62d29187-75ff-4bed-b81e-f0bc7e206681,76d20039-a7e2-46e9-aa21-456f910c717d,f71801fc-d02b-4965-9b30-50c257088737,8cdb5319-10b2-4cf2-89c8-22fadc1b7858,2025-02-09,67523.33,1126757.2,expense,Traffic Police,Traffic challan
c5af089d-74ac-44c8-a2a6-fb839394d789,76d20039-a7e2-46e9-aa21-456f910c717d,f71801fc-d02b-4965-9b30-50c257088737,c70299e8-74c3-48e3-832d-a15ca45f9d40,2025-02-14,26383.36,1100373.84,expense,SpiceJet,Domestic flight
5a6e1cd2-f6bf-48e5-aaf8-9229b08ed884,76d20039-a7e2-46e9-aa21-456f910c717d,f71801fc-d02b-4965-9b30-50c257088737,489f5d0e-1a15-4527-bbe0-a4d15d125f35,2025-02-16,1384.81,1098989.03,expense,Amazon,Pet food order
e62deee0-5611-4139-912b-0f7aa5ca4684,76d20039-a7e2-46e9-aa21-456f910c717d,f71801fc-d02b-4965-9b30-50c257088737,ba7b532e-605d-4ad5-b9b6-3155499c93eb,2025-02-16,80466.94,1018522.09,expense,ICICI Prudential,Policy premium
1b6d18ce-2e27-47ce-a4fa-004a3a39e0e8,76d20039-a7e2-46e9-aa21-456f910c717d,f71801fc-d02b-4965-9b30-50c257088737,9824533c-e6eb-43ff-b2d1-9724f9f59c75,2025-02-18,37148.36,981373.73,expense,Laundry,Laundry service
a6e3a018-48ad-4f56-8a3a-9723cf5ab679,76d20039-a7e2-46e9-aa21-456f910c717d,f71801fc-d02b-4965-9b30-50c257088737,2240f66e-6ba1-4bb3-9578-9f6dd6e71363,2025-02-22,5717.82,975655.91,expense,ACT Fibernet,Internet payment
22772083-fec1-4d71-872d-544bf03ac12e,76d20039-a7e2-46e9-aa21-456f910c717d,f71801fc-d02b-4965-9b30-50c257088737,773ee99e-f4ff-4162-87c7-19387a9ebb97,2025-02-28,4156.16,971499.75,expense,Social,Weekend brunch
49add393-aa87-4138-aa10-770e357012e3,76d20039-a7e2-46e9-aa21-456f910c717d,f71801fc-d02b-4965-9b30-50c257088737,482d3ee1-01c6-4f27-880c-5c2e86ff4326,2025-03-04,10032.22,961467.53,expense,Max Hospital,Healthcare
5c2835e3-95fd-4fdb-9869-3489f6e17bfc,76d20039-a7e2-46e9-aa21-456f910c717d,f71801fc-d02b-4965-9b30-50c257088737,7d54e629-cfd3-42d6-93ed-efbfbbbfa7d6,2025-03-04,33859.69,927607.84,expense,CA Firm,Tax advisory
b7ea1392-4946-43ab-b7a8-fff89e9a0ee7,76d20039-a7e2-46e9-aa21-456f910c717d,f71801fc-d02b-4965-9b30-50c257088737,62bb0c22-62a3-42ba-a471-bae2976e7fe1,2025-03-04,94775.97,832831.87,expense,Income Tax Portal,Advance tax payment
00de3ff9-4661-40f1-af4a-3394546d53cf,76d20039-a7e2-46e9-aa21-456f910c717d,f71801fc-d02b-4965-9b30-50c257088737,d926a624-ee93-4c92-bd0e-202091a8548e,2025-03-05,97001.43,735830.44,expense,HDFC CC,Credit card bill
baafaafe-641f-4840-a72f-5dc4fa954c3d,76d20039-a7e2-46e9-aa21-456f910c717d,f71801fc-d02b-4965-9b30-50c257088737,1936a4f4-2484-487e-9de0-bd4773f631e7,2025-03-05,874.1,734956.34,expense,Vi,Phone bill
63623b90-adaa-4997-8dac-d0314c6106c5,76d20039-a7e2-46e9-aa21-456f910c717d,f71801fc-d02b-4965-9b30-50c257088737,3e870dc4-9bcb-4d85-a0ed-817b2217e50b,2025-03-09,89119.73,645836.61,expense,Axis Bank,Loan repayment
bd03e65c-f1d5-46ab-aed5-f3b5affd798b,76d20039-a7e2-46e9-aa21-456f910c717d,f71801fc-d02b-4965-9b30-50c257088737,ba7b532e-605d-4ad5-b9b6-3155499c93eb,2025-03-09,81381.92,564454.69,expense,HDFC Life,Term plan premium
13f6675e-9e03-4f2c-849a-7f3cadcfbd7b,76d20039-a7e2-46e9-aa21-456f910c717d,f71801fc-d02b-4965-9b30-50c257088737,aea49b50-348f-446b-9a35-c970ed3e3a8a,2025-03-12,35424.72,529029.97,expense,Housing Society,Rent payment
aa2769c5-f8af-4edc-a9aa-89fe036fccc3,76d20039-a7e2-46e9-aa21-456f910c717d,f71801fc-d02b-4965-9b30-50c257088737,197c9f3f-79b3-4a17-b0c4-57701d9daa96,2025-03-13,32859.71,496170.26,expense,Yoga Studio,Yoga classes
2ab36c80-98df-4ab1-866f-9e8e23fb652d,76d20039-a7e2-46e9-aa21-456f910c717d,f71801fc-d02b-4965-9b30-50c257088737,d926a624-ee93-4c92-bd0e-202091a8548e,2025-03-15,23024.65,473145.61,expense,HDFC CC,Credit card bill
4673f114-f954-41db-b8cd-7bb5c60ea1e5,76d20039-a7e2-46e9-aa21-456f910c717d,f71801fc-d02b-4965-9b30-50c257088737,afb11444-5eb7-49e4-adb0-6e90808b3f69,2025-03-15,10710.33,462435.28,expense,HDFC Bank,Annual maintenance charge
833cac0b-44e7-49e4-b288-5fcfc94be01b,76d20039-a7e2-46e9-aa21-456f910c717d,f71801fc-d02b-4965-9b30-50c257088737,49b46c39-e438-4284-95c0-8dd9c25bbe33,2025-03-17,4476.14,457959.14,expense,Local Eatery,Food purchase
1629cc68-3077-4022-a217-3c0168f03403,76d20039-a7e2-46e9-aa21-456f910c717d,f71801fc-d02b-4965-9b30-50c257088737,825886bd-f63b-4c0f-9ac7-7f98670856c9,2025-03-18,3918.23,454040.91,expense,GiveIndia,Donation
a432bbc3-17ee-405f-8388-42d508b41322,76d20039-a7e2-46e9-aa21-456f910c717d,f71801fc-d02b-4965-9b30-50c257088737,43dc3332-707c-42c3-b0d9-0f067489a82d,2025-03-19,17479.58,436561.33,expense,Shell,Fuel refill
65c1382d-a81c-4f5d-afec-07a9e18bca5f,76d20039-a7e2-46e9-aa21-456f910c717d,f71801fc-d02b-4965-9b30-50c257088737,f9695d76-897b-4d1d-b699-30bdb8c3bd63,2025-03-21,15522.62,421038.71,expense,InDrive,Cab booking
7f3ebc4f-d2b1-4936-b84c-cfc2d374d3ee,76d20039-a7e2-46e9-aa21-456f910c717d,f71801fc-d02b-4965-9b30-50c257088737,02b93640-5ea9-4023-9ca5-12aaa253ea5b,2025-03-23,770.75,420267.96,expense,Jio Fiber,Broadband bill
ea35ae27-f194-4ab3-af0c-dcbffb03d94e,76d20039-a7e2-46e9-aa21-456f910c717d,f71801fc-d02b-4965-9b30-50c257088737,8cdb5319-10b2-4cf2-89c8-22fadc1b7858,2025-03-27,1821.37,418446.59,expense,BBMP,Penalty
9a816c19-4cbc-4d14-83db-7a1658968380,76d20039-a7e2-46e9-aa21-456f910c717d,f71801fc-d02b-4965-9b30-50c257088737,62bb0c22-62a3-42ba-a471-bae2976e7fe1,2025-03-29,22481.56,395965.03,expense,Income Tax Portal,Advance tax payment
8345a38c-4612-44bd-95e4-f6cab2a1d79e,76d20039-a7e2-46e9-aa21-456f910c717d,f71801fc-d02b-4965-9b30-50c257088737,489f5d0e-1a15-4527-bbe0-a4d15d125f35,2025-04-01,15636.94,380328.09,expense,Heads Up For Tails,Pet products
f4965fd3-28c8-431d-86c7-2cb0eea1c00d,76d20039-a7e2-46e9-aa21-456f910c717d,f71801fc-d02b-4965-9b30-50c257088737,d926a624-ee93-4c92-bd0e-202091a8548e,2025-04-01,51837.83,328490.26,expense,HDFC CC,Credit card bill
439dd4a5-0dbf-4157-9e9a-f7ce6f93f4c3,76d20039-a7e2-46e9-aa21-456f910c717d,f71801fc-d02b-4965-9b30-50c257088737,0d3983fc-2dc6-40e8-898b-3e446f9ffcb2,2025-04-03,96978.82,425469.08,income,Company,Salary transfer
7ed95344-6793-45e9-bc64-3289a97add9c,76d20039-a7e2-46e9-aa21-456f910c717d,f71801fc-d02b-4965-9b30-50c257088737,afb11444-5eb7-49e4-adb0-6e90808b3f69,2025-04-03,76503.72,348965.36,expense,Kotak Bank,Account charges
f64e1a7d-57ae-44b7-8b4a-da0b69af39e0,76d20039-a7e2-46e9-aa21-456f910c717d,f71801fc-d02b-4965-9b30-50c257088737,1936a4f4-2484-487e-9de0-bd4773f631e7,2025-04-03,978.53,347986.83,expense,Vi,Phone bill
fcd5c221-40f8-441d-bd7a-34e8bc8f707b,76d20039-a7e2-46e9-aa21-456f910c717d,f71801fc-d02b-4965-9b30-50c257088737,352e3807-c4b8-4f2f-b4a0-11f0a676a889,2025-04-05,1915.49,346071.34,expense,Blinkit,Instant delivery
9806b1b7-f1df-4cc6-83e7-3f9e005a25b5,76d20039-a7e2-46e9-aa21-456f910c717d,f71801fc-d02b-4965-9b30-50c257088737,49b46c39-e438-4284-95c0-8dd9c25bbe33,2025-04-08,1373.98,344697.36,expense,Swiggy,Food order
cd4bba77-f3a9-4de8-b52e-ed6ab5e49ab7,76d20039-a7e2-46e9-aa21-456f910c717d,f71801fc-d02b-4965-9b30-50c257088737,3e870dc4-9bcb-4d85-a0ed-817b2217e50b,2025-04-08,11231.16,333466.2,expense,Bajaj Finance,Consumer loan
e9224087-fb0f-4f2d-9227-b5d0b21ba413,76d20039-a7e2-46e9-aa21-456f910c717d,f71801fc-d02b-4965-9b30-50c257088737,429a8169-f08e-42ad-94fb-5211d344c7b9,2025-04-08,3158.26,336624.46,income,Relative,Gift transfer
8c4387d8-4c5c-47f4-8aa5-b101d2510a2a,76d20039-a7e2-46e9-aa21-456f910c717d,f71801fc-d02b-4965-9b30-50c257088737,4e6141b4-8b08-4a48-92e3-00a3aed708d1,2025-04-09,30290.7,306333.76,expense,BSES,Power bill
3d56229f-9220-4bf0-8597-739f20638ac0,76d20039-a7e2-46e9-aa21-456f910c717d,f71801fc-d02b-4965-9b30-50c257088737,ba7b532e-605d-4ad5-b9b6-3155499c93eb,2025-04-10,2994.24,303339.52,expense,Max Life,Premium payment
579d43b9-6ab7-47ff-991c-c4b6f7867c9e,76d20039-a7e2-46e9-aa21-456f910c717d,f71801fc-d02b-4965-9b30-50c257088737,352e3807-c4b8-4f2f-b4a0-11f0a676a889,2025-04-10,4860.08,298479.44,expense,DMart,Supermarket shopping
bb29f851-1ee0-4fd4-8f6e-e96ec3a95822,76d20039-a7e2-46e9-aa21-456f910c717d,f71801fc-d02b-4965-9b30-50c257088737,49b46c39-e438-4284-95c0-8dd9c25bbe33,2025-04-11,149.37,298330.07,expense,Local Eatery,Food purchase
1cb3ab6c-1a85-4959-8f54-95c9e8e7a4a5,76d20039-a7e2-46e9-aa21-456f910c717d,f71801fc-d02b-4965-9b30-50c257088737,c1794d38-04bb-436c-a349-b7efa2949d59,2025-04-13,11463.9,286866.17,expense,Amazon Prime,Prime membership
ac294e6b-494b-4f04-9b82-a68353747eb7,76d20039-a7e2-46e9-aa21-456f910c717d,f71801fc-d02b-4965-9b30-50c257088737,2240f66e-6ba1-4bb3-9578-9f6dd6e71363,2025-04-16,597.11,286269.06,expense,Gas Agency,LPG cylinder
95852945-af98-4fdb-8723-61b3196adf06,76d20039-a7e2-46e9-aa21-456f910c717d,f71801fc-d02b-4965-9b30-50c257088737,3e870dc4-9bcb-4d85-a0ed-817b2217e50b,2025-04-17,47118.61,239150.45,expense,Bajaj Finance,Consumer loan
1b6cb8cc-0901-4db0-8409-19fcca089a4b,76d20039-a7e2-46e9-aa21-456f910c717d,f71801fc-d02b-4965-9b30-50c257088737,49b46c39-e438-4284-95c0-8dd9c25bbe33,2025-04-18,1462.45,237688.0,expense,Swiggy,Food order
4f33db47-a395-4436-b636-605600183be1,76d20039-a7e2-46e9-aa21-456f910c717d,f71801fc-d02b-4965-9b30-50c257088737,3e870dc4-9bcb-4d85-a0ed-817b2217e50b,2025-04-22,37054.92,200633.08,expense,HDFC Bank,Loan instalment
6b956161-9ef8-4846-af5d-d18097eee6a6,76d20039-a7e2-46e9-aa21-456f910c717d,f71801fc-d02b-4965-9b30-50c257088737,ba7b532e-605d-4ad5-b9b6-3155499c93eb,2025-04-24,17494.52,183138.56,expense,Max Life,Premium payment
6753776e-9f5d-4d6c-bc64-815007cc2c9b,76d20039-a7e2-46e9-aa21-456f910c717d,f71801fc-d02b-4965-9b30-50c257088737,aa200b24-ef0e-410d-9a5e-5cd5e6eb5584,2025-04-25,37974.19,145164.37,expense,Carpenter,Carpentry work
64e90c78-e280-49c3-8c47-b69f8dc605f2,76d20039-a7e2-46e9-aa21-456f910c717d,f71801fc-d02b-4965-9b30-50c257088737,773ee99e-f4ff-4162-87c7-19387a9ebb97,2025-04-27,452.55,144711.82,expense,Haldiram's,Lunch
97e4efbb-5d6e-4765-8291-c163d9b216c7,3fda265f-68c3-4ce0-9553-1ba65baa4d75,fb9af688-a534-412a-b506-cb3bd5939f8e,99b34d50-a760-4c27-b2ff-1bf9e6cbe779,2025-01-01,55825.85,2160351.93,expense,Bank,Bank charges
f7e0c28a-a159-4c14-8e1f-9b1925b8503f,3fda265f-68c3-4ce0-9553-1ba65baa4d75,fb9af688-a534-412a-b506-cb3bd5939f8e,85035d91-6985-446f-90d5-16e1b52a5e52,2025-01-01,20876.87,2139475.06,expense,Airtel DTH,DTH payment
3b127fdc-afec-4c70-9257-65875217bcbe,3fda265f-68c3-4ce0-9553-1ba65baa4d75,fb9af688-a534-412a-b506-cb3bd5939f8e,d926a624-ee93-4c92-bd0e-202091a8548e,2025-01-02,44001.59,2095473.47,expense,SBI Card,Card payment
d7d94b0f-4b7a-4e9f-ab22-3026509b73af,3fda265f-68c3-4ce0-9553-1ba65baa4d75,fb9af688-a534-412a-b506-cb3bd5939f8e,7d54e629-cfd3-42d6-93ed-efbfbbbfa7d6,2025-01-03,35639.92,2059833.55,expense,CA Firm,Tax advisory
add7083f-d1c9-4f9f-9a06-da35eacc0393,3fda265f-68c3-4ce0-9553-1ba65baa4d75,fb9af688-a534-412a-b506-cb3bd5939f8e,24e016a3-fafe-4519-8295-2f5f87ed7005,2025-01-04,659.9,2059173.65,expense,Third Wave Coffee,Evening coffee
cfdb08fb-d05c-41e6-8185-f48533426089,3fda265f-68c3-4ce0-9553-1ba65baa4d75,fb9af688-a534-412a-b506-cb3bd5939f8e,62bb0c22-62a3-42ba-a471-bae2976e7fe1,2025-01-04,16908.07,2042265.58,expense,GST Portal,GST payment
38a4d830-62b0-4afb-8609-a974bb42781a,3fda265f-68c3-4ce0-9553-1ba65baa4d75,fb9af688-a534-412a-b506-cb3bd5939f8e,a9ffe6eb-4506-488f-8aae-77f81d637f71,2025-01-05,38162.94,2004102.64,expense,FabIndia,Ethnic wear
31eead5f-c815-437d-8ee8-6b129cbcdb42,3fda265f-68c3-4ce0-9553-1ba65baa4d75,fb9af688-a534-412a-b506-cb3bd5939f8e,4e6141b4-8b08-4a48-92e3-00a3aed708d1,2025-01-06,48512.42,1955590.22,expense,BSES,Power bill
65903588-29dd-4c70-9519-54ab3c3683ae,3fda265f-68c3-4ce0-9553-1ba65baa4d75,fb9af688-a534-412a-b506-cb3bd5939f8e,ba7b532e-605d-4ad5-b9b6-3155499c93eb,2025-01-08,7505.96,1948084.26,expense,LIC,Life insurance premium
438b440f-c1f2-4839-ba08-5efa8dc3f038,3fda265f-68c3-4ce0-9553-1ba65baa4d75,fb9af688-a534-412a-b506-cb3bd5939f8e,ba7b532e-605d-4ad5-b9b6-3155499c93eb,2025-01-11,40442.09,1907642.17,expense,SBI Life,Insurance payment
8b9f6d91-b3ae-4d5d-bd45-7ce1319148fc,3fda265f-68c3-4ce0-9553-1ba65baa4d75,fb9af688-a534-412a-b506-cb3bd5939f8e,223324ac-c0b3-4f8f-bc2b-440cc66d4f97,2025-01-11,21121.58,1886520.59,expense,Stanley,Tools purchase
e2e0193d-fd66-45c7-a7b5-326dda207749,3fda265f-68c3-4ce0-9553-1ba65baa4d75,fb9af688-a534-412a-b506-cb3bd5939f8e,352e3807-c4b8-4f2f-b4a0-11f0a676a889,2025-01-13,3877.88,1882642.71,expense,DMart,Supermarket shopping
f616b2a4-301b-4efd-9a68-6c2676b22381,3fda265f-68c3-4ce0-9553-1ba65baa4d75,fb9af688-a534-412a-b506-cb3bd5939f8e,24e016a3-fafe-4519-8295-2f5f87ed7005,2025-01-13,4249.35,1878393.36,expense,Toit Brewpub,Craft beer
93c33edb-8660-4025-8ab6-202282a2afc8,3fda265f-68c3-4ce0-9553-1ba65baa4d75,fb9af688-a534-412a-b506-cb3bd5939f8e,482d3ee1-01c6-4f27-880c-5c2e86ff4326,2025-01-15,21255.04,1857138.32,expense,Max Hospital,Healthcare
95ff913f-565f-4e7d-a9ca-6d3828174782,3fda265f-68c3-4ce0-9553-1ba65baa4d75,fb9af688-a534-412a-b506-cb3bd5939f8e,afb11444-5eb7-49e4-adb0-6e90808b3f69,2025-01-15,76853.28,1780285.04,expense,Axis Bank,Processing fee
25798ed7-7c6a-4d62-9196-70b614fc9757,3fda265f-68c3-4ce0-9553-1ba65baa4d75,fb9af688-a534-412a-b506-cb3bd5939f8e,ba7b532e-605d-4ad5-b9b6-3155499c93eb,2025-01-16,119480.61,1660804.43,expense,Max Life,Premium payment
444b612e-f5bf-40bc-b870-ba118f2ecca8,3fda265f-68c3-4ce0-9553-1ba65baa4d75,fb9af688-a534-412a-b506-cb3bd5939f8e,baf0d272-8682-41c0-acfb-c78f1f2cd9a1,2025-01-16,20873.68,1639930.75,expense,Samsung Store,Mobile accessory
fd1b1b7d-b4bd-4f14-8f30-e94b61d224eb,3fda265f-68c3-4ce0-9553-1ba65baa4d75,fb9af688-a534-412a-b506-cb3bd5939f8e,f89d39f0-2919-467d-9eae-73947cd92572,2025-01-19,3629.86,1636300.89,expense,Burger King,Burger meal
06935ae1-dda6-4887-aeb8-767936840918,3fda265f-68c3-4ce0-9553-1ba65baa4d75,fb9af688-a534-412a-b506-cb3bd5939f8e,ba7b532e-605d-4ad5-b9b6-3155499c93eb,2025-01-22,34925.56,1601375.33,expense,HDFC Life,Term plan premium
7f90c54a-f01a-413e-8bb0-580a3e10ebca,3fda265f-68c3-4ce0-9553-1ba65baa4d75,fb9af688-a534-412a-b506-cb3bd5939f8e,9b12be40-523e-43ac-b1e0-56b200b39928,2025-01-23,49432.35,1551942.98,expense,ICICI Lombard,Property insurance premium
43bfd8a5-2aee-464c-8b4a-71f65ebda844,3fda265f-68c3-4ce0-9553-1ba65baa4d75,fb9af688-a534-412a-b506-cb3bd5939f8e,43dc3332-707c-42c3-b0d9-0f067489a82d,2025-01-24,25410.64,1526532.34,expense,HP Petrol,Diesel refill
4a5d3ce5-8e93-44e5-8778-0e3a967ced98,3fda265f-68c3-4ce0-9553-1ba65baa4d75,fb9af688-a534-412a-b506-cb3bd5939f8e,ba7b532e-605d-4ad5-b9b6-3155499c93eb,2025-01-26,34195.34,1492337.0,expense,Max Life,Premium payment
6a1edb4f-da5e-404b-854d-bf1fc9196f9f,3fda265f-68c3-4ce0-9553-1ba65baa4d75,fb9af688-a534-412a-b506-cb3bd5939f8e,43dc3332-707c-42c3-b0d9-0f067489a82d,2025-01-26,24339.98,1467997.02,expense,BPCL,Petrol refill
8cb929e2-dc30-44e0-b197-4fd13953a040,3fda265f-68c3-4ce0-9553-1ba65baa4d75,fb9af688-a534-412a-b506-cb3bd5939f8e,a9ffe6eb-4506-488f-8aae-77f81d637f71,2025-01-26,27287.67,1440709.35,expense,H&M,Fashion purchase
15a39633-7ccf-439d-99e3-7e89412efe11,3fda265f-68c3-4ce0-9553-1ba65baa4d75,fb9af688-a534-412a-b506-cb3bd5939f8e,352e3807-c4b8-4f2f-b4a0-11f0a676a889,2025-01-27,2439.05,1438270.3,expense,BigBasket,Weekly grocery order
585e8149-23c1-478b-93dc-acf00daa92a1,3fda265f-68c3-4ce0-9553-1ba65baa4d75,fb9af688-a534-412a-b506-cb3bd5939f8e,02b93640-5ea9-4023-9ca5-12aaa253ea5b,2025-01-30,3732.43,1434537.87,expense,ACT Fibernet,Internet payment
cd1b1d81-c9aa-4b99-a64f-7d1d461d68c9,3fda265f-68c3-4ce0-9553-1ba65baa4d75,fb9af688-a534-412a-b506-cb3bd5939f8e,62bb0c22-62a3-42ba-a471-bae2976e7fe1,2025-01-31,20783.43,1413754.44,expense,MCA,Filing fee
207d9af2-87d7-462a-bed8-4d1fd6a5901e,3fda265f-68c3-4ce0-9553-1ba65baa4d75,fb9af688-a534-412a-b506-cb3bd5939f8e,4e6141b4-8b08-4a48-92e3-00a3aed708d1,2025-02-05,2580.27,1411174.17,expense,Adani Electricity,Electricity payment
cb88b4eb-44c0-439d-8cae-6c43a9b8b85f,3fda265f-68c3-4ce0-9553-1ba65baa4d75,fb9af688-a534-412a-b506-cb3bd5939f8e,3e870dc4-9bcb-4d85-a0ed-817b2217e50b,2025-02-06,93929.33,1317244.84,expense,ICICI Bank,Loan EMI
84e17fcc-2e8b-40eb-aeca-45d8b886b61d,3fda265f-68c3-4ce0-9553-1ba65baa4d75,fb9af688-a534-412a-b506-cb3bd5939f8e,24e016a3-fafe-4519-8295-2f5f87ed7005,2025-02-15,2561.63,1314683.21,expense,Cafe Coffee Day,Coffee and snacks
e91703f9-26d3-4409-aa09-e1baa6eec3e0,3fda265f-68c3-4ce0-9553-1ba65baa4d75,fb9af688-a534-412a-b506-cb3bd5939f8e,99b34d50-a760-4c27-b2ff-1bf9e6cbe779,2025-02-15,1737.67,1312945.54,expense,Bank,Bank charges
9f570362-d2a2-4e55-8753-602efc1e66b5,3fda265f-68c3-4ce0-9553-1ba65baa4d75,fb9af688-a534-412a-b506-cb3bd5939f8e,3e870dc4-9bcb-4d85-a0ed-817b2217e50b,2025-02-18,44913.39,1268032.15,expense,SBI,Personal loan EMI
2864335a-605d-4bd2-a045-62288f5c07bc,3fda265f-68c3-4ce0-9553-1ba65baa4d75,fb9af688-a534-412a-b506-cb3bd5939f8e,7b4b3f22-72da-46c4-913d-6c0f0486886f,2025-02-19,7502.7,1260529.45,expense,Apollo Pharmacy,Medicine purchase
5b7df8cd-fc9b-4cd9-9ebc-99fe9b60c1ac,3fda265f-68c3-4ce0-9553-1ba65baa4d75,fb9af688-a534-412a-b506-cb3bd5939f8e,8cdb5319-10b2-4cf2-89c8-22fadc1b7858,2025-02-20,59131.05,1201398.4,expense,Traffic Police,Traffic challan
9020d734-9903-4dd9-bd15-4cbfebbce6f3,3fda265f-68c3-4ce0-9553-1ba65baa4d75,fb9af688-a534-412a-b506-cb3bd5939f8e,3e870dc4-9bcb-4d85-a0ed-817b2217e50b,2025-02-24,33570.83,1167827.57,expense,ICICI Bank,Loan EMI
bf473ee5-36f1-4547-860a-6b5b2f43cb37,3fda265f-68c3-4ce0-9553-1ba65baa4d75,fb9af688-a534-412a-b506-cb3bd5939f8e,99b34d50-a760-4c27-b2ff-1bf9e6cbe779,2025-02-24,19439.81,1148387.76,expense,HDFC CC,Credit card bill
e62eb39a-58e1-4be3-a8e4-f83703b54581,3fda265f-68c3-4ce0-9553-1ba65baa4d75,fb9af688-a534-412a-b506-cb3bd5939f8e,baf0d272-8682-41c0-acfb-c78f1f2cd9a1,2025-03-02,21415.37,1126972.39,expense,Amazon,Electronics order
3c350959-e582-4928-93ca-faf5d280a557,3fda265f-68c3-4ce0-9553-1ba65baa4d75,fb9af688-a534-412a-b506-cb3bd5939f8e,3e870dc4-9bcb-4d85-a0ed-817b2217e50b,2025-03-03,2730.56,1124241.83,expense,SBI,Personal loan EMI
8a9655f4-63d6-48c6-96df-30c745149536,3fda265f-68c3-4ce0-9553-1ba65baa4d75,fb9af688-a534-412a-b506-cb3bd5939f8e,afb11444-5eb7-49e4-adb0-6e90808b3f69,2025-03-04,77842.43,1046399.4,expense,HDFC Bank,Annual maintenance charge
08d71b88-f46a-4e59-8e2c-0d9c2765ac91,3fda265f-68c3-4ce0-9553-1ba65baa4d75,fb9af688-a534-412a-b506-cb3bd5939f8e,3a69e27b-2712-47a5-a445-c5d7a978f8c9,2025-03-05,4679.29,1041720.11,expense,Crossword,Books and stationery
17cabd0a-95c3-45b2-a64d-74cc47035af1,3fda265f-68c3-4ce0-9553-1ba65baa4d75,fb9af688-a534-412a-b506-cb3bd5939f8e,1936a4f4-2484-487e-9de0-bd4773f631e7,2025-03-05,3617.57,1038102.54,expense,Airtel,Postpaid bill
479fe1fe-03cc-45df-9009-c2841b1ec174,3fda265f-68c3-4ce0-9553-1ba65baa4d75,fb9af688-a534-412a-b506-cb3bd5939f8e,68662b1b-9e19-427c-8a6f-0dea71240479,2025-03-05,2885.22,1035217.32,expense,Adobe,Software subscription
28ef28c9-dde1-4d00-964e-85e25c224fde,3fda265f-68c3-4ce0-9553-1ba65baa4d75,fb9af688-a534-412a-b506-cb3bd5939f8e,52f50416-8d6b-4f79-aa1e-87189fe727cf,2025-03-07,20625.69,1014591.63,expense,Forest Essentials,Skincare
2247e7ad-868e-4484-82ab-3c83bbf21b26,3fda265f-68c3-4ce0-9553-1ba65baa4d75,fb9af688-a534-412a-b506-cb3bd5939f8e,2240f66e-6ba1-4bb3-9578-9f6dd6e71363,2025-03-09,220.81,1014370.82,expense,BWSSB,Water bill
49b1fb9e-e9d6-4ca6-b938-54f5d69cca36,3fda265f-68c3-4ce0-9553-1ba65baa4d75,fb9af688-a534-412a-b506-cb3bd5939f8e,7d54e629-cfd3-42d6-93ed-efbfbbbfa7d6,2025-03-12,20544.53,993826.29,expense,CA Firm,Tax advisory
10ec7179-63d9-4c56-a1f3-cfd9075f586b,3fda265f-68c3-4ce0-9553-1ba65baa4d75,fb9af688-a534-412a-b506-cb3bd5939f8e,2240f66e-6ba1-4bb3-9578-9f6dd6e71363,2025-03-14,21029.55,972796.74,expense,Jio Fiber,Internet bill
ed00e3a9-b032-4749-97d2-c68a138e5243,3fda265f-68c3-4ce0-9553-1ba65baa4d75,fb9af688-a534-412a-b506-cb3bd5939f8e,3e870dc4-9bcb-4d85-a0ed-817b2217e50b,2025-03-14,28917.73,943879.01,expense,Bajaj Finance,Consumer loan
7dca0c3a-5b68-4c87-9b63-3c129299bef8,3fda265f-68c3-4ce0-9553-1ba65baa4d75,fb9af688-a534-412a-b506-cb3bd5939f8e,ba7b532e-605d-4ad5-b9b6-3155499c93eb,2025-03-15,105560.9,838318.11,expense,LIC,Life insurance premium
98a4b262-fee5-4502-92f2-438487dd63b9,3fda265f-68c3-4ce0-9553-1ba65baa4d75,fb9af688-a534-412a-b506-cb3bd5939f8e,ba7b532e-605d-4ad5-b9b6-3155499c93eb,2025-03-16,25716.47,812601.64,expense,SBI Life,Insurance payment
b1c38641-1e96-4bfb-9a27-bd8be1ee397b,3fda265f-68c3-4ce0-9553-1ba65baa4d75,fb9af688-a534-412a-b506-cb3bd5939f8e,4e6141b4-8b08-4a48-92e3-00a3aed708d1,2025-03-23,34343.2,778258.44,expense,Tata Power,Power bill
29da873b-61d5-4f27-8fc4-d98d7276fa27,3fda265f-68c3-4ce0-9553-1ba65baa4d75,fb9af688-a534-412a-b506-cb3bd5939f8e,4e6141b4-8b08-4a48-92e3-00a3aed708d1,2025-03-24,11307.8,766950.64,expense,Tata Power,Power bill
e4273d14-ff03-4fd3-90c1-ba671ca49eba,3fda265f-68c3-4ce0-9553-1ba65baa4d75,fb9af688-a534-412a-b506-cb3bd5939f8e,ba7b532e-605d-4ad5-b9b6-3155499c93eb,2025-03-25,42356.28,724594.36,expense,ICICI Prudential,Policy premium
452035da-e040-42c9-807e-1eacb524d9a0,3fda265f-68c3-4ce0-9553-1ba65baa4d75,fb9af688-a534-412a-b506-cb3bd5939f8e,4e6141b4-8b08-4a48-92e3-00a3aed708d1,2025-03-27,57716.19,666878.17,expense,Adani Electricity,Electricity payment
2423195d-40e1-4525-a5ea-1fc16f82b5ec,3fda265f-68c3-4ce0-9553-1ba65baa4d75,fb9af688-a534-412a-b506-cb3bd5939f8e,7d54e629-cfd3-42d6-93ed-efbfbbbfa7d6,2025-03-28,20987.75,645890.42,expense,Financial Advisor,Advisory fee
cccac817-193d-48dc-a6d8-01f38c414e76,3fda265f-68c3-4ce0-9553-1ba65baa4d75,fb9af688-a534-412a-b506-cb3bd5939f8e,3e870dc4-9bcb-4d85-a0ed-817b2217e50b,2025-03-28,47751.65,598138.77,expense,HDFC Bank,Loan instalment
9d17c9c2-2ffa-40e8-ae08-ff335e066a2f,3fda265f-68c3-4ce0-9553-1ba65baa4d75,fb9af688-a534-412a-b506-cb3bd5939f8e,aa200b24-ef0e-410d-9a5e-5cd5e6eb5584,2025-04-02,26157.48,571981.29,expense,Painting Service,Wall painting
0041dacd-f75b-4a23-aa53-d8b6cd520854,3fda265f-68c3-4ce0-9553-1ba65baa4d75,fb9af688-a534-412a-b506-cb3bd5939f8e,c1794d38-04bb-436c-a349-b7efa2949d59,2025-04-05,299.0,571682.29,expense,Hotstar,Monthly subscription
27fda9bd-f748-4773-afe9-68afbc54ca22,3fda265f-68c3-4ce0-9553-1ba65baa4d75,fb9af688-a534-412a-b506-cb3bd5939f8e,44142b8c-0a2a-4f19-9d1f-e4b5898c28b2,2025-04-05,6985.76,564696.53,expense,Nursery,Plants and soil
d662c83b-e8ec-4c1e-aec4-3c0d1688a3b2,3fda265f-68c3-4ce0-9553-1ba65baa4d75,fb9af688-a534-412a-b506-cb3bd5939f8e,68662b1b-9e19-427c-8a6f-0dea71240479,2025-04-06,2128.23,562568.3,expense,Microsoft,Software subscription
c76e4fb0-f92e-4164-92f6-7ebd96deb5cd,3fda265f-68c3-4ce0-9553-1ba65baa4d75,fb9af688-a534-412a-b506-cb3bd5939f8e,96425e71-00ab-44ec-b7a5-b7bc7c419b3c,2025-04-15,32018.28,530550.02,expense,LIC HFL,Mortgage payment
26763b8f-ef02-41fd-b9cc-b92f6d86d59e,3fda265f-68c3-4ce0-9553-1ba65baa4d75,fb9af688-a534-412a-b506-cb3bd5939f8e,352e3807-c4b8-4f2f-b4a0-11f0a676a889,2025-04-16,176.92,530373.1,expense,Blinkit,Instant delivery
8668e0de-2201-4929-b138-11e6e2ca3216,3fda265f-68c3-4ce0-9553-1ba65baa4d75,fb9af688-a534-412a-b506-cb3bd5939f8e,825886bd-f63b-4c0f-9ac7-7f98670856c9,2025-04-16,9359.5,521013.6,expense,CRY,Charity donation
906b8ed4-7b25-4458-bfdc-514bbfc96f03,3fda265f-68c3-4ce0-9553-1ba65baa4d75,fb9af688-a534-412a-b506-cb3bd5939f8e,825886bd-f63b-4c0f-9ac7-7f98670856c9,2025-04-19,26097.96,494915.64,expense,NGO,Charitable contribution
e1f23db3-994b-4267-903d-31f80b4f84fe,3fda265f-68c3-4ce0-9553-1ba65baa4d75,fb9af688-a534-412a-b506-cb3bd5939f8e,3e870dc4-9bcb-4d85-a0ed-817b2217e50b,2025-04-19,67679.66,427235.98,expense,HDFC Bank,Loan instalment
086a9d7e-9b09-4c3c-9cae-9e2a34a0ee4b,3fda265f-68c3-4ce0-9553-1ba65baa4d75,fb9af688-a534-412a-b506-cb3bd5939f8e,85035d91-6985-446f-90d5-16e1b52a5e52,2025-04-20,26756.12,400479.86,expense,Netflix,Streaming
3c171d5e-e9ec-40e7-b1c9-8ccb604beb96,3fda265f-68c3-4ce0-9553-1ba65baa4d75,fb9af688-a534-412a-b506-cb3bd5939f8e,3e870dc4-9bcb-4d85-a0ed-817b2217e50b,2025-04-20,848.21,399631.65,expense,Axis Bank,Loan repayment
99a6fa6d-b48c-4dfb-8517-6d4862260682,3fda265f-68c3-4ce0-9553-1ba65baa4d75,fb9af688-a534-412a-b506-cb3bd5939f8e,3e870dc4-9bcb-4d85-a0ed-817b2217e50b,2025-04-21,111694.4,287937.25,expense,ICICI Bank,Loan EMI
6fc6ab26-dc69-496c-9bcf-09f05f7cf87d,3fda265f-68c3-4ce0-9553-1ba65baa4d75,fb9af688-a534-412a-b506-cb3bd5939f8e,ba7b532e-605d-4ad5-b9b6-3155499c93eb,2025-04-22,42649.22,245288.03,expense,ICICI Prudential,Policy premium
70a79188-ed61-4d96-814c-98ab8108ed6d,3fda265f-68c3-4ce0-9553-1ba65baa4d75,fb9af688-a534-412a-b506-cb3bd5939f8e,aea49b50-348f-446b-9a35-c970ed3e3a8a,2025-04-22,43290.56,201997.47,expense,Housing Society,Rent payment
4276a051-b4d6-4ba6-8c1c-e9233a53d451,3fda265f-68c3-4ce0-9553-1ba65baa4d75,fb9af688-a534-412a-b506-cb3bd5939f8e,3e870dc4-9bcb-4d85-a0ed-817b2217e50b,2025-04-24,115903.5,86093.97,expense,Axis Bank,Loan repayment
93346b64-047c-430e-b6a4-167f94a01841,3fda265f-68c3-4ce0-9553-1ba65baa4d75,fb9af688-a534-412a-b506-cb3bd5939f8e,afb11444-5eb7-49e4-adb0-6e90808b3f69,2025-04-27,105257.72,-19163.75,expense,Kotak Bank,Account charges
