user_id,account_id,reference_id,date,amount,transaction_type,currency,merchant_name,payment_mode,initial_balance,tags,remark
usr_1723fa55,acc_kotak_e4fb97,TXN2F90A796FF90,2025-01-01,138527.47,credit,INR,Employer NEFT,NEFT,121838.9,Income::Salary,referral bonus
usr_1723fa55,acc_hdfc_0a7d00,TXN16667A912B4C,2025-01-01,17961.68,debit,INR,Air India,card,-97937.62,Transportation::Flight & Train,office commute
usr_1723fa55,acc_kotak_e4fb97,TXNB4471EF40857,2025-01-01,27935.05,debit,INR,Local Bookshop,cash,100614.31,Shopping::Books & Stationery,anniversary
usr_1723fa55,acc_hdfc_0a7d00,TXN672F89FFA8C5,2025-01-01,12096.35,debit,INR,Mamaearth,UPI,-305519.32,Shopping::Personal Care,
usr_1723fa55,acc_hdfc_0a7d00,TXN9F89D6D9AE7F,2025-01-01,106973.74,debit,INR,SBI CC Bill,NEFT,-317615.67,Financial Expenses::Credit Card Bill,monthly EMI
usr_1723fa55,acc_hdfc_0a7d00,TXN3AC6261F4A9F,2025-01-02,47700.0,debit,INR,Landlord NEFT,NEFT,75505.75,Housing::Rent,monthly rent
usr_1723fa55,acc_kotak_e4fb97,TXN40F30E4F093B,2025-01-03,129.0,debit,INR,YouTube Premium,UPI,259352.16,Life & Entertainment::Subscriptions,
usr_1723fa55,acc_icici_4df757,TXNF5347EE4B86A,2025-01-03,3449.27,debit,INR,Monginis,cash,-233600.06,Food & Drinks::Bakery & Snacks,client dinner
usr_1723fa55,acc_kotak_e4fb97,TXN6A99E1E83C83,2025-01-04,5435.5,debit,INR,Ajio,UPI,233745.6,Shopping::Clothing & Apparel,
usr_1723fa55,acc_kotak_e4fb97,TXNB39D5C990313,2025-01-05,661.37,debit,INR,MakeMyTrip,card,234406.97,Life & Entertainment::Travel & Hotels,family outing
usr_1723fa55,acc_icici_4df757,TXND9229E9121C1,2025-01-05,17977.52,debit,INR,Amazon Gift,UPI,-107213.64,Life & Entertainment::Gifting,
usr_1723fa55,acc_hdfc_0a7d00,TXNDCDBAE8F818F,2025-01-06,499.0,debit,INR,Airtel,UPI,27805.75,Life & Entertainment::Subscriptions,
usr_1723fa55,acc_kotak_e4fb97,TXNCF7413B39312,2025-01-06,4568.81,debit,INR,SBI RD,NEFT,259104.16,Investments::RD,goal-based
usr_1723fa55,acc_hdfc_0a7d00,TXN1047FFEBE60E,2025-01-06,960.78,debit,INR,Local Restaurant,cash,-142973.29,Food & Drinks::Dining Out,birthday dinner
usr_1723fa55,acc_icici_4df757,TXN2865E2134EAD,2025-01-06,10713.26,debit,INR,IKEA,card,15600.27,Shopping::Home & Kitchen,gifting
usr_1723fa55,acc_hdfc_0a7d00,TXN5BC0C8D5D8FA,2025-01-06,2149.58,debit,INR,Amazon Prime,card,-294674.15,Life & Entertainment::Subscriptions,annual plan
usr_1723fa55,acc_kotak_e4fb97,TXN31FBD5E95C43,2025-01-06,11735.66,debit,INR,KSRTC,UPI,56684.33,Transportation::Metro & Bus,
usr_1723fa55,acc_hdfc_0a7d00,TXN9FC258A82524,2025-01-06,198.67,debit,INR,TASMAC,cash,-501760.39,Food & Drinks::Alcohol & Bars,
usr_1723fa55,acc_hdfc_0a7d00,TXN82C4123C0A89,2025-01-07,27431.61,debit,INR,Unacademy,UPI,-70506.01,Life & Entertainment::Education,trial membership
usr_1723fa55,acc_icici_4df757,TXN1039B5BE7125,2025-01-08,3779.28,debit,INR,IKEA,card,136673.23,Shopping::Home & Kitchen,anniversary
usr_1723fa55,acc_kotak_e4fb97,TXN112BE092AA42,2025-01-08,34776.37,debit,INR,Big Bazaar,UPI,151344.18,Housing::Household Supplies,
usr_1723fa55,acc_hdfc_0a7d00,TXN1BCEF0E45BC9,2025-01-08,23644.04,debit,INR,Home Centre,card,-271030.11,Shopping::Home & Kitchen,anniversary
usr_1723fa55,acc_icici_4df757,TXN6941E1A7CE1B,2025-01-08,16717.84,debit,INR,Vijay Sales,card,-135577.77,Shopping::Electronics,gifting
usr_1723fa55,acc_hdfc_0a7d00,TXNDB4021E1049E,2025-01-08,1697.84,debit,INR,KSRTC,UPI,-528877.81,Transportation::Metro & Bus,airport drop
usr_1723fa55,acc_kotak_e4fb97,TXNBA79221D5B5C,2025-01-09,119.0,debit,INR,Spotify,UPI,259223.16,Life & Entertainment::Subscriptions,
usr_1723fa55,acc_icici_4df757,TXNCE24BDD18CF8,2025-01-09,26663.05,debit,INR,BMTC,UPI,4887.01,Transportation::Metro & Bus,
usr_1723fa55,acc_kotak_e4fb97,TXN6E3F9AD3C087,2025-01-09,2264.3,debit,INR,Haldiram's,UPI,72679.26,Food & Drinks::Dining Out,office snacks
usr_1723fa55,acc_kotak_e4fb97,TXN430202F8DB68,2025-01-09,25908.71,debit,INR,Honda Service,card,-185850.1,Vehicle::Service & Repair,tyre change
usr_1723fa55,acc_hdfc_0a7d00,TXN764454517EC3,2025-01-10,4283.01,debit,INR,NPS Tier-1,NEFT,21878.54,Investments::PPF / NPS,emergency fund
usr_1723fa55,acc_hdfc_0a7d00,TXNE4629C4C37D6,2025-01-10,27073.99,debit,INR,Goibibo,UPI,-115899.3,Life & Entertainment::Travel & Hotels,annual plan
usr_1723fa55,acc_hdfc_0a7d00,TXNC9FECCFE54A8,2025-01-10,12684.21,debit,INR,Amazon Books,UPI,-187428.43,Shopping::Books & Stationery,gifting
usr_1723fa55,acc_hdfc_0a7d00,TXN8541198C2250,2025-01-10,1499.75,debit,INR,Bajaj Finance,NEFT,-485625.96,Financial Expenses::Loan EMI,
usr_1723fa55,acc_kotak_e4fb97,TXN37FD3DE49AAD,2025-01-10,1317.42,debit,INR,The Beer Cafe,card,-211758.81,Food & Drinks::Alcohol & Bars,family dinner
usr_1723fa55,acc_kotak_e4fb97,TXNF5FAFB0D2D6F,2025-01-11,1014.21,debit,INR,ACT Broadband,UPI,260366.37,Housing::Utilities,
usr_1723fa55,acc_hdfc_0a7d00,TXN343C1B3ADD0E,2025-01-11,3794.86,debit,INR,HDFC MF,NEFT,17595.53,Investments::Mutual Fund SIP,goal-based
usr_1723fa55,acc_icici_4df757,TXN2C28524B31B1,2025-01-11,1815.86,debit,INR,Monginis,cash,139875.05,Food & Drinks::Bakery & Snacks,
usr_1723fa55,acc_kotak_e4fb97,TXNC1E06FD0334A,2025-01-11,18922.15,debit,INR,RTO Online,UPI,253329.12,Vehicle::Registration & Tax,accidental repair
usr_1723fa55,acc_hdfc_0a7d00,TXN21754FE96617,2025-01-11,2283.41,debit,INR,Chaayos,UPI,-530575.65,Food & Drinks::Cafes & Coffee,
usr_1723fa55,acc_hdfc_0a7d00,TXNAA616FA1D545,2025-01-12,5428.21,debit,INR,Zerodha,UPI,27306.75,Investments::Stock Purchase,emergency fund
usr_1723fa55,acc_icici_4df757,TXN564DEF823DF9,2025-01-12,1385.96,debit,INR,Flipkart Books,UPI,138059.19,Shopping::Books & Stationery,sale purchase
usr_1723fa55,acc_hdfc_0a7d00,TXNEDFFC87DC625,2025-01-12,34036.75,debit,INR,NoBroker Rent,UPI,-451589.21,Housing::Rent,
usr_1723fa55,acc_hdfc_0a7d00,TXN0A54545636EB,2025-01-13,6888.08,debit,INR,Tata Power,UPI,-143934.07,Housing::Utilities,quarterly maintenance
usr_1723fa55,acc_kotak_e4fb97,TXN7CD590FD0FF7,2025-01-13,46686.04,debit,INR,IKEA,card,204789.2,Housing::Furniture,quarterly maintenance
usr_1723fa55,acc_kotak_e4fb97,TXN7A562CB3F5E6,2025-01-13,6758.98,debit,INR,Croma,card,158103.16,Shopping::Electronics,
usr_1723fa55,acc_icici_4df757,TXN581CB671B7C5,2025-01-13,20263.75,debit,INR,Shell,card,-28916.81,Transportation::Fuel,
usr_1723fa55,acc_kotak_e4fb97,TXNEDBFCE2DC3E4,2025-01-13,115744.13,debit,INR,ICICI CC Bill,NEFT,-45464.06,Financial Expenses::Credit Card Bill,
usr_1723fa55,acc_kotak_e4fb97,TXN756CEBE94069,2025-01-13,6333.27,debit,INR,Netflix,card,-220571.73,Life & Entertainment::Subscriptions,trial membership
usr_1723fa55,acc_kotak_e4fb97,TXN97155EAF472A,2025-01-14,1206.23,debit,INR,Blinkit,UPI,254535.35,Food & Drinks::Groceries,team lunch
usr_1723fa55,acc_hdfc_0a7d00,TXNBEE342B263E7,2025-01-14,23483.46,debit,INR,Decathlon,card,-532859.06,Life & Entertainment::Gym & Sports,
usr_1723fa55,acc_icici_4df757,TXN36CB25D1451D,2025-01-15,15223.2,debit,INR,Local Bookshop,cash,70296.18,Shopping::Books & Stationery,gifting
usr_1723fa55,acc_icici_4df757,TXN0B0B73061717,2025-01-15,9106.97,debit,INR,Local Plumber,cash,55072.98,Housing::Maintenance & Repairs,
usr_1723fa55,acc_hdfc_0a7d00,TXNFDFC65284729,2025-01-15,70917.47,debit,INR,Bajaj Finance,NEFT,-200112.64,Financial Expenses::Loan EMI,monthly EMI
usr_1723fa55,acc_kotak_e4fb97,TXN221838017119,2025-01-15,15953.5,debit,INR,Pepperfry,UPI,116567.81,Shopping::Home & Kitchen,
usr_1723fa55,acc_kotak_e4fb97,TXN8EBC7DE05B95,2025-01-15,41214.71,debit,INR,Airtel,UPI,18416.4,Housing::Utilities,urgent repair
usr_1723fa55,acc_icici_4df757,TXN5D4363A1764C,2025-01-16,12287.4,debit,INR,Mall Parking,cash,-237049.33,Transportation::Parking,office commute
usr_1723fa55,acc_kotak_e4fb97,TXNAAF3EE70D79A,2025-01-17,3915.54,debit,INR,Blue Tokai,UPI,-161208.19,Food & Drinks::Cafes & Coffee,post-gym meal
usr_1723fa55,acc_hdfc_0a7d00,TXNDDEEC042D0A6,2025-01-17,25141.05,debit,INR,Toll Plaza,cash,-426448.16,Transportation::Toll,airport drop
usr_1723fa55,acc_icici_4df757,TXNB2B5240E5B21,2025-01-18,10386.61,debit,INR,Meesho,UPI,-125191.16,Shopping::Online Shopping,
usr_1723fa55,acc_kotak_e4fb97,TXN229DF088A2F8,2025-01-18,26532.27,debit,INR,Urban Ladder,card,44948.67,Shopping::Home & Kitchen,
usr_1723fa55,acc_hdfc_0a7d00,TXN257A8758F51A,2025-01-19,14634.68,debit,INR,SBI Auto Loan,NEFT,-487125.71,Vehicle::Vehicle EMI,scheduled service
usr_1723fa55,acc_icici_4df757,TXND5EB30104AB7,2025-01-19,18191.65,debit,INR,ICICI Lombard,UPI,-215408.41,Vehicle::Insurance,accidental repair
usr_1723fa55,acc_kotak_e4fb97,TXN15240ADBA025,2025-01-20,23520.9,debit,INR,NoBroker Rent,UPI,228310.1,Housing::Rent,
usr_1723fa55,acc_hdfc_0a7d00,TXN8AE26CE51B74,2025-01-20,24838.37,debit,INR,Vistara,card,-162590.06,Transportation::Flight & Train,office commute
usr_1723fa55,acc_hdfc_0a7d00,TXN26A43557703B,2025-01-20,8695.59,debit,INR,Cook Salary,cash,-296823.73,Housing::Domestic Help,
usr_1723fa55,acc_kotak_e4fb97,TXNFBBDEF38F618,2025-01-20,20726.37,debit,INR,Flipkart Gift,UPI,-165123.73,Life & Entertainment::Gifting,annual plan
usr_1723fa55,acc_kotak_e4fb97,TXN11760BDC480D,2025-01-21,22665.75,debit,INR,Housing Society,NEFT,-22798.31,Housing::Rent,
usr_1723fa55,acc_hdfc_0a7d00,TXNA48B90929656,2025-01-21,26020.05,debit,INR,Urban Ladder,card,-501959.06,Housing::Furniture,monthly bill
usr_1723fa55,acc_hdfc_0a7d00,TXNA83F24E1CB74,2025-01-22,11767.91,debit,INR,Amazon Gift,UPI,-150822.15,Life & Entertainment::Gifting,
usr_1723fa55,acc_hdfc_0a7d00,TXNC1DA5637138D,2025-01-22,1858.75,debit,INR,Local Bakery,cash,-424589.41,Food & Drinks::Bakery & Snacks,birthday dinner
usr_1723fa55,acc_kotak_e4fb97,TXNC369BC00E020,2025-01-22,7495.5,debit,INR,BBMP Parking,UPI,-213076.23,Transportation::Parking,
usr_1723fa55,acc_icici_4df757,TXN3F62ABB39FA1,2025-01-23,3372.61,debit,INR,Toit Brewpub,card,-25544.2,Food & Drinks::Alcohol & Bars,
usr_1723fa55,acc_kotak_e4fb97,TXN8538D4767F74,2025-01-23,13730.63,debit,INR,Cult.fit,UPI,70414.96,Life & Entertainment::Gym & Sports,
usr_1723fa55,acc_icici_4df757,TXN9026EC4C2F65,2025-01-24,895.93,debit,INR,Amazon Books,UPI,71192.11,Shopping::Books & Stationery,planned buy
usr_1723fa55,acc_icici_4df757,TXNE30332F429C6,2025-01-24,31409.53,debit,INR,Maid Salary,cash,-49180.56,Housing::Domestic Help,quarterly maintenance
usr_1723fa55,acc_icici_4df757,TXNC1AF6980C222,2025-01-26,61701.84,debit,INR,Axis Charges,debit,132893.95,Financial Expenses::Bank Charges,
usr_1723fa55,acc_icici_4df757,TXN0CBCDA8F7736,2025-01-26,30365.74,debit,INR,Unacademy,UPI,45966.01,Life & Entertainment::Education,
usr_1723fa55,acc_hdfc_0a7d00,TXN9DEAC298A7E5,2025-01-27,3593.62,debit,INR,Chaayos,UPI,13800.67,Food & Drinks::Cafes & Coffee,office snacks
usr_1723fa55,acc_hdfc_0a7d00,TXN399FABF0998D,2025-01-27,68652.51,debit,INR,Axis CC Bill,NEFT,10207.05,Financial Expenses::Credit Card Bill,annual premium
usr_1723fa55,acc_hdfc_0a7d00,TXN1AAE8A9CA9BB,2025-01-27,12060.55,debit,INR,Local Plumber,cash,-58445.46,Housing::Maintenance & Repairs,monthly bill
usr_1723fa55,acc_icici_4df757,TXN508880AC2402,2025-01-27,34885.52,debit,INR,Local Gym,cash,-152295.61,Life & Entertainment::Gym & Sports,date night
usr_1723fa55,acc_icici_4df757,TXN45E71B86D9CD,2025-01-27,24929.81,debit,INR,FNP Flowers,card,-187181.13,Life & Entertainment::Gifting,annual plan
usr_1723fa55,acc_icici_4df757,TXN24988E093E90,2025-01-29,3297.47,debit,INR,Blue Tokai,UPI,-212110.94,Food & Drinks::Cafes & Coffee,family dinner
usr_1723fa55,acc_hdfc_0a7d00,TXN04C8AC11A2EA,2025-01-29,898.7,debit,INR,Local Bookshop,cash,-527979.11,Shopping::Books & Stationery,
usr_1723fa55,acc_icici_4df757,TXNCC91F928B0A9,2025-01-30,3768.16,debit,INR,Mamaearth,UPI,-21776.04,Shopping::Personal Care,
usr_1723fa55,acc_icici_4df757,TXN165480502984,2025-01-30,26623.55,debit,INR,Amazon Gift,UPI,-80590.09,Life & Entertainment::Gifting,
usr_1723fa55,acc_kotak_e4fb97,TXN8435CAEEFF5D,2025-01-31,139940.59,credit,INR,Employer NEFT,NEFT,-226905.0,Income::Salary,part-time
usr_1723fa55,acc_hdfc_0a7d00,TXNACC5181521A5,2025-01-31,33729.41,debit,INR,Coursera,card,-621834.19,Life & Entertainment::Education,
usr_1723fa55,acc_hdfc_0a7d00,TXN0760948D6AEB,2025-01-31,8971.15,debit,INR,Vahan Portal,UPI,-859395.01,Vehicle::Registration & Tax,
usr_1723fa55,acc_kotak_e4fb97,TXNCBF98A370081,2025-01-31,7941.55,debit,INR,OYO,UPI,-279626.54,Life & Entertainment::Travel & Hotels,movie night
usr_1723fa55,acc_hdfc_0a7d00,TXN57A34B876662,2025-01-31,56942.43,debit,INR,Cook Salary,cash,-1134747.47,Housing::Domestic Help,urgent repair
usr_1723fa55,acc_hdfc_0a7d00,TXNB7DEEF1C3835,2025-02-01,2214.49,debit,INR,Barbeque Nation,card,-857180.52,Food & Drinks::Dining Out,post-gym meal
usr_1723fa55,acc_kotak_e4fb97,TXN7FD227991850,2025-02-01,8610.13,debit,INR,Insider.in,UPI,-405444.72,Life & Entertainment::Movies & Events,movie night
usr_1723fa55,acc_hdfc_0a7d00,TXNDDA7E1EFE340,2025-02-02,7213.57,debit,INR,HDFC ERGO,UPI,-614620.62,Vehicle::Insurance,
usr_1723fa55,acc_kotak_e4fb97,TXNB03C9A47F9A1,2025-02-02,127.34,debit,INR,BigBasket,UPI,-219083.94,Food & Drinks::Groceries,client dinner
usr_1723fa55,acc_icici_4df757,TXNABE92FB2CD66,2025-02-02,36285.06,debit,INR,Electrician,cash,-401996.86,Housing::Maintenance & Repairs,quarterly maintenance
usr_1723fa55,acc_kotak_e4fb97,TXNA5C94059C584,2025-02-02,16252.68,debit,INR,ICICI Lombard,UPI,-263373.86,Vehicle::Insurance,scheduled service
usr_1723fa55,acc_hdfc_0a7d00,TXN25C675EB55BF,2025-02-02,104794.22,debit,INR,Axis Charges,debit,-1191689.9,Financial Expenses::Bank Charges,annual premium
usr_1723fa55,acc_hdfc_0a7d00,TXN603E9DE62E81,2025-02-03,47700.0,debit,INR,Landlord NEFT,NEFT,-556342.52,Housing::Rent,monthly rent
usr_1723fa55,acc_icici_4df757,TXN051D8845DEE0,2025-02-03,129.0,debit,INR,YouTube Premium,UPI,-249336.73,Life & Entertainment::Subscriptions,
usr_1723fa55,acc_kotak_e4fb97,TXN1FA5E4EF0D3C,2025-02-03,98024.67,debit,INR,HDFC Bank Charges,debit,-458228.2,Financial Expenses::Bank Charges,due payment
usr_1723fa55,acc_hdfc_0a7d00,TXN1FA63BF298A5,2025-02-04,499.0,debit,INR,Airtel,UPI,-605076.4,Life & Entertainment::Subscriptions,
usr_1723fa55,acc_hdfc_0a7d00,TXN84FC27A92BFF,2025-02-04,119.0,debit,INR,Spotify,UPI,-605575.4,Life & Entertainment::Subscriptions,
usr_1723fa55,acc_kotak_e4fb97,TXN0EB51B383247,2025-02-04,6074.07,debit,INR,IKEA,card,-199459.26,Shopping::Home & Kitchen,urgent replacement
usr_1723fa55,acc_kotak_e4fb97,TXN1FB2CE60A76A,2025-02-04,12999.57,debit,INR,New India Assurance,UPI,-205533.33,Vehicle::Insurance,tyre change
usr_1723fa55,acc_hdfc_0a7d00,TXNC505BD6CAF61,2025-02-04,20120.75,debit,INR,IRCTC,UPI,-888336.91,Transportation::Flight & Train,
usr_1723fa55,acc_icici_4df757,TXND429B8C76A06,2025-02-04,14815.69,debit,INR,Mall Parking,cash,-441015.21,Transportation::Parking,weekend trip
usr_1723fa55,acc_hdfc_0a7d00,TXNA063C5CA670D,2025-02-04,1945.05,debit,INR,Social,card,-1014165.65,Food & Drinks::Dining Out,client dinner
usr_1723fa55,acc_icici_4df757,TXNF9FE9CDF8ACA,2025-02-04,11172.02,debit,INR,HDFC ERGO,UPI,-501338.37,Vehicle::Insurance,
usr_1723fa55,acc_hdfc_0a7d00,TXNF17E318B2497,2025-02-05,26126.28,debit,INR,Urban Ladder,card,-655563.6,Shopping::Home & Kitchen,birthday gift
usr_1723fa55,acc_kotak_e4fb97,TXN8AFEAB13084B,2025-02-05,2754.28,debit,INR,MakeMyTrip,card,-556252.87,Life & Entertainment::Travel & Hotels,trial membership
usr_1723fa55,acc_kotak_e4fb97,TXNDC5E1913EA43,2025-02-05,12101.68,debit,INR,Vistara,card,-559007.15,Transportation::Flight & Train,
usr_1723fa55,acc_hdfc_0a7d00,TXN60689A9997C7,2025-02-06,4534.92,debit,INR,SBI RD,NEFT,-610085.7,Investments::RD,goal-based
usr_1723fa55,acc_icici_4df757,TXN97EFD50BD491,2025-02-06,12458.33,debit,INR,HPCL,UPI,-254692.48,Transportation::Fuel,airport drop
usr_1723fa55,acc_kotak_e4fb97,TXNC1C8CB636D01,2025-02-06,551.04,debit,INR,INOX,UPI,-218532.9,Life & Entertainment::Movies & Events,movie night
usr_1723fa55,acc_hdfc_0a7d00,TXNC737FB282D49,2025-02-07,4391.3,debit,INR,NPS Tier-1,NEFT,-605694.4,Investments::PPF / NPS,goal-based
usr_1723fa55,acc_kotak_e4fb97,TXN923219D319C9,2025-02-07,24184.77,debit,INR,Flipkart Books,UPI,-239189.09,Shopping::Books & Stationery,sale purchase
usr_1723fa55,acc_hdfc_0a7d00,TXN961C806B4AFC,2025-02-07,11621.37,debit,INR,Vijay Sales,card,-953189.24,Shopping::Electronics,urgent replacement
usr_1723fa55,acc_icici_4df757,TXN793C73A14728,2025-02-07,2358.83,debit,INR,BESCOM,UPI,-521532.16,Housing::Utilities,urgent repair
usr_1723fa55,acc_hdfc_0a7d00,TXN7C90C4E28866,2025-02-07,9840.96,debit,INR,Nykaa,UPI,-1305684.15,Shopping::Online Shopping,
usr_1723fa55,acc_icici_4df757,TXN15842A96B2EE,2025-02-09,23311.66,debit,INR,GST Portal,UPI,-267150.81,Financial Expenses::Tax Payment,monthly EMI
usr_1723fa55,acc_icici_4df757,TXN366B63E04C4C,2025-02-09,856.7,debit,INR,Blue Tokai,UPI,-343838.27,Food & Drinks::Cafes & Coffee,weekend treat
usr_1723fa55,acc_hdfc_0a7d00,TXN5666701A081E,2025-02-10,1033.88,debit,INR,ACT Broadband,UPI,-604042.52,Housing::Utilities,
usr_1723fa55,acc_kotak_e4fb97,TXNCD3060E8CA23,2025-02-10,6730.8,debit,INR,Decathlon,card,-232458.29,Life & Entertainment::Gym & Sports,date night
usr_1723fa55,acc_icici_4df757,TXN1EED5BDDD6CF,2025-02-11,5226.75,debit,INR,Zerodha,UPI,-249465.73,Investments::Stock Purchase,tax saving
usr_1723fa55,acc_kotak_e4fb97,TXNAC4FE60403B8,2025-02-11,3766.47,debit,INR,HDFC MF,NEFT,-86964.41,Investments::Mutual Fund SIP,tax saving
usr_1723fa55,acc_icici_4df757,TXN6E6011EC14A2,2025-02-11,24301.29,debit,INR,Bosch Car Service,card,-291893.44,Vehicle::Service & Repair,scheduled service
usr_1723fa55,acc_icici_4df757,TXNA4DB29C58139,2025-02-11,53527.45,debit,INR,Axis CC Bill,NEFT,-344694.97,Financial Expenses::Credit Card Bill,due payment
usr_1723fa55,acc_hdfc_0a7d00,TXN39865ABF4E28,2025-02-12,2874.78,debit,INR,The Beer Cafe,card,-681689.88,Food & Drinks::Alcohol & Bars,team lunch
usr_1723fa55,acc_hdfc_0a7d00,TXN01073BF7422F,2025-02-12,23318.64,debit,INR,BBMP Parking,UPI,-684564.66,Transportation::Parking,
usr_1723fa55,acc_icici_4df757,TXNBDDECFDDB242,2025-02-12,3160.27,debit,INR,Vistara,card,-498178.1,Transportation::Flight & Train,
usr_1723fa55,acc_kotak_e4fb97,TXNDF489A2C8D7E,2025-02-12,9772.37,debit,INR,Nykaa,UPI,-571108.83,Shopping::Online Shopping,anniversary
usr_1723fa55,acc_hdfc_0a7d00,TXN9CA0ABC1F198,2025-02-13,24530.19,debit,INR,RTO Online,UPI,-805195.65,Vehicle::Registration & Tax,
usr_1723fa55,acc_kotak_e4fb97,TXNF41418CFB9DA,2025-02-13,13247.01,debit,INR,GST Portal,UPI,-219211.28,Financial Expenses::Tax Payment,
usr_1723fa55,acc_kotak_e4fb97,TXNEA4AA27D8D85,2025-02-14,27273.58,debit,INR,Zara,card,-172185.68,Shopping::Clothing & Apparel,anniversary
usr_1723fa55,acc_icici_4df757,TXNBF8664AE87B9,2025-02-14,24030.85,debit,INR,Apple Music,card,-319807.42,Life & Entertainment::Subscriptions,
usr_1723fa55,acc_icici_4df757,TXNF78DD0404FE6,2025-02-14,948.07,debit,INR,Apollo Pharmacy,UPI,-523890.99,Shopping::Personal Care,gifting
usr_1723fa55,acc_hdfc_0a7d00,TXN09843A7DB10A,2025-02-15,3628.84,debit,INR,Wine Shop,cash,-909702.73,Food & Drinks::Alcohol & Bars,family dinner
usr_1723fa55,acc_kotak_e4fb97,TXN53EE920ACE23,2025-02-16,3551.01,debit,INR,HDFC ERGO,UPI,-323207.64,Vehicle::Insurance,
usr_1723fa55,acc_icici_4df757,TXNEBEBF618133D,2025-02-16,31442.32,debit,INR,OYO,UPI,-575064.04,Life & Entertainment::Travel & Hotels,annual plan
usr_1723fa55,acc_hdfc_0a7d00,TXN4F2107ADF4CA,2025-02-17,19392.09,debit,INR,Rapido,UPI,-868366.16,Transportation::Cab & Auto,client visit
usr_1723fa55,acc_hdfc_0a7d00,TXN5E5E34E5AE03,2025-02-17,20521.63,debit,INR,Purplle,UPI,-964810.61,Shopping::Personal Care,
usr_1723fa55,acc_hdfc_0a7d00,TXNF0F42D51D35B,2025-02-18,2295.21,debit,INR,Cafe Coffee Day,UPI,-707883.3,Food & Drinks::Cafes & Coffee,weekend treat
usr_1723fa55,acc_icici_4df757,TXN03054831A13B,2025-02-18,21071.77,debit,INR,New India Assurance,UPI,-455830.9,Vehicle::Insurance,
usr_1723fa55,acc_icici_4df757,TXN2CEC0DD219DE,2025-02-18,21275.43,debit,INR,Amazon Books,UPI,-476902.67,Shopping::Books & Stationery,gifting
usr_1723fa55,acc_hdfc_0a7d00,TXN3054F9778B46,2025-02-18,118636.77,debit,INR,LIC HFL,NEFT,-1016110.7,Financial Expenses::Loan EMI,monthly EMI
usr_1723fa55,acc_hdfc_0a7d00,TXNAF0604C08097,2025-02-18,9200.03,debit,INR,Crossword,card,-1296484.12,Shopping::Books & Stationery,sale purchase
usr_1723fa55,acc_kotak_e4fb97,TXNC174645211F9,2025-02-18,3225.9,credit,INR,Flipkart Refund,UPI,-580881.2,Income::Freelance,
usr_1723fa55,acc_kotak_e4fb97,TXN20B1EC5C2A53,2025-02-19,27151.94,debit,INR,Pepperfry,UPI,-90730.88,Shopping::Home & Kitchen,
usr_1723fa55,acc_icici_4df757,TXN434534A5E2DB,2025-02-19,3612.69,debit,INR,Local Bakery,cash,-316194.73,Food & Drinks::Bakery & Snacks,team lunch
usr_1723fa55,acc_kotak_e4fb97,TXNE7BB925DF5E9,2025-02-19,51968.31,debit,INR,Airtel,UPI,-326758.65,Housing::Utilities,
usr_1723fa55,acc_hdfc_0a7d00,TXNCF368102D5E2,2025-02-20,578.66,debit,INR,Flipkart Books,UPI,-887758.25,Shopping::Books & Stationery,birthday gift
usr_1723fa55,acc_hdfc_0a7d00,TXNF46A7CA3A0EC,2025-02-20,1245.07,debit,INR,Swiggy,UPI,-908457.66,Food & Drinks::Food Delivery,
usr_1723fa55,acc_kotak_e4fb97,TXN47916D58001A,2025-02-20,26717.76,debit,INR,HDFC CC Bill,NEFT,-378726.96,Financial Expenses::Credit Card Bill,monthly EMI
usr_1723fa55,acc_hdfc_0a7d00,TXN7798899711E4,2025-02-21,5245.52,debit,INR,Local Gift Shop,cash,-913331.57,Life & Entertainment::Gifting,movie night
usr_1723fa55,acc_hdfc_0a7d00,TXN529709B34511,2025-02-21,4063.93,debit,INR,Pepperfry,UPI,-918577.09,Housing::Furniture,quarterly maintenance
usr_1723fa55,acc_icici_4df757,TXNC46C34E58C9B,2025-02-21,2733.29,debit,INR,JioMart,UPI,-438281.92,Food & Drinks::Groceries,office snacks
usr_1723fa55,acc_hdfc_0a7d00,TXN6CB70E02561B,2025-02-21,30548.22,debit,INR,Amazon Gift,UPI,-922641.02,Life & Entertainment::Gifting,
usr_1723fa55,acc_icici_4df757,TXNB87F284094B4,2025-02-21,22750.98,debit,INR,Amazon Gift,UPI,-606506.36,Life & Entertainment::Gifting,trial membership
usr_1723fa55,acc_kotak_e4fb97,TXNFD29B8D23BB6,2025-02-22,1301.74,debit,INR,Theobroma,card,-137465.1,Food & Drinks::Bakery & Snacks,birthday dinner
usr_1723fa55,acc_icici_4df757,TXN1D50BEAA69F0,2025-02-22,1430.97,debit,INR,Bosch Car Service,card,-290462.47,Vehicle::Service & Repair,
usr_1723fa55,acc_hdfc_0a7d00,TXN4A34EFC54267,2025-02-22,27454.68,debit,INR,Hotstar,UPI,-829725.84,Life & Entertainment::Subscriptions,family outing
usr_1723fa55,acc_kotak_e4fb97,TXN7BD8CAF1F659,2025-02-23,19582.28,debit,INR,BookMyShow,UPI,-117882.82,Life & Entertainment::Movies & Events,
usr_1723fa55,acc_kotak_e4fb97,TXN85C15B568053,2025-02-23,25041.04,debit,INR,Insider.in,UPI,-147144.64,Life & Entertainment::Movies & Events,date night
usr_1723fa55,acc_icici_4df757,TXNB38C1F905B9C,2025-02-23,9021.77,debit,INR,Maruti Service,card,-512510.39,Vehicle::Service & Repair,
usr_1723fa55,acc_hdfc_0a7d00,TXN6462B1B37DB6,2025-02-24,95017.14,debit,INR,SBI Home Loan,NEFT,-710178.51,Financial Expenses::Loan EMI,due payment
usr_1723fa55,acc_kotak_e4fb97,TXN5494606A2094,2025-02-25,35639.55,debit,INR,SBI CC Bill,NEFT,-287568.09,Financial Expenses::Credit Card Bill,
usr_1723fa55,acc_kotak_e4fb97,TXN33A3BB55B4E4,2025-02-25,44173.35,debit,INR,HDFC Life,UPI,-414054.85,Financial Expenses::Insurance Premium,
usr_1723fa55,acc_icici_4df757,TXN14A62DAE6C5C,2025-02-26,3774.44,debit,INR,Coursera,card,-398222.42,Life & Entertainment::Education,family outing
usr_1723fa55,acc_kotak_e4fb97,TXN2FD7272F0E2E,2025-02-27,8377.8,debit,INR,Vijay Sales,card,-138766.84,Shopping::Electronics,
usr_1723fa55,acc_hdfc_0a7d00,TXN1D56B430C429,2025-02-27,28833.41,debit,INR,Udemy,card,-985332.24,Life & Entertainment::Education,annual plan
usr_1723fa55,acc_icici_4df757,TXN6A64196E94BE,2025-02-28,50224.98,debit,INR,Big Bazaar,UPI,-524839.06,Housing::Household Supplies,urgent repair
usr_1723fa55,acc_icici_4df757,TXNAE2E8D4490C9,2025-03-02,143096.53,credit,INR,Employer NEFT,NEFT,-629257.34,Income::Salary,monthly salary
usr_1723fa55,acc_icici_4df757,TXN4ADF67337B65,2025-03-02,9014.19,debit,INR,DMRC,UPI,-674113.71,Transportation::Metro & Bus,
usr_1723fa55,acc_icici_4df757,TXNBBCDE95C8C43,2025-03-02,6754.65,debit,INR,DMart,UPI,-947620.8,Housing::Household Supplies,monthly bill
usr_1723fa55,acc_kotak_e4fb97,TXN603F0D18F87C,2025-03-02,34061.44,debit,INR,Axis CC Bill,NEFT,-758548.97,Financial Expenses::Credit Card Bill,
usr_1723fa55,acc_icici_4df757,TXN92203676B7DA,2025-03-02,27504.43,debit,INR,Cook Salary,cash,-1088239.82,Housing::Domestic Help,
usr_1723fa55,acc_hdfc_0a7d00,TXNA91929845CFD,2025-03-02,1381.3,debit,INR,Pepperfry,UPI,-1777728.69,Housing::Furniture,
usr_1723fa55,acc_hdfc_0a7d00,TXNAF4DADA22A9C,2025-03-03,48086.96,debit,INR,Airtel,UPI,-1462818.33,Housing::Utilities,
usr_1723fa55,acc_hdfc_0a7d00,TXN55CCC656D066,2025-03-04,129.0,debit,INR,YouTube Premium,UPI,-1364975.95,Life & Entertainment::Subscriptions,
usr_1723fa55,acc_hdfc_0a7d00,TXNE699D616D2D2,2025-03-04,11994.15,debit,INR,H&M,card,-1450824.18,Shopping::Clothing & Apparel,anniversary
usr_1723fa55,acc_hdfc_0a7d00,TXN5F4B9EC869AD,2025-03-04,11401.02,debit,INR,Local Bookshop,cash,-1728535.43,Shopping::Books & Stationery,
usr_1723fa55,acc_hdfc_0a7d00,TXN6CC835D96AF1,2025-03-05,47700.0,debit,INR,NoBroker Rent,NEFT,-1315525.11,Housing::Rent,monthly rent
usr_1723fa55,acc_icici_4df757,TXN0E8C2BA9370B,2025-03-05,51887.94,debit,INR,Electrician,cash,-612092.78,Housing::Maintenance & Repairs,quarterly maintenance
usr_1723fa55,acc_icici_4df757,TXN05AC10A18367,2025-03-05,2569.09,debit,INR,The Beer Cafe,card,-1033209.2,Food & Drinks::Alcohol & Bars,team lunch
usr_1723fa55,acc_kotak_e4fb97,TXN81287F6EDB42,2025-03-06,499.0,debit,INR,Airtel,UPI,-577655.3,Life & Entertainment::Subscriptions,
usr_1723fa55,acc_hdfc_0a7d00,TXN8BC56596CB80,2025-03-06,768.24,debit,INR,Toit Brewpub,card,-1510905.29,Food & Drinks::Alcohol & Bars,weekly groceries
usr_1723fa55,acc_hdfc_0a7d00,TXN659A7E6469B8,2025-03-06,35089.84,debit,INR,HDFC Auto Loan,NEFT,-1564831.15,Vehicle::Vehicle EMI,accidental repair
usr_1723fa55,acc_icici_4df757,TXN78C284950FB7,2025-03-06,13683.86,debit,INR,Landlord NEFT,NEFT,-1035778.29,Housing::Rent,
usr_1723fa55,acc_icici_4df757,TXNAE510A6A0702,2025-03-06,47961.65,debit,INR,Urban Ladder,card,-1145475.37,Housing::Furniture,monthly bill
usr_1723fa55,acc_icici_4df757,TXN493407A1982D,2025-03-06,6693.71,debit,INR,Indian Oil,UPI,-1201691.96,Transportation::Fuel,
usr_1723fa55,acc_icici_4df757,TXN1CFC466A8453,2025-03-07,4452.26,debit,INR,SBI RD,NEFT,-495897.49,Investments::RD,goal-based
usr_1723fa55,acc_kotak_e4fb97,TXN17799A1B7E47,2025-03-08,119.0,debit,INR,Spotify,UPI,-578154.3,Life & Entertainment::Subscriptions,
usr_1723fa55,acc_hdfc_0a7d00,TXN8E47D97A1831,2025-03-08,14459.05,debit,INR,Electrician,cash,-1436365.13,Housing::Maintenance & Repairs,monthly bill
usr_1723fa55,acc_icici_4df757,TXNF6A47AD454BC,2025-03-08,7520.4,debit,INR,Chemist Warehouse,cash,-1208385.67,Shopping::Personal Care,anniversary
usr_1723fa55,acc_icici_4df757,TXND5D6EB3E08C4,2025-03-09,42238.3,debit,INR,HDFC CC Bill,NEFT,-905382.5,Financial Expenses::Credit Card Bill,
usr_1723fa55,acc_hdfc_0a7d00,TXN09F291FCBF87,2025-03-10,19373.95,debit,INR,Housing Society,NEFT,-1416991.18,Housing::Rent,urgent repair
usr_1723fa55,acc_hdfc_0a7d00,TXN8ACD80569755,2025-03-10,3892.22,debit,INR,SBI Charges,debit,-1524218.97,Financial Expenses::Bank Charges,
usr_1723fa55,acc_icici_4df757,TXN44DB064FA910,2025-03-10,6232.73,debit,INR,Crossword,card,-1193437.02,Shopping::Books & Stationery,anniversary
usr_1723fa55,acc_icici_4df757,TXN19BCE12F837E,2025-03-11,4360.51,debit,INR,NPS Tier-1,NEFT,-491536.98,Investments::PPF / NPS,tax saving
usr_1723fa55,acc_icici_4df757,TXN6066C9BA1E3E,2025-03-11,30254.88,debit,INR,Decathlon,card,-860273.09,Life & Entertainment::Gym & Sports,
usr_1723fa55,acc_icici_4df757,TXNA3A4C2444B0F,2025-03-11,1720.21,debit,INR,Goibibo,UPI,-1231003.48,Life & Entertainment::Travel & Hotels,
usr_1723fa55,acc_hdfc_0a7d00,TXNBDC9E19636A6,2025-03-12,1750.84,debit,INR,ACT Broadband,UPI,-1363225.11,Housing::Utilities,
usr_1723fa55,acc_icici_4df757,TXN149C99AE00A9,2025-03-12,35340.1,debit,INR,New India Assurance,UPI,-824932.99,Vehicle::Insurance,tyre change
usr_1723fa55,acc_kotak_e4fb97,TXN87FCBB83DDE0,2025-03-13,3762.25,debit,INR,HDFC MF,NEFT,-578273.3,Investments::Mutual Fund SIP,
usr_1723fa55,acc_kotak_e4fb97,TXN2D0D6ECE4DDC,2025-03-13,3599.07,debit,INR,Reliance Fresh,UPI,-609684.69,Food & Drinks::Groceries,
usr_1723fa55,acc_icici_4df757,TXN5F7CB2606667,2025-03-13,16891.66,debit,INR,H&M,card,-969604.4,Shopping::Clothing & Apparel,sale purchase
usr_1723fa55,acc_icici_4df757,TXNEB7186002E65,2025-03-14,30754.42,debit,INR,INOX,UPI,-683127.9,Life & Entertainment::Movies & Events,family outing
usr_1723fa55,acc_hdfc_0a7d00,TXNB4D7F7F0312A,2025-03-14,4354.89,debit,INR,Cafe Coffee Day,UPI,-1519864.08,Food & Drinks::Cafes & Coffee,birthday dinner
usr_1723fa55,acc_icici_4df757,TXN907E9CACAFC5,2025-03-14,2486.07,debit,INR,Airbnb,card,-954375.45,Life & Entertainment::Travel & Hotels,
usr_1723fa55,acc_icici_4df757,TXN256842A6C70A,2025-03-14,3080.77,debit,INR,Toit Brewpub,card,-1081613.77,Food & Drinks::Alcohol & Bars,weekly groceries
usr_1723fa55,acc_icici_4df757,TXN8C75F05F42E1,2025-03-14,13634.78,debit,INR,Goibibo,UPI,-1115744.25,Life & Entertainment::Travel & Hotels,date night
usr_1723fa55,acc_hdfc_0a7d00,TXNFFC0D44A4382,2025-03-14,14141.93,debit,INR,Unacademy,UPI,-1714393.5,Life & Entertainment::Education,family outing
usr_1723fa55,acc_icici_4df757,TXN6947A552A37D,2025-03-15,5376.17,debit,INR,Zerodha,UPI,-486160.81,Investments::Stock Purchase,lump sum
usr_1723fa55,acc_icici_4df757,TXN08C9F3B10957,2025-03-15,15373.9,debit,INR,Toll Plaza,cash,-1049462.15,Transportation::Toll,
usr_1723fa55,acc_icici_4df757,TXND80300A60A95,2025-03-15,16777.72,debit,INR,Decathlon,card,-1064836.05,Life & Entertainment::Gym & Sports,
usr_1723fa55,acc_kotak_e4fb97,TXNF9E7E1F46873,2025-03-15,2015.75,debit,INR,Vahan Portal,UPI,-1065185.36,Vehicle::Registration & Tax,
usr_1723fa55,acc_icici_4df757,TXN5382DD3122DE,2025-03-15,15097.41,debit,INR,Insider.in,UPI,-1215906.07,Life & Entertainment::Movies & Events,
usr_1723fa55,acc_hdfc_0a7d00,TXN039DE65B9211,2025-03-16,513.59,debit,INR,Local Bakery,cash,-1599920.99,Food & Drinks::Bakery & Snacks,
usr_1723fa55,acc_hdfc_0a7d00,TXN2D3893BCF01E,2025-03-17,19435.02,debit,INR,Pepperfry,UPI,-1528111.19,Shopping::Home & Kitchen,birthday gift
usr_1723fa55,acc_hdfc_0a7d00,TXNEDAEEF55CD8C,2025-03-17,3877.07,debit,INR,Starbucks,card,-1600434.58,Food & Drinks::Cafes & Coffee,post-gym meal
usr_1723fa55,acc_icici_4df757,TXN6513D3165FBC,2025-03-17,2022.21,debit,INR,Nykaa,UPI,-1199669.75,Shopping::Online Shopping,gifting
usr_1723fa55,acc_icici_4df757,TXNDE8F4D0D5378,2025-03-18,14854.53,debit,INR,Income Tax Portal,UPI,-890527.97,Financial Expenses::Tax Payment,annual premium
usr_1723fa55,acc_hdfc_0a7d00,TXN771CD250E421,2025-03-18,4254.98,debit,INR,Starbucks,card,-1604311.65,Food & Drinks::Cafes & Coffee,team lunch
usr_1723fa55,acc_icici_4df757,TXN5FE686CFEA6A,2025-03-18,13206.81,debit,INR,Meesho,UPI,-1132268.56,Shopping::Online Shopping,birthday gift
usr_1723fa55,acc_icici_4df757,TXN40FBD634EA3C,2025-03-19,1179.24,debit,INR,Local Bakery,cash,-500349.75,Food & Drinks::Bakery & Snacks,
usr_1723fa55,acc_hdfc_0a7d00,TXN750976463D3E,2025-03-19,8190.55,debit,INR,Local Store,cash,-1511673.53,Housing::Household Supplies,
usr_1723fa55,acc_hdfc_0a7d00,TXN2996E30BE231,2025-03-20,46413.94,debit,INR,Urban Ladder,card,-1370577.24,Housing::Furniture,monthly bill
usr_1723fa55,acc_icici_4df757,TXN18B0F3400D15,2025-03-21,12742.88,debit,INR,Spotify,UPI,-956861.52,Life & Entertainment::Subscriptions,
usr_1723fa55,acc_hdfc_0a7d00,TXN7291A4565416,2025-03-21,19001.4,debit,INR,Bosch Car Service,card,-1758727.29,Vehicle::Service & Repair,accidental repair
usr_1723fa55,acc_icici_4df757,TXN71D3EFB64799,2025-03-22,111050.67,debit,INR,SBI Home Loan,NEFT,-713882.32,Financial Expenses::Loan EMI,due payment
usr_1723fa55,acc_kotak_e4fb97,TXNBA04DF44666D,2025-03-22,12448.09,debit,INR,Electrician,cash,-746100.88,Housing::Maintenance & Repairs,urgent repair
usr_1723fa55,acc_kotak_e4fb97,TXN7A484D4C4D04,2025-03-23,83368.17,debit,INR,Bajaj Finance,NEFT,-836497.49,Financial Expenses::Loan EMI,
usr_1723fa55,acc_icici_4df757,TXNCFBE9BDF7BD5,2025-03-23,2030.71,debit,INR,IRCTC,UPI,-1129379.03,Transportation::Flight & Train,airport drop
usr_1723fa55,acc_hdfc_0a7d00,TXNE1F5F45A77FC,2025-03-23,16148.33,debit,INR,Reliance Digital,card,-1739936.45,Shopping::Electronics,urgent replacement
usr_1723fa55,acc_hdfc_0a7d00,TXN81E055C36855,2025-03-23,30864.27,debit,INR,IKEA,card,-1814930.19,Housing::Furniture,quarterly maintenance
usr_1723fa55,acc_icici_4df757,TXNAE49F6B598E0,2025-03-24,38644.57,debit,INR,Pepperfry,UPI,-986496.06,Housing::Furniture,
usr_1723fa55,acc_icici_4df757,TXN8EE43A0248CE,2025-03-24,8068.57,debit,INR,PVR Cinemas,card,-1025140.63,Life & Entertainment::Movies & Events,movie night
usr_1723fa55,acc_kotak_e4fb97,TXN5B7009AA4741,2025-03-24,14544.92,debit,INR,Reliance Digital,card,-805684.87,Shopping::Electronics,urgent replacement
usr_1723fa55,acc_kotak_e4fb97,TXNF202F6556240,2025-03-24,16267.7,debit,INR,Tata Power,UPI,-820229.79,Housing::Utilities,monthly bill
usr_1723fa55,acc_hdfc_0a7d00,TXN3B49CB4C5FE6,2025-03-24,2642.51,debit,INR,Nykaa,UPI,-1756084.78,Shopping::Online Shopping,birthday gift
usr_1723fa55,acc_kotak_e4fb97,TXN6ECEFDBEAAC0,2025-03-24,23926.92,debit,INR,Housing Society,NEFT,-1028934.83,Housing::Rent,monthly bill
usr_1723fa55,acc_kotak_e4fb97,TXN02F1C52C31DF,2025-03-25,56404.18,debit,INR,Electrician,cash,-613283.76,Housing::Maintenance & Repairs,quarterly maintenance
usr_1723fa55,acc_kotak_e4fb97,TXN47D6B7619579,2025-03-26,27649.14,debit,INR,Indian Oil,UPI,-582035.55,Transportation::Fuel,
usr_1723fa55,acc_icici_4df757,TXN8D14D96F290B,2025-03-27,3545.28,debit,INR,Udemy,card,-1084694.54,Life & Entertainment::Education,movie night
usr_1723fa55,acc_kotak_e4fb97,TXND39684F292B0,2025-03-29,109069.17,debit,INR,SBI Life,UPI,-919865.66,Financial Expenses::Insurance Premium,
usr_1723fa55,acc_icici_4df757,TXNE9134347607B,2025-03-29,858.82,debit,INR,WB Cakes,UPI,-1131409.74,Food & Drinks::Bakery & Snacks,team lunch
usr_1723fa55,acc_hdfc_0a7d00,TXNCB3D85A1531D,2025-03-30,5472.29,debit,INR,Gold's Gym,UPI,-1365104.95,Life & Entertainment::Gym & Sports,
usr_1723fa55,acc_icici_4df757,TXN153467E63D5A,2025-03-30,10132.99,debit,INR,HDFC Auto Loan,NEFT,-663980.72,Vehicle::Vehicle EMI,scheduled service
usr_1723fa55,acc_kotak_e4fb97,TXN58BA0AB20100,2025-03-30,76412.94,debit,INR,SBI Charges,debit,-669687.94,Financial Expenses::Bank Charges,
usr_1723fa55,acc_hdfc_0a7d00,TXN8AF1DE12730B,2025-03-30,105826.87,debit,INR,Axis Charges,debit,-1608566.63,Financial Expenses::Bank Charges,
usr_1723fa55,acc_hdfc_0a7d00,TXN709E187D16BA,2025-03-30,35820.2,debit,INR,Vahan Portal,UPI,-1779109.99,Vehicle::Registration & Tax,scheduled service
usr_1723fa55,acc_icici_4df757,TXNFA456842965E,2025-03-31,110563.79,debit,INR,LIC Premium,UPI,-501528.99,Financial Expenses::Insurance Premium,monthly EMI
usr_1723fa55,acc_hdfc_0a7d00,TXN8EB1212F7908,2025-03-31,17284.94,debit,INR,OYO,UPI,-1547546.21,Life & Entertainment::Travel & Hotels,family outing
usr_1723fa55,acc_kotak_e4fb97,TXNAFA550296C76,2025-03-31,13074.46,debit,INR,Kotak Auto Loan,NEFT,-792610.41,Vehicle::Vehicle EMI,scheduled service
usr_1723fa55,acc_kotak_e4fb97,TXNB3FA054A731E,2025-03-31,12323.61,debit,INR,Urban Ladder,card,-1052861.75,Shopping::Home & Kitchen,sale purchase
usr_1723fa55,acc_kotak_e4fb97,TXN1CBBEED64678,2025-03-31,71220.33,debit,INR,SBI Home Loan,NEFT,-1067201.11,Financial Expenses::Loan EMI,
usr_1723fa55,acc_kotak_e4fb97,TXNACB6DAE42396,2025-04-01,137285.32,credit,INR,Employer NEFT,NEFT,-1138421.44,Income::Salary,monthly salary
usr_1723fa55,acc_icici_4df757,TXN90125C2B5EF2,2025-04-01,47700.0,debit,INR,Landlord NEFT,NEFT,-1232723.69,Housing::Rent,monthly rent
usr_1723fa55,acc_icici_4df757,TXN15BCA527DA9C,2025-04-01,10613.38,debit,INR,HPCL,UPI,-1664582.05,Transportation::Fuel,client visit
usr_1723fa55,acc_kotak_e4fb97,TXN0240A52EBFB1,2025-04-02,119.0,debit,INR,Spotify,UPI,-1001136.12,Life & Entertainment::Subscriptions,
usr_1723fa55,acc_hdfc_0a7d00,TXN4216DD63C2E3,2025-04-02,16205.21,debit,INR,Airport Parking,card,-1869856.41,Transportation::Parking,airport drop
usr_1723fa55,acc_hdfc_0a7d00,TXN37E641A4C89F,2025-04-02,12353.92,debit,INR,IKEA,card,-1942598.35,Housing::Furniture,
usr_1723fa55,acc_kotak_e4fb97,TXN143580842144,2025-04-02,28608.7,debit,INR,HDFC Auto Loan,NEFT,-1135558.59,Vehicle::Vehicle EMI,
usr_1723fa55,acc_icici_4df757,TXN3AE2F8D651AE,2025-04-03,3178.39,debit,INR,Cafe Coffee Day,UPI,-1310088.89,Food & Drinks::Cafes & Coffee,weekly groceries
usr_1723fa55,acc_kotak_e4fb97,TXND2E65A29793A,2025-04-03,25107.24,debit,INR,Maid Salary,cash,-1100818.23,Housing::Domestic Help,urgent repair
usr_1723fa55,acc_icici_4df757,TXNC8EE804FB48C,2025-04-03,45167.45,debit,INR,DMart,UPI,-1490898.49,Housing::Household Supplies,quarterly maintenance
usr_1723fa55,acc_hdfc_0a7d00,TXNE264F3540E98,2025-04-04,7638.95,debit,INR,Airbnb,card,-2019946.95,Life & Entertainment::Travel & Hotels,date night
usr_1723fa55,acc_icici_4df757,TXN34C2CEB4CB19,2025-04-04,7208.66,debit,INR,FabIndia,UPI,-1405869.16,Shopping::Clothing & Apparel,birthday gift
usr_1723fa55,acc_icici_4df757,TXN7CEF2E76AB83,2025-04-04,31574.58,debit,INR,HDFC Auto Loan,NEFT,-1619829.94,Vehicle::Vehicle EMI,
usr_1723fa55,acc_hdfc_0a7d00,TXNF0C0B8E9065C,2025-04-05,499.0,debit,INR,Airtel,UPI,-1847361.97,Life & Entertainment::Subscriptions,
usr_1723fa55,acc_hdfc_0a7d00,TXN1DFBD54D18C1,2025-04-05,4504.92,debit,INR,SBI RD,NEFT,-1852283.13,Investments::RD,emergency fund
usr_1723fa55,acc_hdfc_0a7d00,TXNFA13C40EF740,2025-04-05,13068.36,debit,INR,Goibibo,UPI,-1856788.05,Life & Entertainment::Travel & Hotels,movie night
usr_1723fa55,acc_hdfc_0a7d00,TXN246695B2BAFB,2025-04-05,19489.2,debit,INR,Honda Service,card,-1923109.15,Vehicle::Service & Repair,tyre change
usr_1723fa55,acc_hdfc_0a7d00,TXNA630990E8590,2025-04-05,3187.26,debit,INR,Air India,card,-2036838.29,Transportation::Flight & Train,
usr_1723fa55,acc_kotak_e4fb97,TXN19B2BAB2E51C,2025-04-05,28108.31,debit,INR,Airport Parking,card,-1164167.29,Transportation::Parking,weekend trip
usr_1723fa55,acc_kotak_e4fb97,TXN7DA1CA6D7F29,2025-04-05,1060.92,debit,INR,SBI Charges,debit,-1527624.15,Financial Expenses::Bank Charges,annual premium
usr_1723fa55,acc_icici_4df757,TXN141C77116151,2025-04-06,74271.49,debit,INR,HDFC Home Loan,NEFT,-1413077.82,Financial Expenses::Loan EMI,due payment
usr_1723fa55,acc_icici_4df757,TXNFEBF63488D79,2025-04-06,3549.18,debit,INR,Barbeque Nation,card,-1487349.31,Food & Drinks::Dining Out,post-gym meal
usr_1723fa55,acc_icici_4df757,TXN094983D55C94,2025-04-06,5692.11,debit,INR,H&M,card,-1680548.52,Shopping::Clothing & Apparel,birthday gift
usr_1723fa55,acc_icici_4df757,TXNFD7C9657421E,2025-04-07,129.0,debit,INR,YouTube Premium,UPI,-1280423.69,Life & Entertainment::Subscriptions,
usr_1723fa55,acc_icici_4df757,TXN78AE6465775B,2025-04-07,1471.63,debit,INR,Zomato Dine,UPI,-1308617.26,Food & Drinks::Dining Out,
usr_1723fa55,acc_kotak_e4fb97,TXN11A66E4649D5,2025-04-07,4646.63,debit,INR,TASMAC,cash,-1081867.41,Food & Drinks::Alcohol & Bars,post-gym meal
usr_1723fa55,acc_kotak_e4fb97,TXN1329E1A3C234,2025-04-07,9227.64,debit,INR,Amazon Books,UPI,-1125925.47,Shopping::Books & Stationery,birthday gift
usr_1723fa55,acc_hdfc_0a7d00,TXN370C4955459F,2025-04-08,24172.55,debit,INR,BMTC,UPI,-2040025.55,Transportation::Metro & Bus,airport drop
usr_1723fa55,acc_hdfc_0a7d00,TXNE932121A3CB8,2025-04-09,4422.16,debit,INR,NPS Tier-1,NEFT,-1847860.97,Investments::PPF / NPS,
usr_1723fa55,acc_icici_4df757,TXNBAD0A4EE9FD0,2025-04-09,2757.59,debit,INR,Zomato Dine,UPI,-1617072.35,Food & Drinks::Dining Out,client dinner
usr_1723fa55,acc_kotak_e4fb97,TXNC0BB2DC5BDFE,2025-04-09,11870.54,debit,INR,Bosch Car Service,card,-1738104.4,Vehicle::Service & Repair,scheduled service
usr_1723fa55,acc_kotak_e4fb97,TXN2BB732E6445C,2025-04-10,12327.38,debit,INR,Home Centre,card,-1013351.2,Shopping::Home & Kitchen,planned buy
usr_1723fa55,acc_kotak_e4fb97,TXN49B90EC9D946,2025-04-10,19397.03,debit,INR,HDFC CC Bill,NEFT,-1025678.58,Financial Expenses::Credit Card Bill,annual premium
usr_1723fa55,acc_kotak_e4fb97,TXN0D799D472E11,2025-04-11,3828.85,debit,INR,HDFC MF,NEFT,-1006571.14,Investments::Mutual Fund SIP,lump sum
usr_1723fa55,acc_kotak_e4fb97,TXN8BB15339FCE4,2025-04-11,15705.58,debit,INR,Gold's Gym,UPI,-1045075.61,Life & Entertainment::Gym & Sports,date night
usr_1723fa55,acc_hdfc_0a7d00,TXN9C17E7DED201,2025-04-11,1941.27,debit,INR,Theobroma,card,-1967365.91,Food & Drinks::Bakery & Snacks,family dinner
usr_1723fa55,acc_hdfc_0a7d00,TXND3E61720B662,2025-04-11,6553.32,debit,INR,HDFC ERGO,UPI,-2013393.63,Vehicle::Insurance,scheduled service
usr_1723fa55,acc_hdfc_0a7d00,TXN16792BBC8C75,2025-04-11,2620.06,debit,INR,Blinkit,UPI,-2027585.9,Food & Drinks::Food Delivery,weekend treat
usr_1723fa55,acc_kotak_e4fb97,TXN0159FCAF12BF,2025-04-11,41550.3,debit,INR,Cook Salary,cash,-1528685.07,Housing::Domestic Help,quarterly maintenance
usr_1723fa55,acc_hdfc_0a7d00,TXN3810717DEFEB,2025-04-12,21947.1,debit,INR,Amazon,UPI,-2178354.65,Housing::Household Supplies,
usr_1723fa55,acc_kotak_e4fb97,TXN513C3D5EFB75,2025-04-12,2188.37,debit,INR,Toit Brewpub,card,-1492727.42,Food & Drinks::Alcohol & Bars,office snacks
usr_1723fa55,acc_icici_4df757,TXN52479AAA0218,2025-04-13,25974.53,debit,INR,Maid Salary,cash,-1313267.28,Housing::Domestic Help,monthly bill
usr_1723fa55,acc_hdfc_0a7d00,TXNC5AB764ACCD7,2025-04-13,34468.23,debit,INR,PVR Cinemas,card,-2143886.42,Life & Entertainment::Movies & Events,trial membership
usr_1723fa55,acc_kotak_e4fb97,TXNFE4045691A48,2025-04-13,11254.05,debit,INR,Pepperfry,UPI,-1726850.35,Shopping::Home & Kitchen,gifting
usr_1723fa55,acc_kotak_e4fb97,TXN4BF8F83F78ED,2025-04-14,5316.02,debit,INR,Zerodha,UPI,-1001255.12,Investments::Stock Purchase,
usr_1723fa55,acc_kotak_e4fb97,TXNB1C9A4977224,2025-04-14,3545.12,debit,INR,Zara,card,-1455714.08,Shopping::Clothing & Apparel,
usr_1723fa55,acc_hdfc_0a7d00,TXNC63042F26A9C,2025-04-15,1567.51,debit,INR,Adani Electricity,UPI,-1845794.46,Housing::Utilities,
usr_1723fa55,acc_kotak_e4fb97,TXNFD883FCFAD70,2025-04-15,49422.88,debit,INR,Axis Charges,debit,-1399786.04,Financial Expenses::Bank Charges,annual premium
usr_1723fa55,acc_icici_4df757,TXNC492D07C4BE4,2025-04-15,13177.53,debit,INR,Flipkart,UPI,-1651404.52,Shopping::Online Shopping,sale purchase
usr_1723fa55,acc_icici_4df757,TXNB05B9A796BEF,2025-04-16,16798.57,debit,INR,Purplle,UPI,-1280552.69,Shopping::Personal Care,urgent replacement
usr_1723fa55,acc_hdfc_0a7d00,TXNBBA20D13C0BC,2025-04-16,33804.46,debit,INR,NoBroker Rent,UPI,-1889304.69,Housing::Rent,quarterly maintenance
usr_1723fa55,acc_kotak_e4fb97,TXN55A1B1F9CDF5,2025-04-16,12139.99,debit,INR,DMRC,UPI,-1086514.04,Transportation::Metro & Bus,airport drop
usr_1723fa55,acc_hdfc_0a7d00,TXNEE5B423ECB20,2025-04-16,6632.33,debit,INR,Landlord NEFT,NEFT,-2030205.96,Housing::Rent,
usr_1723fa55,acc_kotak_e4fb97,TXN1CBD760F1848,2025-04-16,32708.36,debit,INR,RTO Online,UPI,-1494915.79,Vehicle::Registration & Tax,accidental repair
usr_1723fa55,acc_kotak_e4fb97,TXN0A1135BEB3C5,2025-04-18,2951.21,debit,INR,SBI Life,UPI,-1010399.99,Financial Expenses::Insurance Premium,
usr_1723fa55,acc_icici_4df757,TXNCFB6601BC837,2025-04-18,8332.07,debit,INR,Flipkart,UPI,-1297351.26,Shopping::Online Shopping,sale purchase
usr_1723fa55,acc_icici_4df757,TXNC4338057C328,2025-04-18,18163.31,debit,INR,Security Tip,cash,-1573650.26,Housing::Domestic Help,
usr_1723fa55,acc_hdfc_0a7d00,TXN7FA724B32C8B,2025-04-19,13869.63,debit,INR,Urban Ladder,card,-1972498.09,Shopping::Home & Kitchen,birthday gift
usr_1723fa55,acc_icici_4df757,TXNC1BF32B0FBE4,2025-04-19,1247.76,debit,INR,BBMP Parking,UPI,-1350087.87,Transportation::Parking,office commute
usr_1723fa55,acc_icici_4df757,TXNE4011FFD537E,2025-04-19,37584.32,debit,INR,Cult.fit,UPI,-1536065.94,Life & Entertainment::Gym & Sports,trial membership
usr_1723fa55,acc_kotak_e4fb97,TXN419E2F305D4A,2025-04-19,10202.72,debit,INR,Local Bookshop,cash,-1308497.55,Shopping::Books & Stationery,sale purchase
usr_1723fa55,acc_hdfc_0a7d00,TXNE4FA469BEC39,2025-04-20,29901.44,debit,INR,FASTag NHAI,IMPS,-2064198.1,Transportation::Toll,weekend trip
usr_1723fa55,acc_kotak_e4fb97,TXN82890DD3DE04,2025-04-20,752.48,debit,INR,Kotak Charges,debit,-1399033.56,Financial Expenses::Bank Charges,monthly EMI
usr_1723fa55,acc_kotak_e4fb97,TXN3EF27FD27B3C,2025-04-20,6505.16,debit,INR,Croma,card,-1449208.92,Shopping::Electronics,sale purchase
usr_1723fa55,acc_hdfc_0a7d00,TXN18C6D25D771B,2025-04-21,3190.91,debit,INR,Starbucks,card,-1969307.18,Food & Drinks::Cafes & Coffee,
usr_1723fa55,acc_hdfc_0a7d00,TXNE6ED8926DDD0,2025-04-21,39677.46,debit,INR,INOX,UPI,-2104208.96,Life & Entertainment::Movies & Events,
usr_1723fa55,acc_icici_4df757,TXNDA1FEDDDC5D9,2025-04-21,5353.09,debit,INR,Urban Ladder,card,-1675195.43,Housing::Furniture,
usr_1723fa55,acc_kotak_e4fb97,TXN3C1AC9EDD43D,2025-04-21,10260.32,credit,INR,Employer Bonus,UPI,-1749974.94,Income::Bonus,
usr_1723fa55,acc_hdfc_0a7d00,TXN652B76DC339F,2025-04-22,10109.42,debit,INR,Spotify,UPI,-2094099.54,Life & Entertainment::Subscriptions,
usr_1723fa55,acc_kotak_e4fb97,TXN0E3C32C94542,2025-04-22,39260.12,debit,INR,Landlord NEFT,NEFT,-1359773.44,Housing::Rent,
usr_1723fa55,acc_kotak_e4fb97,TXNEAD9334814F3,2025-04-22,33468.22,debit,INR,RTO Online,UPI,-1459259.2,Vehicle::Registration & Tax,
usr_1723fa55,acc_kotak_e4fb97,TXN26B8388E3DFD,2025-04-23,116583.56,debit,INR,GST Portal,UPI,-1610266.79,Financial Expenses::Tax Payment,annual premium
usr_1723fa55,acc_hdfc_0a7d00,TXNFB8C0A9BD9D5,2025-04-24,36316.53,debit,INR,FASTag NHAI,IMPS,-2226943.12,Transportation::Toll,
usr_1723fa55,acc_icici_4df757,TXN7C9BFEEFB700,2025-04-25,10846.06,debit,INR,Meesho,UPI,-1339241.81,Shopping::Online Shopping,gifting
usr_1723fa55,acc_kotak_e4fb97,TXNA023B3746055,2025-04-25,116221.95,debit,INR,SBI Home Loan,NEFT,-1192275.6,Financial Expenses::Loan EMI,annual premium
usr_1723fa55,acc_kotak_e4fb97,TXN01AC443B1638,2025-04-26,2164.2,debit,INR,Flipkart,UPI,-1098654.03,Shopping::Online Shopping,gifting
usr_1723fa55,acc_hdfc_0a7d00,TXN47F80C6935B4,2025-04-26,27025.91,debit,INR,RTO Online,UPI,-1986367.72,Vehicle::Registration & Tax,tyre change
usr_1723fa55,acc_kotak_e4fb97,TXNB4CF2FAFEEC8,2025-04-26,405.48,debit,INR,Pepperfry,UPI,-1135153.11,Shopping::Home & Kitchen,
usr_1723fa55,acc_icici_4df757,TXNC092E3E006C1,2025-04-26,25258.78,debit,INR,Airbnb,card,-1591813.57,Life & Entertainment::Travel & Hotels,date night
usr_1723fa55,acc_icici_4df757,TXNAF0B221731B6,2025-04-27,2933.93,debit,INR,Kotak Auto Loan,NEFT,-1305683.33,Vehicle::Vehicle EMI,accidental repair
usr_1723fa55,acc_hdfc_0a7d00,TXN428A14386F1C,2025-04-27,3243.07,debit,INR,Maid Salary,cash,-1886061.62,Housing::Domestic Help,
usr_1723fa55,acc_kotak_e4fb97,TXNB52428EA780A,2025-04-27,41073.17,debit,INR,Urban Ladder,card,-1318700.27,Housing::Furniture,
usr_1723fa55,acc_hdfc_0a7d00,TXN29A48DFFC803,2025-04-28,12413.64,debit,INR,Nykaa,UPI,-1954952.27,Shopping::Online Shopping,sale purchase
usr_1723fa55,acc_icici_4df757,TXNB48FD2D5A62C,2025-04-28,54533.53,debit,INR,Local Plumber,cash,-1351335.63,Housing::Maintenance & Repairs,
usr_1723fa55,acc_hdfc_0a7d00,TXN822CB454BAD8,2025-04-28,26641.37,debit,INR,Hotstar,UPI,-2200301.75,Life & Entertainment::Subscriptions,trial membership
usr_1723fa55,acc_kotak_e4fb97,TXNE740546D4ED5,2025-04-29,21086.22,debit,INR,Big Bazaar,UPI,-1060781.19,Housing::Household Supplies,monthly bill
usr_1723fa55,acc_kotak_e4fb97,TXNA5DC05EA4E7C,2025-04-29,40031.42,debit,INR,MakeMyTrip,card,-1570235.37,Life & Entertainment::Travel & Hotels,trial membership
usr_1a6f351e,acc_icici_c955ea,TXN7F444AAD6A9D,2025-01-01,28858.12,debit,INR,NoBroker Rent,UPI,-923348.74,Housing::Rent,monthly bill
usr_1a6f351e,acc_ubi_ba25d8,TXN21B15AB76376,2025-01-02,103538.11,debit,INR,Advance Tax,NEFT,-794620.37,Financial Expenses::Tax Payment,
usr_1a6f351e,acc_icici_c955ea,TXN546357C5EABE,2025-01-02,14566.78,debit,INR,Airbnb,card,-952206.86,Life & Entertainment::Travel & Hotels,
usr_1a6f351e,acc_icici_c955ea,TXN73D60DEA3D12,2025-01-03,149454.53,credit,INR,Employer NEFT,NEFT,10982.01,Income::Salary,
usr_1a6f351e,acc_icici_c955ea,TXN9417C16E1436,2025-01-03,36100.0,debit,INR,NoBroker Rent,NEFT,160436.54,Housing::Rent,monthly rent
usr_1a6f351e,acc_icici_c955ea,TXN16000B310637,2025-01-04,94574.13,debit,INR,Axis Charges,debit,-14691.87,Financial Expenses::Bank Charges,
usr_1a6f351e,acc_ubi_ba25d8,TXN4BF90358E423,2025-01-04,17312.13,debit,INR,Westside,card,-77268.14,Shopping::Clothing & Apparel,
usr_1a6f351e,acc_ubi_ba25d8,TXNCCDC11831380,2025-01-04,56909.41,debit,INR,DMart,UPI,-218910.9,Housing::Household Supplies,
usr_1a6f351e,acc_icici_c955ea,TXNEC07757CE09C,2025-01-04,30048.09,debit,INR,Local Gym,cash,-448246.56,Life & Entertainment::Gym & Sports,
usr_1a6f351e,acc_icici_c955ea,TXN0C0C8DE9FDFD,2025-01-04,22663.86,debit,INR,Max Life,UPI,-967632.42,Financial Expenses::Insurance Premium,monthly EMI
usr_1a6f351e,acc_ubi_ba25d8,TXN74220B51A055,2025-01-05,16845.13,debit,INR,FabIndia,UPI,-38445.21,Shopping::Clothing & Apparel,sale purchase
usr_1a6f351e,acc_ubi_ba25d8,TXNBBA8F12E1F2D,2025-01-05,2525.01,debit,INR,Toit Brewpub,card,-453282.9,Food & Drinks::Alcohol & Bars,
usr_1a6f351e,acc_icici_c955ea,TXN061CEEB1380F,2025-01-05,33277.95,debit,INR,Apple Music,card,-521682.84,Life & Entertainment::Subscriptions,annual plan
usr_1a6f351e,acc_ubi_ba25d8,TXN90A8DE2AED45,2025-01-05,26377.6,debit,INR,Landlord NEFT,NEFT,-968753.1,Housing::Rent,
usr_1a6f351e,acc_icici_c955ea,TXN1B89DAB390B7,2025-01-05,858.78,debit,INR,Blinkit,UPI,-966773.64,Food & Drinks::Food Delivery,birthday dinner
usr_1a6f351e,acc_ubi_ba25d8,TXN214AD6F2B0B5,2025-01-06,29900.0,debit,INR,Bajaj Finance,NEFT,144231.41,Financial Expenses::Loan EMI,monthly EMI
usr_1a6f351e,acc_ubi_ba25d8,TXN614D4107985A,2025-01-06,24729.11,debit,INR,SBI CC Bill,NEFT,59952.25,Financial Expenses::Credit Card Bill,monthly EMI
usr_1a6f351e,acc_ubi_ba25d8,TXN9E680503682C,2025-01-07,499.0,debit,INR,Airtel,UPI,113469.34,Life & Entertainment::Subscriptions,
usr_1a6f351e,acc_ubi_ba25d8,TXN4AD505FFE504,2025-01-07,11349.82,debit,INR,SBI FD,NEFT,112970.34,Investments::Fixed Deposit,
usr_1a6f351e,acc_ubi_ba25d8,TXNAD854704BC35,2025-01-07,11846.89,debit,INR,ICICI Direct,UPI,90056.27,Investments::Stock Purchase,emergency fund
usr_1a6f351e,acc_icici_c955ea,TXN847CB1AC660A,2025-01-07,88197.68,debit,INR,Income Tax Portal,UPI,-584572.08,Financial Expenses::Tax Payment,
usr_1a6f351e,acc_ubi_ba25d8,TXN8289B1232A2C,2025-01-08,89547.68,debit,INR,Income Tax Portal,UPI,-1124905.87,Financial Expenses::Tax Payment,
usr_1a6f351e,acc_ubi_ba25d8,TXNEDEE26FAF84D,2025-01-10,399.0,debit,INR,Jio Fiber,UPI,113967.34,Life & Entertainment::Subscriptions,
usr_1a6f351e,acc_icici_c955ea,TXN448AF8622BF9,2025-01-10,299.0,debit,INR,Hotstar,UPI,124037.54,Life & Entertainment::Subscriptions,
usr_1a6f351e,acc_icici_c955ea,TXNBFE3811A4A11,2025-01-10,21978.57,debit,INR,Maid Salary,cash,84433.75,Housing::Domestic Help,urgent repair
usr_1a6f351e,acc_ubi_ba25d8,TXN4B92B3A8651E,2025-01-10,14015.36,debit,INR,Crossword,card,-24429.85,Shopping::Books & Stationery,planned buy
usr_1a6f351e,acc_icici_c955ea,TXNAE93DB8F2D6B,2025-01-11,299.0,debit,INR,Amazon Prime,card,124336.54,Life & Entertainment::Subscriptions,
usr_1a6f351e,acc_ubi_ba25d8,TXN6C25A37F9A3C,2025-01-11,99.0,debit,INR,Apple Music,card,113568.34,Life & Entertainment::Subscriptions,
usr_1a6f351e,acc_ubi_ba25d8,TXNF0EFAD0C09B1,2025-01-12,364.07,debit,INR,Tata Power,UPI,114331.41,Housing::Utilities,
usr_1a6f351e,acc_ubi_ba25d8,TXN23E6EAC2CBC6,2025-01-12,11564.25,debit,INR,NPS Tier-2,NEFT,101620.52,Investments::PPF / NPS,lump sum
usr_1a6f351e,acc_ubi_ba25d8,TXNCF00AFBF72A4,2025-01-12,10904.49,debit,INR,FNP Flowers,card,70856.74,Life & Entertainment::Gifting,
usr_1a6f351e,acc_icici_c955ea,TXN23449484F9DC,2025-01-12,10966.09,debit,INR,Amazon,UPI,-191735.0,Shopping::Online Shopping,
usr_1a6f351e,acc_icici_c955ea,TXN4E520261D583,2025-01-12,64307.36,debit,INR,Advance Tax,NEFT,-290987.26,Financial Expenses::Tax Payment,due payment
usr_1a6f351e,acc_icici_c955ea,TXN0305E7B198F0,2025-01-12,1062.46,debit,INR,Urban Ladder,card,-405622.79,Housing::Furniture,monthly bill
usr_1a6f351e,acc_ubi_ba25d8,TXNCCBDA769D78B,2025-01-13,7352.64,debit,INR,Uber,UPI,78209.38,Transportation::Cab & Auto,
usr_1a6f351e,acc_icici_c955ea,TXNBED3F989ABD4,2025-01-13,61414.79,debit,INR,Kotak Charges,debit,-229572.47,Financial Expenses::Bank Charges,due payment
usr_1a6f351e,acc_ubi_ba25d8,TXNCF8ADF900350,2025-01-13,61518.69,debit,INR,HDFC Bank Charges,debit,-527908.22,Financial Expenses::Bank Charges,monthly EMI
usr_1a6f351e,acc_icici_c955ea,TXN144A71EEA493,2025-01-14,3028.23,debit,INR,WB Cakes,UPI,-373249.86,Food & Drinks::Bakery & Snacks,birthday dinner
usr_1a6f351e,acc_ubi_ba25d8,TXNAFC779833685,2025-01-14,91002.14,debit,INR,SBI Life,UPI,-601940.97,Financial Expenses::Insurance Premium,
usr_1a6f351e,acc_icici_c955ea,TXNBAF3B063BA19,2025-01-14,19108.75,debit,INR,DMart,UPI,-478294.65,Housing::Household Supplies,quarterly maintenance
usr_1a6f351e,acc_icici_c955ea,TXN929CD340F272,2025-01-14,18594.53,debit,INR,Maid Salary,cash,-554960.79,Housing::Domestic Help,
usr_1a6f351e,acc_ubi_ba25d8,TXNC8624E2BCF2B,2025-01-15,64485.95,debit,INR,HDFC Life,UPI,-275820.31,Financial Expenses::Insurance Premium,
usr_1a6f351e,acc_ubi_ba25d8,TXN487F65BC257A,2025-01-15,101622.04,debit,INR,HDFC Home Loan,NEFT,-351660.86,Financial Expenses::Loan EMI,annual premium
usr_1a6f351e,acc_icici_c955ea,TXN8C98E8CAA94A,2025-01-16,25582.28,debit,INR,Air India,card,110016.03,Transportation::Flight & Train,client visit
usr_1a6f351e,acc_ubi_ba25d8,TXN864CD70D0EB6,2025-01-16,22860.68,debit,INR,Apple Music,card,-94580.27,Life & Entertainment::Subscriptions,date night
usr_1a6f351e,acc_icici_c955ea,TXN6627821F6D6B,2025-01-16,109025.67,debit,INR,ICICI CC Bill,NEFT,-672769.76,Financial Expenses::Credit Card Bill,
usr_1a6f351e,acc_icici_c955ea,TXN390F5F628965,2025-01-17,18420.25,debit,INR,Landlord NEFT,NEFT,-173314.75,Housing::Rent,
usr_1a6f351e,acc_icici_c955ea,TXN17861B418D1A,2025-01-17,41561.31,debit,INR,Amazon,UPI,-406685.25,Housing::Household Supplies,monthly bill
usr_1a6f351e,acc_ubi_ba25d8,TXN48B5C21610D4,2025-01-18,23734.63,debit,INR,SBI CC Bill,NEFT,35223.14,Financial Expenses::Credit Card Bill,
usr_1a6f351e,acc_ubi_ba25d8,TXNF9A9163298B9,2025-01-18,1840.08,debit,INR,Local Bakery,cash,-340306.26,Food & Drinks::Bakery & Snacks,
usr_1a6f351e,acc_ubi_ba25d8,TXN5B6DFD684920,2025-01-18,4231.81,debit,INR,Myntra,UPI,-347429.05,Shopping::Clothing & Apparel,anniversary
usr_1a6f351e,acc_icici_c955ea,TXN4AF053686CD3,2025-01-18,57179.47,debit,INR,Carpenter,cash,-842680.71,Housing::Maintenance & Repairs,monthly bill
usr_1a6f351e,acc_icici_c955ea,TXN77117BA60346,2025-01-19,11016.76,debit,INR,MakeMyTrip,card,-573555.32,Life & Entertainment::Travel & Hotels,family outing
usr_1a6f351e,acc_ubi_ba25d8,TXN53268FB3EBA3,2025-01-19,50915.89,debit,INR,Amazon,UPI,-1019265.43,Housing::Household Supplies,quarterly maintenance
usr_1a6f351e,acc_icici_c955ea,TXN18F20177FE88,2025-01-20,9603.26,debit,INR,Amazon Books,UPI,-144469.47,Shopping::Books & Stationery,anniversary
usr_1a6f351e,acc_icici_c955ea,TXN6F9101C0FAE9,2025-01-20,19242.02,debit,INR,RTO Online,UPI,-154072.73,Vehicle::Registration & Tax,
usr_1a6f351e,acc_icici_c955ea,TXN6BEAAE333A12,2025-01-20,23488.56,debit,INR,Uber,UPI,-899860.18,Transportation::Cab & Auto,
usr_1a6f351e,acc_ubi_ba25d8,TXN53E453431D88,2025-01-20,47142.24,debit,INR,SBI Charges,debit,-1070181.32,Financial Expenses::Bank Charges,monthly EMI
usr_1a6f351e,acc_icici_c955ea,TXNC76E3279EEB0,2025-01-20,5318.65,debit,INR,Urban Ladder,card,-1034652.16,Shopping::Home & Kitchen,sale purchase
usr_1a6f351e,acc_icici_c955ea,TXNF322A4A2F376,2025-01-21,5018.92,debit,INR,Max Life,UPI,123738.54,Financial Expenses::Insurance Premium,
usr_1a6f351e,acc_ubi_ba25d8,TXN63652BCCA71E,2025-01-21,5284.99,debit,INR,IKEA,card,-71983.15,Housing::Furniture,
usr_1a6f351e,acc_ubi_ba25d8,TXN4B850F402F66,2025-01-22,2842.11,debit,INR,Amazon Gift,UPI,-344586.94,Life & Entertainment::Gifting,
usr_1a6f351e,acc_ubi_ba25d8,TXNBE126A4C98CC,2025-01-22,53990.46,debit,INR,NoBroker Rent,UPI,-692943.11,Housing::Rent,quarterly maintenance
usr_1a6f351e,acc_icici_c955ea,TXNC4BB9DD439C4,2025-01-22,2185.93,debit,INR,Local Garage,cash,-519496.91,Vehicle::Service & Repair,scheduled service
usr_1a6f351e,acc_ubi_ba25d8,TXNDEC66CB7AFFA,2025-01-22,60777.58,debit,INR,Bajaj Finance,NEFT,-907975.52,Financial Expenses::Loan EMI,
usr_1a6f351e,acc_icici_c955ea,TXN5C8BB2D0AADA,2025-01-23,35203.47,debit,INR,OYO,UPI,-109266.0,Life & Entertainment::Travel & Hotels,family outing
usr_1a6f351e,acc_ubi_ba25d8,TXNC8E3C0C77025,2025-01-23,16692.81,debit,INR,DMart,UPI,-55290.34,Housing::Household Supplies,monthly bill
usr_1a6f351e,acc_icici_c955ea,TXN4BA61F3621F5,2025-01-23,60885.28,debit,INR,HDFC Bank Charges,debit,-781795.43,Financial Expenses::Bank Charges,annual premium
usr_1a6f351e,acc_icici_c955ea,TXNAEAD220D58E8,2025-01-23,44355.88,debit,INR,Big Bazaar,UPI,-990296.28,Housing::Household Supplies,monthly bill
usr_1a6f351e,acc_icici_c955ea,TXN0A8BD3C4A100,2025-01-24,14517.31,debit,INR,Local Garage,cash,-355294.62,Vehicle::Service & Repair,tyre change
usr_1a6f351e,acc_ubi_ba25d8,TXN2F05DBA1E0D8,2025-01-24,2440.6,debit,INR,Blinkit,UPI,-342146.34,Food & Drinks::Groceries,weekly groceries
usr_1a6f351e,acc_ubi_ba25d8,TXN1BD3B141F376,2025-01-24,20238.38,debit,INR,SBI Auto Loan,NEFT,-746933.57,Vehicle::Vehicle EMI,
usr_1a6f351e,acc_icici_c955ea,TXN171765EA4B7F,2025-01-25,77147.05,debit,INR,Advance Tax,NEFT,62455.18,Financial Expenses::Tax Payment,annual premium
usr_1a6f351e,acc_ubi_ba25d8,TXNB8AE79D173FE,2025-01-25,93729.02,debit,INR,HDFC Bank Charges,debit,-117440.95,Financial Expenses::Bank Charges,
usr_1a6f351e,acc_icici_c955ea,TXN1A894495FF08,2025-01-26,3437.93,debit,INR,Urban Ladder,card,-369811.93,Housing::Furniture,
usr_1a6f351e,acc_ubi_ba25d8,TXN726144EA1439,2025-01-26,27448.42,debit,INR,Insider.in,UPI,-767171.95,Life & Entertainment::Movies & Events,annual plan
usr_1a6f351e,acc_ubi_ba25d8,TXN0D2FDB5FA875,2025-01-26,24134.73,debit,INR,Home Centre,card,-995130.7,Shopping::Home & Kitchen,anniversary
usr_1a6f351e,acc_ubi_ba25d8,TXN8FEB862BFA1E,2025-01-27,35918.36,debit,INR,Carpenter,cash,11488.51,Housing::Maintenance & Repairs,
usr_1a6f351e,acc_icici_c955ea,TXNFBDDF630F172,2025-01-27,29344.7,debit,INR,HDFC Auto Loan,NEFT,-376278.09,Vehicle::Vehicle EMI,tyre change
usr_1a6f351e,acc_ubi_ba25d8,TXN4DED823E7135,2025-01-27,9817.04,debit,INR,Electrician,cash,-898158.48,Housing::Maintenance & Repairs,
usr_1a6f351e,acc_ubi_ba25d8,TXN4754E57C5492,2025-01-28,7582.31,debit,INR,Adani Electricity,UPI,-1117323.56,Housing::Utilities,
usr_1a6f351e,acc_icici_c955ea,TXN7EA8D51E4C2B,2025-01-28,42963.08,debit,INR,Urban Ladder,card,-1039970.81,Housing::Furniture,quarterly maintenance
usr_1a6f351e,acc_icici_c955ea,TXN2C3E7D32C7C9,2025-01-29,8703.59,debit,INR,SBI Auto Loan,NEFT,118719.62,Vehicle::Vehicle EMI,scheduled service
usr_1a6f351e,acc_icici_c955ea,TXN5DC393A427E2,2025-01-29,26871.38,debit,INR,IKEA,card,-202701.09,Shopping::Home & Kitchen,sale purchase
usr_1a6f351e,acc_ubi_ba25d8,TXNBA829E7D99B5,2025-01-29,72100.31,debit,INR,SBI Charges,debit,-455807.91,Financial Expenses::Bank Charges,due payment
usr_1a6f351e,acc_ubi_ba25d8,TXN0651558AC367,2025-01-30,7740.93,debit,INR,Shell,card,-211169.97,Transportation::Fuel,
usr_1a6f351e,acc_ubi_ba25d8,TXNAA7D79B88E9D,2025-01-30,12514.06,debit,INR,Housing Society,NEFT,-589426.91,Housing::Rent,quarterly maintenance
usr_1a6f351e,acc_icici_c955ea,TXN109FC57FD717,2025-01-30,22093.51,debit,INR,HDFC Bank Charges,debit,-497403.4,Financial Expenses::Bank Charges,
usr_1a6f351e,acc_ubi_ba25d8,TXN618E304E3BD7,2025-01-31,192.48,debit,INR,Booking.com,card,-1829725.74,Life & Entertainment::Travel & Hotels,
usr_1a6f351e,acc_ubi_ba25d8,TXNF1C067588F16,2025-02-01,99.0,debit,INR,Apple Music,card,-1251550.55,Life & Entertainment::Subscriptions,
usr_1a6f351e,acc_icici_c955ea,TXN48DEAFD486C8,2025-02-01,71917.9,debit,INR,Axis Charges,debit,-1380991.36,Financial Expenses::Bank Charges,due payment
usr_1a6f351e,acc_icici_c955ea,TXN148F3C498D9B,2025-02-01,9922.2,debit,INR,KSRTC,UPI,-1530634.28,Transportation::Metro & Bus,
usr_1a6f351e,acc_icici_c955ea,TXNDE8F4D27F7A4,2025-02-01,54735.46,debit,INR,Income Tax Portal,UPI,-1600752.9,Financial Expenses::Tax Payment,annual premium
usr_1a6f351e,acc_icici_c955ea,TXN81AC1A96A15A,2025-02-02,152600.22,credit,INR,Employer NEFT,NEFT,-1082933.89,Income::Salary,part-time
usr_1a6f351e,acc_ubi_ba25d8,TXNBFEC3984E7BD,2025-02-02,36100.0,debit,INR,Housing Society,NEFT,-1214453.55,Housing::Rent,monthly rent
usr_1a6f351e,acc_ubi_ba25d8,TXN897AA7B95909,2025-02-02,7456.9,debit,INR,Housing Society,NEFT,-1452845.7,Housing::Rent,urgent repair
usr_1a6f351e,acc_icici_c955ea,TXN1386424E74FC,2025-02-02,19695.63,debit,INR,IRCTC,UPI,-1540556.48,Transportation::Flight & Train,weekend trip
usr_1a6f351e,acc_ubi_ba25d8,TXND9B0C9F8BCCE,2025-02-03,399.0,debit,INR,Jio Fiber,UPI,-1250852.55,Life & Entertainment::Subscriptions,
usr_1a6f351e,acc_icici_c955ea,TXN8EC47D7079A9,2025-02-03,1094.94,debit,INR,Maid Salary,cash,-1311605.32,Housing::Domestic Help,quarterly maintenance
usr_1a6f351e,acc_icici_c955ea,TXND5E51F971BEF,2025-02-03,2992.61,debit,INR,Reliance Fresh,UPI,-1312700.26,Food & Drinks::Groceries,birthday dinner
usr_1a6f351e,acc_ubi_ba25d8,TXN40CF66DEDC92,2025-02-03,8345.28,debit,INR,UrbanClap,UPI,-2082156.56,Housing::Maintenance & Repairs,
usr_1a6f351e,acc_icici_c955ea,TXN694FE75D2C9C,2025-02-04,29900.0,debit,INR,Axis Loan,NEFT,-930333.67,Financial Expenses::Loan EMI,monthly EMI
usr_1a6f351e,acc_ubi_ba25d8,TXN525CBAB21977,2025-02-04,1964.5,debit,INR,RTO Online,UPI,-1775588.3,Vehicle::Registration & Tax,scheduled service
usr_1a6f351e,acc_icici_c955ea,TXN85E58471B374,2025-02-04,14646.98,debit,INR,PVR Cinemas,card,-1560252.11,Life & Entertainment::Movies & Events,
usr_1a6f351e,acc_ubi_ba25d8,TXN7260E5196F32,2025-02-05,299.0,debit,INR,Hotstar,UPI,-1251251.55,Life & Entertainment::Subscriptions,
usr_1a6f351e,acc_ubi_ba25d8,TXN34249812B59E,2025-02-06,11295.11,debit,INR,SBI FD,NEFT,-1251649.55,Investments::Fixed Deposit,tax saving
usr_1a6f351e,acc_ubi_ba25d8,TXN6A5F2EBAE7C7,2025-02-06,11843.48,debit,INR,ICICI Direct,UPI,-1274426.13,Investments::Stock Purchase,emergency fund
usr_1a6f351e,acc_icici_c955ea,TXN42FE936DBA5B,2025-02-06,680.85,debit,INR,H&M,card,-1122227.17,Shopping::Clothing & Apparel,birthday gift
usr_1a6f351e,acc_icici_c955ea,TXN3FED5BBAC9E5,2025-02-06,23243.7,debit,INR,Purplle,UPI,-1137388.92,Shopping::Personal Care,gifting
usr_1a6f351e,acc_icici_c955ea,TXN2D70DA47F43F,2025-02-06,34147.24,debit,INR,Amazon,UPI,-1343531.58,Housing::Household Supplies,
usr_1a6f351e,acc_ubi_ba25d8,TXN712C4EE08F86,2025-02-06,7466.97,debit,INR,Urban Ladder,card,-2178069.6,Shopping::Home & Kitchen,birthday gift
usr_1a6f351e,acc_icici_c955ea,TXND0E08DCE1D40,2025-02-07,2322.45,debit,INR,BWSSB,UPI,-960233.67,Housing::Utilities,
usr_1a6f351e,acc_ubi_ba25d8,TXN64447D60D672,2025-02-07,299.0,debit,INR,Amazon Prime,card,-1250553.55,Life & Entertainment::Subscriptions,
usr_1a6f351e,acc_icici_c955ea,TXN1907B55415F3,2025-02-07,499.0,debit,INR,Airtel,UPI,-962556.12,Life & Entertainment::Subscriptions,
usr_1a6f351e,acc_icici_c955ea,TXN2DA1108044C2,2025-02-07,3626.74,debit,INR,ICICI Prudential,UPI,-963055.12,Financial Expenses::Insurance Premium,
usr_1a6f351e,acc_ubi_ba25d8,TXN8EB8A4082A18,2025-02-07,2642.68,debit,INR,FabIndia,UPI,-1393233.73,Shopping::Clothing & Apparel,
usr_1a6f351e,acc_ubi_ba25d8,TXNBF5CE11831AC,2025-02-07,21485.18,debit,INR,HDFC CC Bill,NEFT,-1431360.52,Financial Expenses::Credit Card Bill,
usr_1a6f351e,acc_ubi_ba25d8,TXND37B7BC2132A,2025-02-07,53421.67,debit,INR,Axis Charges,debit,-1616334.49,Financial Expenses::Bank Charges,monthly EMI
usr_1a6f351e,acc_icici_c955ea,TXN008B7EF019CE,2025-02-07,16159.05,debit,INR,Local Plumber,cash,-1574899.09,Housing::Maintenance & Repairs,quarterly maintenance
usr_1a6f351e,acc_icici_c955ea,TXNB3DC09201714,2025-02-08,14480.9,debit,INR,Airtel,UPI,-1122908.02,Housing::Utilities,
usr_1a6f351e,acc_ubi_ba25d8,TXN17B79FF2D0EE,2025-02-08,41310.54,debit,INR,HDFC Bank Charges,debit,-1575023.95,Financial Expenses::Bank Charges,
usr_1a6f351e,acc_ubi_ba25d8,TXNC12EA4D3EBD3,2025-02-09,11481.47,debit,INR,NPS Tier-2,NEFT,-1262944.66,Investments::PPF / NPS,emergency fund
usr_1a6f351e,acc_icici_c955ea,TXN57DCD1E5ED3B,2025-02-09,114078.63,debit,INR,Income Tax Portal,UPI,-1008148.54,Financial Expenses::Tax Payment,annual premium
usr_1a6f351e,acc_ubi_ba25d8,TXN8A6FA52921BA,2025-02-09,35484.11,debit,INR,Carpenter,cash,-1395876.41,Housing::Maintenance & Repairs,
usr_1a6f351e,acc_ubi_ba25d8,TXN8B8EB24E488A,2025-02-09,105832.14,debit,INR,Kotak Charges,debit,-1669756.16,Financial Expenses::Bank Charges,
usr_1a6f351e,acc_icici_c955ea,TXN7DB763EE00CD,2025-02-09,1780.04,debit,INR,Blinkit,UPI,-1528854.24,Food & Drinks::Food Delivery,
usr_1a6f351e,acc_icici_c955ea,TXN9C54592B7E8B,2025-02-10,12754.21,debit,INR,Vahan Portal,UPI,-1330777.37,Vehicle::Registration & Tax,tyre change
usr_1a6f351e,acc_icici_c955ea,TXN9F3C931E16D2,2025-02-11,1114.19,debit,INR,Blinkit,UPI,-1329663.18,Food & Drinks::Food Delivery,
usr_1a6f351e,acc_ubi_ba25d8,TXNB716C3CD894C,2025-02-12,7603.19,debit,INR,Airtel,UPI,-1822122.55,Housing::Utilities,urgent repair
usr_1a6f351e,acc_ubi_ba25d8,TXN50F01A0C57D4,2025-02-13,114721.35,debit,INR,LIC HFL,NEFT,-1460302.6,Financial Expenses::Loan EMI,
usr_1a6f351e,acc_icici_c955ea,TXND25F96A69987,2025-02-13,11031.93,debit,INR,DMRC,UPI,-1318631.25,Transportation::Metro & Bus,
usr_1a6f351e,acc_ubi_ba25d8,TXNA610A2B67321,2025-02-13,40545.38,debit,INR,Local Store,cash,-1780300.32,Housing::Household Supplies,
usr_1a6f351e,acc_icici_c955ea,TXNE46D00DA187B,2025-02-14,24548.93,debit,INR,Urban Ladder,card,-983599.61,Housing::Furniture,monthly bill
usr_1a6f351e,acc_icici_c955ea,TXNC9B8E4FF1BF0,2025-02-14,90541.53,debit,INR,Advance Tax,NEFT,-1160632.62,Financial Expenses::Tax Payment,due payment
usr_1a6f351e,acc_icici_c955ea,TXN09782C9B652A,2025-02-14,27013.74,debit,INR,Bosch Car Service,card,-1284591.58,Vehicle::Service & Repair,tyre change
usr_1a6f351e,acc_ubi_ba25d8,TXNC8C9950F266D,2025-02-14,35051.56,debit,INR,Income Tax Portal,UPI,-2090501.84,Financial Expenses::Tax Payment,
usr_1a6f351e,acc_icici_c955ea,TXN73896E3377B3,2025-02-15,25434.31,debit,INR,BBMP Parking,UPI,-1257424.06,Transportation::Parking,
usr_1a6f351e,acc_icici_c955ea,TXNF91D45E14537,2025-02-16,16917.75,debit,INR,Pepperfry,UPI,-966681.86,Housing::Furniture,
usr_1a6f351e,acc_ubi_ba25d8,TXN5E17C6F68787,2025-02-16,1276.85,debit,INR,Monginis,cash,-1820845.7,Food & Drinks::Bakery & Snacks,client dinner
usr_1a6f351e,acc_ubi_ba25d8,TXN0CA06CCD410A,2025-02-16,15271.41,debit,INR,Amazon Books,UPI,-2018439.89,Shopping::Books & Stationery,sale purchase
usr_1a6f351e,acc_icici_c955ea,TXNB81BD9971D80,2025-02-16,18741.86,debit,INR,Maid Salary,cash,-1655488.36,Housing::Domestic Help,
usr_1a6f351e,acc_ubi_ba25d8,TXNACA969CF6A4B,2025-02-17,506.87,debit,INR,Dunzo,UPI,-1942135.9,Food & Drinks::Food Delivery,birthday dinner
usr_1a6f351e,acc_ubi_ba25d8,TXNF788CDE742B4,2025-02-18,106964.12,debit,INR,Axis Loan,NEFT,-1286269.61,Financial Expenses::Loan EMI,monthly EMI
usr_1a6f351e,acc_icici_c955ea,TXNDF5F3120F874,2025-02-19,3312.54,debit,INR,Theobroma,card,-1377678.82,Food & Drinks::Bakery & Snacks,post-gym meal
usr_1a6f351e,acc_ubi_ba25d8,TXN5E534C2F1D44,2025-02-20,52516.2,debit,INR,ICICI Prudential,UPI,-2125553.4,Financial Expenses::Insurance Premium,
usr_1a6f351e,acc_icici_c955ea,TXN3FA1DD5FB7E8,2025-02-21,6249.91,debit,INR,HDFC ERGO,UPI,-1251174.15,Vehicle::Insurance,
usr_1a6f351e,acc_ubi_ba25d8,TXN91018B7897D2,2025-02-21,2747.52,debit,INR,Maid Salary,cash,-1777552.8,Housing::Domestic Help,
usr_1a6f351e,acc_ubi_ba25d8,TXNAB237049F311,2025-02-21,28097.19,debit,INR,Kotak Charges,debit,-1865147.21,Financial Expenses::Bank Charges,due payment
usr_1a6f351e,acc_ubi_ba25d8,TXN7E41B012FF9B,2025-02-21,48891.5,debit,INR,Cook Salary,cash,-1893244.4,Housing::Domestic Help,
usr_1a6f351e,acc_ubi_ba25d8,TXN84BD05EDE24A,2025-02-21,504.48,credit,INR,Employer Bonus,NEFT,-2185536.57,Income::Bonus,
usr_1a6f351e,acc_icici_c955ea,TXNA22E8FB41472,2025-02-22,1733.21,debit,INR,Swiggy,UPI,-1282858.37,Food & Drinks::Food Delivery,weekend treat
usr_1a6f351e,acc_ubi_ba25d8,TXN24E804CA2DE1,2025-02-22,35228.99,debit,INR,Axis Charges,debit,-1829918.22,Financial Expenses::Bank Charges,monthly EMI
usr_1a6f351e,acc_ubi_ba25d8,TXNBF13E9485CDC,2025-02-22,20249.0,debit,INR,SBI CC Bill,NEFT,-2033711.3,Financial Expenses::Credit Card Bill,annual premium
usr_1a6f351e,acc_ubi_ba25d8,TXNFC9910AAD400,2025-02-23,28196.26,debit,INR,IKEA,card,-2053960.3,Housing::Furniture,urgent repair
usr_1a6f351e,acc_icici_c955ea,TXN839693C708E5,2025-02-25,75944.98,debit,INR,ICICI Prudential,UPI,-1452909.26,Financial Expenses::Insurance Premium,annual premium
usr_1a6f351e,acc_ubi_ba25d8,TXN2586F48DB67C,2025-02-26,35992.83,debit,INR,Pepperfry,UPI,-1942642.77,Housing::Furniture,
usr_1a6f351e,acc_ubi_ba25d8,TXNA716FC5057B8,2025-02-27,39804.29,debit,INR,GST Portal,UPI,-1978635.6,Financial Expenses::Tax Payment,
usr_1a6f351e,acc_icici_c955ea,TXNE44CC1154840,2025-02-28,2938.38,debit,INR,Local Garage,cash,-1315692.87,Vehicle::Service & Repair,scheduled service
usr_1a6f351e,acc_icici_c955ea,TXN7875DFBE0A85,2025-03-01,9694.76,debit,INR,Apple Music,card,-1591058.14,Life & Entertainment::Subscriptions,movie night
usr_1a6f351e,acc_icici_c955ea,TXN199B45E50662,2025-03-01,49452.91,debit,INR,Electrician,cash,-1674230.22,Housing::Maintenance & Repairs,urgent repair
usr_1a6f351e,acc_icici_c955ea,TXNE88A27E22057,2025-03-02,146302.67,credit,INR,Employer NEFT,NEFT,-1723683.13,Income::Salary,referral bonus
usr_1a6f351e,acc_icici_c955ea,TXNB9B28F5C7240,2025-03-02,52108.85,debit,INR,LIC HFL,NEFT,-2620501.3,Financial Expenses::Loan EMI,
usr_1a6f351e,acc_icici_c955ea,TXN696B5FF6EE8A,2025-03-04,36100.0,debit,INR,Housing Society,NEFT,-1577380.46,Housing::Rent,monthly rent
usr_1a6f351e,acc_icici_c955ea,TXN1C17A2658416,2025-03-04,12319.74,debit,INR,MakeMyTrip,card,-2459109.12,Life & Entertainment::Travel & Hotels,movie night
usr_1a6f351e,acc_icici_c955ea,TXND185ED4D5BB6,2025-03-04,40615.73,debit,INR,Big Bazaar,UPI,-2762466.58,Housing::Household Supplies,
usr_1a6f351e,acc_icici_c955ea,TXNC35B768F3274,2025-03-05,99.0,debit,INR,Apple Music,card,-1614078.46,Life & Entertainment::Subscriptions,
usr_1a6f351e,acc_icici_c955ea,TXNDBE3D56D5D8C,2025-03-06,299.0,debit,INR,Amazon Prime,card,-1613480.46,Life & Entertainment::Subscriptions,
usr_1a6f351e,acc_icici_c955ea,TXN1086FF9EA95C,2025-03-06,11523.26,debit,INR,SBI FD,NEFT,-1614676.46,Investments::Fixed Deposit,emergency fund
usr_1a6f351e,acc_ubi_ba25d8,TXN8C82721DD041,2025-03-06,41421.79,debit,INR,Local Store,cash,-2301629.11,Housing::Household Supplies,
usr_1a6f351e,acc_ubi_ba25d8,TXN52A390D01E78,2025-03-06,9456.93,debit,INR,BYJU'S,UPI,-2343050.9,Life & Entertainment::Education,movie night
usr_1a6f351e,acc_ubi_ba25d8,TXNE33391FE829A,2025-03-06,23307.4,debit,INR,SBI Charges,debit,-2396880.09,Financial Expenses::Bank Charges,
usr_1a6f351e,acc_ubi_ba25d8,TXN4597E3139375,2025-03-07,29674.46,debit,INR,Electrician,cash,-2365177.48,Housing::Maintenance & Repairs,
usr_1a6f351e,acc_icici_c955ea,TXN8EC8FA677D1D,2025-03-07,50124.03,debit,INR,HDFC Home Loan,NEFT,-2020390.31,Financial Expenses::Loan EMI,monthly EMI
usr_1a6f351e,acc_icici_c955ea,TXNBB3F89F32F86,2025-03-07,2212.13,debit,INR,Swiggy,UPI,-2703088.84,Food & Drinks::Food Delivery,team lunch
usr_1a6f351e,acc_ubi_ba25d8,TXNBABF3343C7E9,2025-03-08,29900.0,debit,INR,Bajaj Finance,NEFT,-2185032.09,Financial Expenses::Loan EMI,monthly EMI
usr_1a6f351e,acc_icici_c955ea,TXN2AA4DDCCEB2D,2025-03-08,34746.36,debit,INR,Security Tip,cash,-1649517.07,Housing::Domestic Help,quarterly maintenance
usr_1a6f351e,acc_icici_c955ea,TXN95F1CB045664,2025-03-08,110672.86,debit,INR,Income Tax Portal,UPI,-1832755.34,Financial Expenses::Tax Payment,annual premium
usr_1a6f351e,acc_icici_c955ea,TXN0444D7C789F1,2025-03-09,11689.77,debit,INR,ICICI Direct,UPI,-1637827.3,Investments::Stock Purchase,
usr_1a6f351e,acc_ubi_ba25d8,TXNE1F57ECB1812,2025-03-09,8283.61,debit,INR,Crossword,card,-2293345.5,Shopping::Books & Stationery,anniversary
usr_1a6f351e,acc_ubi_ba25d8,TXN31D5ACC62310,2025-03-09,9068.56,debit,INR,FNP Flowers,card,-2420187.49,Life & Entertainment::Gifting,
usr_1a6f351e,acc_icici_c955ea,TXNA35AA9B1C584,2025-03-10,499.0,debit,INR,Airtel,UPI,-1614177.46,Life & Entertainment::Subscriptions,
usr_1a6f351e,acc_icici_c955ea,TXN428133504B2A,2025-03-10,10175.5,debit,INR,Spotify,UPI,-1819904.97,Life & Entertainment::Subscriptions,movie night
usr_1a6f351e,acc_icici_c955ea,TXN8493601E53C5,2025-03-10,42656.09,debit,INR,Landlord NEFT,NEFT,-2165070.42,Housing::Rent,
usr_1a6f351e,acc_icici_c955ea,TXN19E9FA487090,2025-03-10,35722.7,debit,INR,Local Store,cash,-2584778.6,Housing::Household Supplies,quarterly maintenance
usr_1a6f351e,acc_ubi_ba25d8,TXN649B5A9FAEF9,2025-03-11,399.0,debit,INR,Jio Fiber,UPI,-2217477.37,Life & Entertainment::Subscriptions,
usr_1a6f351e,acc_icici_c955ea,TXND06CCDD8208A,2025-03-11,299.0,debit,INR,Hotstar,UPI,-1613779.46,Life & Entertainment::Subscriptions,
usr_1a6f351e,acc_icici_c955ea,TXN1B0B2751397C,2025-03-11,2674.87,debit,INR,Social,card,-1830080.47,Food & Drinks::Dining Out,
usr_1a6f351e,acc_icici_c955ea,TXN3772760B6143,2025-03-11,22996.54,debit,INR,Local Gym,cash,-2436112.58,Life & Entertainment::Gym & Sports,
usr_1a6f351e,acc_icici_c955ea,TXN47EAE0380498,2025-03-11,22951.07,debit,INR,IRCTC,UPI,-2676848.49,Transportation::Flight & Train,
usr_1a6f351e,acc_icici_c955ea,TXND15A2D1A5061,2025-03-12,31355.36,debit,INR,Kotak Auto Loan,NEFT,-1726814.69,Vehicle::Vehicle EMI,tyre change
usr_1a6f351e,acc_ubi_ba25d8,TXN013A23C2A1B7,2025-03-12,12566.87,debit,INR,IKEA,card,-2440587.9,Housing::Furniture,
usr_1a6f351e,acc_icici_c955ea,TXN472B30268B45,2025-03-12,1912.13,debit,INR,WB Cakes,UPI,-2018478.18,Food & Drinks::Bakery & Snacks,birthday dinner
usr_1a6f351e,acc_icici_c955ea,TXN0DD705FDD55D,2025-03-12,110147.2,debit,INR,GST Portal,UPI,-2474631.4,Financial Expenses::Tax Payment,
usr_1a6f351e,acc_icici_c955ea,TXN8FD8D9450DA8,2025-03-12,3289.28,debit,INR,SBI CC Bill,NEFT,-2699799.56,Financial Expenses::Credit Card Bill,
usr_1a6f351e,acc_icici_c955ea,TXNFEB62ED94AC1,2025-03-12,57165.61,debit,INR,Adani Electricity,UPI,-2705300.97,Housing::Utilities,
usr_1a6f351e,acc_icici_c955ea,TXND8A0CFDA9174,2025-03-13,11627.58,debit,INR,NPS Tier-2,NEFT,-1626199.72,Investments::PPF / NPS,lump sum
usr_1a6f351e,acc_ubi_ba25d8,TXN23999FCDBE52,2025-03-13,11825.63,debit,INR,DMart,UPI,-2578987.73,Housing::Household Supplies,
usr_1a6f351e,acc_icici_c955ea,TXN31E8A7411C2E,2025-03-13,3202.54,debit,INR,Wine Shop,cash,-2471428.86,Food & Drinks::Alcohol & Bars,weekly groceries
usr_1a6f351e,acc_ubi_ba25d8,TXN3DB70985614B,2025-03-14,16171.26,debit,INR,Axis Loan,NEFT,-2597896.59,Financial Expenses::Loan EMI,
usr_1a6f351e,acc_ubi_ba25d8,TXN76741A70F6A4,2025-03-15,2028.15,debit,INR,Amazon,UPI,-2394851.94,Housing::Household Supplies,
usr_1a6f351e,acc_icici_c955ea,TXN253F8DB1840F,2025-03-15,2891.93,debit,INR,NoBroker Rent,UPI,-1964866.17,Housing::Rent,quarterly maintenance
usr_1a6f351e,acc_ubi_ba25d8,TXN5F82B7C907F4,2025-03-15,10117.73,debit,INR,Kotak Charges,debit,-2648015.63,Financial Expenses::Bank Charges,monthly EMI
usr_1a6f351e,acc_ubi_ba25d8,TXN0AA6482D6E1E,2025-03-16,2545.28,debit,INR,Adani Electricity,UPI,-2214932.09,Housing::Utilities,
usr_1a6f351e,acc_ubi_ba25d8,TXN3B7B3FB2637A,2025-03-16,22075.42,debit,INR,Big Bazaar,UPI,-2237606.04,Housing::Household Supplies,
usr_1a6f351e,acc_icici_c955ea,TXN35F053B85C04,2025-03-17,5304.69,debit,INR,Apollo Pharmacy,UPI,-1943428.2,Shopping::Personal Care,planned buy
usr_1a6f351e,acc_ubi_ba25d8,TXN96E3599300ED,2025-03-18,32245.74,debit,INR,Axis CC Bill,NEFT,-2461848.42,Financial Expenses::Credit Card Bill,
usr_1a6f351e,acc_ubi_ba25d8,TXNEF9392EF7CF6,2025-03-19,19729.67,debit,INR,BBMP Parking,UPI,-2217876.37,Transportation::Parking,airport drop
usr_1a6f351e,acc_ubi_ba25d8,TXN9354612E46F9,2025-03-19,1699.75,debit,INR,Goibibo,UPI,-2494094.16,Life & Entertainment::Travel & Hotels,movie night
usr_1a6f351e,acc_ubi_ba25d8,TXN5F79693440B9,2025-03-19,31158.77,debit,INR,Amazon,UPI,-2673249.43,Housing::Household Supplies,monthly bill
usr_1a6f351e,acc_icici_c955ea,TXN47FD9342773F,2025-03-19,6063.0,debit,INR,Meesho,UPI,-2803082.31,Shopping::Online Shopping,
usr_1a6f351e,acc_icici_c955ea,TXN62F5D30AF7D4,2025-03-20,61734.92,debit,INR,Axis Loan,NEFT,-1758170.05,Financial Expenses::Loan EMI,annual premium
usr_1a6f351e,acc_icici_c955ea,TXN4FC142ECCE49,2025-03-20,94556.08,debit,INR,Max Life,UPI,-2070514.34,Financial Expenses::Insurance Premium,
usr_1a6f351e,acc_icici_c955ea,TXN3049F0DE59DE,2025-03-20,101933.86,debit,INR,Axis Charges,debit,-2262759.91,Financial Expenses::Bank Charges,
usr_1a6f351e,acc_ubi_ba25d8,TXNED10C27AD306,2025-03-20,44780.6,debit,INR,GST Portal,UPI,-2517715.99,Financial Expenses::Tax Payment,
usr_1a6f351e,acc_icici_c955ea,TXN5F727E2460C9,2025-03-20,4238.34,debit,INR,Blinkit,UPI,-2672610.15,Food & Drinks::Food Delivery,weekend treat
usr_1a6f351e,acc_ubi_ba25d8,TXN85E29DB10B30,2025-03-20,1229.81,debit,INR,Local Restaurant,cash,-2614067.85,Food & Drinks::Dining Out,family dinner
usr_1a6f351e,acc_icici_c955ea,TXNC7B87E7579F1,2025-03-21,55033.4,debit,INR,Cook Salary,cash,-2207726.51,Housing::Domestic Help,
usr_1a6f351e,acc_icici_c955ea,TXN7626AEE805CA,2025-03-21,2655.04,debit,INR,Barbeque Nation,card,-2391944.3,Food & Drinks::Dining Out,post-gym meal
usr_1a6f351e,acc_ubi_ba25d8,TXNF568EFCA510F,2025-03-21,32717.97,debit,INR,Electrician,cash,-2615297.66,Housing::Maintenance & Repairs,
usr_1a6f351e,acc_ubi_ba25d8,TXN17CF4F1652E6,2025-03-21,6051.11,debit,INR,Urban Ladder,card,-2667198.32,Housing::Furniture,urgent repair
usr_1a6f351e,acc_icici_c955ea,TXNB3762CC08BA8,2025-03-22,41513.24,debit,INR,HDFC CC Bill,NEFT,-2394599.34,Financial Expenses::Credit Card Bill,
usr_1a6f351e,acc_ubi_ba25d8,TXN8342B042F30B,2025-03-22,3251.64,debit,INR,Toit Brewpub,card,-2590813.36,Food & Drinks::Alcohol & Bars,team lunch
usr_1a6f351e,acc_ubi_ba25d8,TXN3D34DE753366,2025-03-24,12669.65,debit,INR,GST Portal,UPI,-2352507.83,Financial Expenses::Tax Payment,due payment
usr_1a6f351e,acc_ubi_ba25d8,TXN1335901636DA,2025-03-24,21922.08,debit,INR,RTO Online,UPI,-2495793.91,Vehicle::Registration & Tax,
usr_1a6f351e,acc_ubi_ba25d8,TXNEF70A67728EC,2025-03-24,3831.59,debit,INR,Blue Tokai,UPI,-2594065.0,Food & Drinks::Cafes & Coffee,weekly groceries
usr_1a6f351e,acc_ubi_ba25d8,TXNFC025C1E2559,2025-03-25,33664.04,debit,INR,Airtel,UPI,-2259681.46,Housing::Utilities,
usr_1a6f351e,acc_icici_c955ea,TXN9A2810C70230,2025-03-25,20029.62,debit,INR,OYO,UPI,-2371914.68,Life & Entertainment::Travel & Hotels,date night
usr_1a6f351e,acc_icici_c955ea,TXN877F118592A1,2025-03-26,42551.26,debit,INR,Pepperfry,UPI,-1684263.43,Housing::Furniture,
usr_1a6f351e,acc_ubi_ba25d8,TXNCB57AC950FB5,2025-03-26,11331.85,debit,INR,Local Plumber,cash,-2429256.05,Housing::Maintenance & Repairs,
usr_1a6f351e,acc_icici_c955ea,TXNCBC6607B0866,2025-03-26,50720.08,debit,INR,Local Plumber,cash,-1967758.1,Housing::Maintenance & Repairs,quarterly maintenance
usr_1a6f351e,acc_icici_c955ea,TXN7D12D5547791,2025-03-27,8721.43,debit,INR,BWSSB,UPI,-1956144.74,Housing::Utilities,
usr_1a6f351e,acc_ubi_ba25d8,TXN418E0CE90406,2025-03-28,5817.64,debit,INR,Mamaearth,UPI,-2456030.78,Shopping::Personal Care,urgent replacement
usr_1a6f351e,acc_icici_c955ea,TXNC13B6C4309DD,2025-03-28,7220.91,debit,INR,Big Bazaar,UPI,-2364693.77,Housing::Household Supplies,urgent repair
usr_1a6f351e,acc_icici_c955ea,TXN6F7C45E476EF,2025-03-28,1610.2,debit,INR,Axis Charges,debit,-2809145.31,Financial Expenses::Bank Charges,
usr_1a6f351e,acc_ubi_ba25d8,TXN66343C12D838,2025-03-29,2876.01,debit,INR,Dunzo,UPI,-2453154.77,Food & Drinks::Food Delivery,post-gym meal
usr_1a6f351e,acc_ubi_ba25d8,TXN0AED2D8169BE,2025-03-29,9064.96,debit,INR,Amazon Electronics,UPI,-2658133.36,Shopping::Electronics,anniversary
usr_1a6f351e,acc_ubi_ba25d8,TXN13AB7FC98A4E,2025-03-30,16491.14,debit,INR,Axis CC Bill,NEFT,-2562496.59,Financial Expenses::Credit Card Bill,
usr_1a6f351e,acc_icici_c955ea,TXNF82FCE3D4517,2025-03-31,7411.85,debit,INR,Zara,card,-1948732.89,Shopping::Clothing & Apparel,
usr_1a6f351e,acc_icici_c955ea,TXN978C825473DD,2025-04-01,147204.93,credit,INR,Employer NEFT,NEFT,-2810755.51,Income::Salary,project completion
usr_1a6f351e,acc_ubi_ba25d8,TXN5545FA833AE3,2025-04-01,36100.0,debit,INR,Landlord NEFT,NEFT,-2704408.2,Housing::Rent,monthly rent
usr_1a6f351e,acc_icici_c955ea,TXNF332564E1ECC,2025-04-01,283.07,debit,INR,Zomato Dine,UPI,-2885520.56,Food & Drinks::Dining Out,
usr_1a6f351e,acc_ubi_ba25d8,TXN6856E7EE49E3,2025-04-01,56524.03,debit,INR,SBI Life,UPI,-2899104.78,Financial Expenses::Insurance Premium,
usr_1a6f351e,acc_ubi_ba25d8,TXN43138EB048E1,2025-04-02,3033.85,debit,INR,Max Life,UPI,-3076545.27,Financial Expenses::Insurance Premium,
usr_1a6f351e,acc_icici_c955ea,TXN5BB753768E58,2025-04-02,53071.49,debit,INR,Tata Power,UPI,-4029395.51,Housing::Utilities,
usr_1a6f351e,acc_icici_c955ea,TXN8268DE00A4F5,2025-04-03,29900.0,debit,INR,SBI Home Loan,NEFT,-2663550.58,Financial Expenses::Loan EMI,monthly EMI
usr_1a6f351e,acc_icici_c955ea,TXN78FDA9A7D2F1,2025-04-03,26235.14,debit,INR,Cook Salary,cash,-2772105.18,Housing::Domestic Help,
usr_1a6f351e,acc_ubi_ba25d8,TXN5A1651CB9E8F,2025-04-03,12543.97,debit,INR,Landlord NEFT,NEFT,-2864572.88,Housing::Rent,
usr_1a6f351e,acc_icici_c955ea,TXN8217DA913E6C,2025-04-03,37275.47,debit,INR,Cook Salary,cash,-2940694.79,Housing::Domestic Help,quarterly maintenance
usr_1a6f351e,acc_ubi_ba25d8,TXN2C1EC49734A2,2025-04-03,7891.87,debit,INR,Air India,card,-2955628.81,Transportation::Flight & Train,office commute
usr_1a6f351e,acc_ubi_ba25d8,TXNA3CFC5653555,2025-04-03,1488.0,debit,INR,Dunzo,UPI,-3122672.71,Food & Drinks::Food Delivery,
usr_1a6f351e,acc_ubi_ba25d8,TXNCEE68563ADE4,2025-04-03,10392.8,debit,INR,Air India,card,-3375233.28,Transportation::Flight & Train,airport drop
usr_1a6f351e,acc_icici_c955ea,TXNC5224FC6F7A2,2025-04-05,11385.11,debit,INR,SBI FD,NEFT,-2693948.58,Investments::Fixed Deposit,goal-based
usr_1a6f351e,acc_icici_c955ea,TXN046726AA30B7,2025-04-05,35915.5,debit,INR,Airport Parking,card,-3248269.15,Transportation::Parking,weekend trip
usr_1a6f351e,acc_icici_c955ea,TXNF0274276A050,2025-04-05,41111.39,debit,INR,Income Tax Portal,UPI,-3505938.17,Financial Expenses::Tax Payment,monthly EMI
usr_1a6f351e,acc_icici_c955ea,TXN80A0023A0672,2025-04-05,43318.18,debit,INR,BookMyShow,UPI,-3924796.94,Life & Entertainment::Movies & Events,movie night
usr_1a6f351e,acc_icici_c955ea,TXN68E53FA2AC32,2025-04-06,399.0,debit,INR,Jio Fiber,UPI,-2693450.58,Life & Entertainment::Subscriptions,
usr_1a6f351e,acc_ubi_ba25d8,TXN1E1CF08D10E5,2025-04-06,1167.11,debit,INR,HPCL,UPI,-2897937.67,Transportation::Fuel,weekend trip
usr_1a6f351e,acc_ubi_ba25d8,TXN3E9419B13B9D,2025-04-06,17828.38,debit,INR,Amazon Books,UPI,-3104844.33,Shopping::Books & Stationery,
usr_1a6f351e,acc_icici_c955ea,TXNC484BC6F15A3,2025-04-07,11938.28,debit,INR,ICICI Direct,UPI,-2705333.69,Investments::Stock Purchase,
usr_1a6f351e,acc_ubi_ba25d8,TXN5E0B841DE3E3,2025-04-07,55954.49,debit,INR,BESCOM,UPI,-2963520.68,Housing::Utilities,
usr_1a6f351e,acc_icici_c955ea,TXNC7582A1893EB,2025-04-07,29454.04,debit,INR,Booking.com,card,-3547049.56,Life & Entertainment::Travel & Hotels,family outing
usr_1a6f351e,acc_ubi_ba25d8,TXND28663445E28,2025-04-08,299.0,debit,INR,Hotstar,UPI,-2742493.7,Life & Entertainment::Subscriptions,
usr_1a6f351e,acc_icici_c955ea,TXNF02346325BAF,2025-04-08,46331.2,debit,INR,Carpenter,cash,-2894363.59,Housing::Maintenance & Repairs,urgent repair
usr_1a6f351e,acc_icici_c955ea,TXN14E473986C25,2025-04-08,21636.92,debit,INR,Amazon,UPI,-3040142.13,Housing::Household Supplies,quarterly maintenance
usr_1a6f351e,acc_icici_c955ea,TXNFFBD07A5449A,2025-04-08,550.16,debit,INR,Vijay Sales,card,-3921296.85,Shopping::Electronics,birthday gift
usr_1a6f351e,acc_icici_c955ea,TXND1CAC141F2E4,2025-04-09,48617.12,debit,INR,Income Tax Portal,UPI,-3089333.45,Financial Expenses::Tax Payment,
usr_1a6f351e,acc_icici_c955ea,TXN87C677013773,2025-04-09,22317.78,debit,INR,Amazon,UPI,-3895759.2,Housing::Household Supplies,quarterly maintenance
usr_1a6f351e,acc_ubi_ba25d8,TXNC3931AA06AB0,2025-04-09,31198.73,debit,INR,Amazon,UPI,-3392470.94,Housing::Household Supplies,
usr_1a6f351e,acc_ubi_ba25d8,TXN1E3EE5EF5317,2025-04-10,299.0,debit,INR,Amazon Prime,card,-2742194.7,Life & Entertainment::Subscriptions,
usr_1a6f351e,acc_ubi_ba25d8,TXN8D10AABF039B,2025-04-10,499.0,debit,INR,Airtel,UPI,-2742792.7,Life & Entertainment::Subscriptions,
usr_1a6f351e,acc_icici_c955ea,TXNBCC9F68FDAFE,2025-04-10,33395.19,debit,INR,Maid Salary,cash,-2830245.86,Housing::Domestic Help,quarterly maintenance
usr_1a6f351e,acc_icici_c955ea,TXN15B9BE723931,2025-04-10,16617.56,debit,INR,Pepperfry,UPI,-3139687.61,Housing::Furniture,
usr_1a6f351e,acc_icici_c955ea,TXNAAEAF08C9AE6,2025-04-10,2822.95,debit,INR,Third Wave Coffee,card,-3968115.12,Food & Drinks::Cafes & Coffee,
usr_1a6f351e,acc_icici_c955ea,TXNE3FEF7613B19,2025-04-11,99.0,debit,INR,Apple Music,card,-2693849.58,Life & Entertainment::Subscriptions,
usr_1a6f351e,acc_ubi_ba25d8,TXN56E4E1A49AC7,2025-04-11,11880.18,debit,INR,NPS Tier-2,NEFT,-2743291.7,Investments::PPF / NPS,
usr_1a6f351e,acc_icici_c955ea,TXN6EB9ECE9ACF8,2025-04-11,8202.25,debit,INR,Local Store,cash,-2886161.34,Housing::Household Supplies,monthly bill
usr_1a6f351e,acc_icici_c955ea,TXN1533AC00D406,2025-04-11,33610.5,debit,INR,Local Gym,cash,-3625692.02,Life & Entertainment::Gym & Sports,
usr_1a6f351e,acc_icici_c955ea,TXNAAB75F8BFF88,2025-04-12,12686.04,debit,INR,Flipkart Gift,UPI,-3493252.13,Life & Entertainment::Gifting,date night
usr_1a6f351e,acc_icici_c955ea,TXNBF0DEFCC4487,2025-04-12,17352.23,debit,INR,Chemist Warehouse,cash,-3822108.87,Shopping::Personal Care,
usr_1a6f351e,acc_icici_c955ea,TXNB5042CA9080F,2025-04-12,45869.19,debit,INR,Local Gym,cash,-3843701.2,Life & Entertainment::Gym & Sports,annual plan
usr_1a6f351e,acc_icici_c955ea,TXNA5309C669D1F,2025-04-13,115832.86,debit,INR,Income Tax Portal,UPI,-3284184.65,Financial Expenses::Tax Payment,
usr_1a6f351e,acc_ubi_ba25d8,TXNA84A3E4D71BD,2025-04-13,48290.36,debit,INR,Landlord NEFT,NEFT,-3151920.45,Housing::Rent,
usr_1a6f351e,acc_ubi_ba25d8,TXND29F4522B01D,2025-04-13,8601.81,debit,INR,BWSSB,UPI,-3200210.81,Housing::Utilities,monthly bill
usr_1a6f351e,acc_icici_c955ea,TXND72A15D6ED6B,2025-04-13,2949.93,debit,INR,Chaayos,UPI,-3921847.01,Food & Drinks::Cafes & Coffee,office snacks
usr_1a6f351e,acc_ubi_ba25d8,TXN4323BC93536F,2025-04-15,1686.5,debit,INR,BESCOM,UPI,-2740508.2,Housing::Utilities,
usr_1a6f351e,acc_icici_c955ea,TXNA4AFF1C7CF88,2025-04-15,91963.98,debit,INR,HDFC CC Bill,NEFT,-3156305.17,Financial Expenses::Credit Card Bill,
usr_1a6f351e,acc_ubi_ba25d8,TXNEAD95B5C3FEC,2025-04-15,13774.95,debit,INR,IKEA,card,-3091069.38,Housing::Furniture,
usr_1a6f351e,acc_ubi_ba25d8,TXN0DB63D3B1FA2,2025-04-16,40922.55,debit,INR,Pepperfry,UPI,-2755171.88,Housing::Furniture,urgent repair
usr_1a6f351e,acc_icici_c955ea,TXN582387D0274C,2025-04-16,25474.83,debit,INR,Local Gym,cash,-3014667.3,Life & Entertainment::Gym & Sports,trial membership
usr_1a6f351e,acc_icici_c955ea,TXNF8AED063842A,2025-04-17,6188.81,debit,INR,BESCOM,UPI,-3889570.39,Housing::Utilities,quarterly maintenance
usr_1a6f351e,acc_ubi_ba25d8,TXN658A7EE7B27E,2025-04-18,27759.74,debit,INR,Adani Electricity,UPI,-3124160.71,Housing::Utilities,
usr_1a6f351e,acc_icici_c955ea,TXNEBE9A6C283BC,2025-04-19,10744.73,debit,INR,SBI Auto Loan,NEFT,-2761360.45,Vehicle::Vehicle EMI,
usr_1a6f351e,acc_icici_c955ea,TXNCE1CD92B5AC0,2025-04-19,73417.18,debit,INR,Axis Charges,debit,-3724568.87,Financial Expenses::Bank Charges,
usr_1a6f351e,acc_icici_c955ea,TXNB9AD34A95CA1,2025-04-20,39440.92,debit,INR,ICICI CC Bill,NEFT,-2717271.97,Financial Expenses::Credit Card Bill,
usr_1a6f351e,acc_icici_c955ea,TXN45A53A66A666,2025-04-21,89769.95,debit,INR,HDFC CC Bill,NEFT,-3400017.51,Financial Expenses::Credit Card Bill,due payment
usr_1a6f351e,acc_ubi_ba25d8,TXNDD5B95DF8E24,2025-04-21,16712.29,debit,INR,Local Gift Shop,cash,-3246896.15,Life & Entertainment::Gifting,movie night
usr_1a6f351e,acc_icici_c955ea,TXN5DD4E1282023,2025-04-22,31905.54,debit,INR,Security Tip,cash,-2798340.32,Housing::Domestic Help,urgent repair
usr_1a6f351e,acc_icici_c955ea,TXN3E4445B98D33,2025-04-22,12738.42,debit,INR,HDFC Life,UPI,-3576503.6,Financial Expenses::Insurance Premium,
usr_1a6f351e,acc_icici_c955ea,TXN8BE84F7F2D23,2025-04-22,18529.82,debit,INR,Booking.com,card,-3706039.05,Life & Entertainment::Travel & Hotels,
usr_1a6f351e,acc_icici_c955ea,TXNA02669083EF2,2025-04-23,357.71,debit,INR,DMart,UPI,-2885803.63,Food & Drinks::Groceries,
usr_1a6f351e,acc_icici_c955ea,TXN6E03BA8E22DA,2025-04-24,27554.4,debit,INR,SBI Home Loan,NEFT,-3061779.05,Financial Expenses::Loan EMI,
usr_1a6f351e,acc_ubi_ba25d8,TXN464958FC6F86,2025-04-24,15472.05,debit,INR,IKEA,card,-3061073.22,Shopping::Home & Kitchen,anniversary
usr_1a6f351e,acc_icici_c955ea,TXN727B23FFBEB2,2025-04-24,36450.0,debit,INR,Pepperfry,UPI,-3589242.02,Housing::Furniture,urgent repair
usr_1a6f351e,acc_ubi_ba25d8,TXNEEAE220DC5FF,2025-04-25,35831.09,debit,INR,HDFC Auto Loan,NEFT,-2828741.79,Vehicle::Vehicle EMI,tyre change
usr_1a6f351e,acc_icici_c955ea,TXN1F4A4E3BC130,2025-04-25,1737.04,debit,INR,Flipkart,UPI,-3137950.57,Shopping::Online Shopping,birthday gift
usr_1a6f351e,acc_icici_c955ea,TXNA21AF4344863,2025-04-25,3464.67,debit,INR,Mumbai Metro,UPI,-3489787.46,Transportation::Metro & Bus,
usr_1a6f351e,acc_ubi_ba25d8,TXNA6ABAC8475D3,2025-04-25,11490.26,debit,INR,Pepperfry,UPI,-3079579.12,Shopping::Home & Kitchen,
usr_1a6f351e,acc_icici_c955ea,TXN15ECE9CAE513,2025-04-25,24122.82,debit,INR,Local Gift Shop,cash,-3797986.05,Life & Entertainment::Gifting,date night
usr_1a6f351e,acc_icici_c955ea,TXNFC7CD6F2CC37,2025-04-26,21879.51,debit,INR,OYO,UPI,-2863641.05,Life & Entertainment::Travel & Hotels,
usr_1a6f351e,acc_icici_c955ea,TXNBC4370F4D84E,2025-04-26,15072.24,debit,INR,Axis Charges,debit,-2999595.06,Financial Expenses::Bank Charges,due payment
usr_1a6f351e,acc_icici_c955ea,TXN18AC3BF02B38,2025-04-26,46736.53,debit,INR,OYO,UPI,-3659302.52,Life & Entertainment::Travel & Hotels,trial membership
usr_1a6f351e,acc_ubi_ba25d8,TXN98F691BBFBE5,2025-04-26,38083.53,debit,INR,Big Bazaar,UPI,-3208812.62,Housing::Household Supplies,
usr_1a6f351e,acc_icici_c955ea,TXNE5E60560A938,2025-04-26,3219.87,debit,INR,Dunzo,UPI,-3918076.98,Food & Drinks::Food Delivery,family dinner
usr_1a6f351e,acc_ubi_ba25d8,TXN243A782E590D,2025-04-26,6844.86,debit,INR,Carpenter,cash,-3385626.08,Housing::Maintenance & Repairs,quarterly maintenance
usr_1a6f351e,acc_ubi_ba25d8,TXN057A64CE0AC6,2025-04-27,3687.6,debit,INR,Landlord NEFT,NEFT,-2796094.43,Housing::Rent,
usr_1a6f351e,acc_ubi_ba25d8,TXN96760BBD7397,2025-04-27,2660.71,debit,INR,Theobroma,card,-3263608.44,Food & Drinks::Bakery & Snacks,birthday dinner
usr_1a6f351e,acc_icici_c955ea,TXN643B5960BBA4,2025-04-27,58457.44,debit,INR,NoBroker Rent,UPI,-3970938.07,Housing::Rent,
usr_1a6f351e,acc_icici_c955ea,TXNDE9EADFFB3B1,2025-04-28,4556.17,debit,INR,Monginis,cash,-2977970.26,Food & Drinks::Bakery & Snacks,
usr_1a6f351e,acc_icici_c955ea,TXN3ECE16BFDDF7,2025-04-28,4240.1,debit,INR,Local Plumber,cash,-3839461.1,Housing::Maintenance & Repairs,monthly bill
usr_1a6f351e,acc_ubi_ba25d8,TXNED4464429513,2025-04-28,108964.13,debit,INR,SBI Life,UPI,-3266269.15,Financial Expenses::Insurance Premium,annual premium
usr_1a6f351e,acc_icici_c955ea,TXN0F90A5A8F875,2025-04-29,4647.56,debit,INR,Croma,card,-2756712.89,Shopping::Electronics,
usr_1a6f351e,acc_ubi_ba25d8,TXNF266963D7C73,2025-04-29,28959.76,debit,INR,Airport Parking,card,-2799782.03,Transportation::Parking,weekend trip
usr_1a6f351e,acc_icici_c955ea,TXN17339E719EC3,2025-04-29,17068.63,debit,INR,Urban Ladder,card,-2982526.43,Shopping::Home & Kitchen,
usr_1a6f351e,acc_ubi_ba25d8,TXNA1CBF4992A9D,2025-04-29,41598.05,debit,INR,Carpenter,cash,-3019475.17,Housing::Maintenance & Repairs,monthly bill
usr_1a6f351e,acc_ubi_ba25d8,TXNC8222A2497B6,2025-04-30,20820.82,debit,INR,Pepperfry,UPI,-2877116.85,Housing::Furniture,quarterly maintenance
usr_1e0b12ea,acc_yes_c8a9bf,TXN95677A9ED76F,2025-01-01,464.33,debit,INR,Starbucks,card,118469.96,Food & Drinks::Cafes & Coffee,
usr_1e0b12ea,acc_yes_c8a9bf,TXN3D67FAAD1F1F,2025-01-01,12369.79,debit,INR,Westside,card,20776.72,Shopping::Clothing & Apparel,
usr_1e0b12ea,acc_yes_c8a9bf,TXN67F8931A4E1C,2025-01-02,2798.16,debit,INR,Landlord NEFT,NEFT,49667.6,Housing::Rent,urgent repair
usr_1e0b12ea,acc_yes_c8a9bf,TXN3CA3E10673C1,2025-01-03,38419.84,credit,INR,Employer NEFT,NEFT,99626.53,Income::Salary,
usr_1e0b12ea,acc_yes_c8a9bf,TXN3C978D75F113,2025-01-03,13082.65,debit,INR,Jio Fiber,UPI,113921.5,Housing::Utilities,quarterly maintenance
usr_1e0b12ea,acc_yes_c8a9bf,TXN4D6FE9DECCBB,2025-01-03,8960.56,debit,INR,Vijay Sales,card,70358.24,Shopping::Electronics,planned buy
usr_1e0b12ea,acc_yes_c8a9bf,TXN8736CFD1C0D2,2025-01-03,375.01,debit,INR,Dunzo,UPI,-65231.65,Food & Drinks::Food Delivery,weekend treat
usr_1e0b12ea,acc_yes_c8a9bf,TXNCCFC7DFD12E9,2025-01-04,10700.0,debit,INR,Landlord NEFT,NEFT,138046.37,Housing::Rent,monthly rent
usr_1e0b12ea,acc_yes_c8a9bf,TXNC82959874CCB,2025-01-05,559.0,debit,INR,Swiggy,UPI,46869.44,Food & Drinks::Food Delivery,client dinner
usr_1e0b12ea,acc_yes_c8a9bf,TXNFF446607BC4A,2025-01-06,119.0,debit,INR,Spotify,UPI,126819.24,Life & Entertainment::Subscriptions,
usr_1e0b12ea,acc_yes_c8a9bf,TXN0DC4B8B31CE7,2025-01-06,795.18,debit,INR,Swiggy,UPI,50462.78,Food & Drinks::Food Delivery,family dinner
usr_1e0b12ea,acc_yes_c8a9bf,TXNAB7823A1986C,2025-01-07,129.0,debit,INR,YouTube Premium,UPI,126948.24,Life & Entertainment::Subscriptions,
usr_1e0b12ea,acc_yes_c8a9bf,TXN2B8DC57CE408,2025-01-08,1379.98,debit,INR,Groww SIP,UPI,126700.24,Investments::Mutual Fund SIP,
usr_1e0b12ea,acc_yes_c8a9bf,TXN6B9A6B08E508,2025-01-08,1182.88,debit,INR,Axis FD,NEFT,125320.26,Investments::Fixed Deposit,goal-based
usr_1e0b12ea,acc_yes_c8a9bf,TXN7D1220B03719,2025-01-08,645.9,debit,INR,Social,card,8406.93,Food & Drinks::Dining Out,client dinner
usr_1e0b12ea,acc_yes_c8a9bf,TXNE2ADC5865E4D,2025-01-09,18297.59,debit,INR,Housing Society,NEFT,89692.64,Housing::Rent,quarterly maintenance
usr_1e0b12ea,acc_yes_c8a9bf,TXNC9CB38F7A0AE,2025-01-10,398.13,debit,INR,Jio Fiber,UPI,127346.37,Housing::Utilities,
usr_1e0b12ea,acc_yes_c8a9bf,TXN198D62F71B56,2025-01-10,11146.21,debit,INR,Kotak Charges,debit,100838.85,Financial Expenses::Bank Charges,due payment
usr_1e0b12ea,acc_yes_c8a9bf,TXN0E1CC60E737E,2025-01-11,10461.36,debit,INR,Mumbai Metro,UPI,31238.08,Transportation::Metro & Bus,
usr_1e0b12ea,acc_yes_c8a9bf,TXN74B3BED05E48,2025-01-11,11951.56,debit,INR,Cook Salary,cash,5957.68,Housing::Domestic Help,
usr_1e0b12ea,acc_yes_c8a9bf,TXND65D9C49329C,2025-01-13,903.85,debit,INR,Blinkit,UPI,-65606.66,Food & Drinks::Food Delivery,
usr_1e0b12ea,acc_yes_c8a9bf,TXN2FA37CF7BE43,2025-01-14,851.34,debit,INR,Local Bakery,cash,-21224.88,Food & Drinks::Bakery & Snacks,weekend treat
usr_1e0b12ea,acc_yes_c8a9bf,TXNA8656D959084,2025-01-15,4320.08,debit,INR,LIC Premium,UPI,124137.38,Financial Expenses::Insurance Premium,
usr_1e0b12ea,acc_yes_c8a9bf,TXND534F6BE657B,2025-01-15,10934.9,debit,INR,Adani Electricity,UPI,61397.68,Housing::Utilities,urgent repair
usr_1e0b12ea,acc_yes_c8a9bf,TXNA0D26A60FF47,2025-01-17,1959.27,debit,INR,Zomato,UPI,-5993.88,Food & Drinks::Food Delivery,
usr_1e0b12ea,acc_yes_c8a9bf,TXN5CEDBC7863B4,2025-01-18,15072.36,debit,INR,Rapido,UPI,46310.44,Transportation::Cab & Auto,weekend trip
usr_1e0b12ea,acc_yes_c8a9bf,TXN9BA0A990903E,2025-01-22,4084.13,debit,INR,Decathlon,card,118005.63,Life & Entertainment::Gym & Sports,family outing
usr_1e0b12ea,acc_yes_c8a9bf,TXN6288965FE4E7,2025-01-22,1036.81,debit,INR,Zepto,UPI,71395.05,Food & Drinks::Groceries,office snacks
usr_1e0b12ea,acc_yes_c8a9bf,TXN9A4578CD3DDE,2025-01-22,27849.34,debit,INR,NoBroker Rent,UPI,-37382.31,Housing::Rent,quarterly maintenance
usr_1e0b12ea,acc_yes_c8a9bf,TXN388FC4747294,2025-01-23,15306.09,debit,INR,BMTC,UPI,-22076.22,Transportation::Metro & Bus,
usr_1e0b12ea,acc_yes_c8a9bf,TXN6D8D09DE6BC9,2025-01-27,674.73,debit,INR,DMart,UPI,-7953.15,Food & Drinks::Groceries,weekend treat
usr_1e0b12ea,acc_yes_c8a9bf,TXNBA5221FA9717,2025-01-27,12597.0,debit,INR,Maid Salary,cash,-8627.88,Housing::Domestic Help,
usr_1e0b12ea,acc_yes_c8a9bf,TXNC0886C886FA3,2025-01-29,1803.35,debit,INR,Blinkit,UPI,7761.03,Food & Drinks::Food Delivery,office snacks
usr_1e0b12ea,acc_yes_c8a9bf,TXNE00A2DBD0690,2025-01-30,1347.34,debit,INR,TASMAC,cash,119817.3,Food & Drinks::Alcohol & Bars,family dinner
usr_1e0b12ea,acc_yes_c8a9bf,TXNF404B3378DD9,2025-01-31,23321.04,debit,INR,Housing Society,NEFT,-56502.42,Housing::Rent,monthly bill
usr_1e0b12ea,acc_yes_c8a9bf,TXN538D7CE2E755,2025-01-31,1932.19,debit,INR,BigBasket,UPI,-86708.89,Food & Drinks::Groceries,team lunch
usr_1e0b12ea,acc_yes_c8a9bf,TXNFCE78D319147,2025-02-01,38758.67,credit,INR,Employer NEFT,NEFT,-66510.51,Income::Salary,referral bonus
usr_1e0b12ea,acc_yes_c8a9bf,TXNC2A6C9AA9753,2025-02-01,3964.63,debit,INR,Income Tax Portal,UPI,-50477.93,Financial Expenses::Tax Payment,
usr_1e0b12ea,acc_yes_c8a9bf,TXNFEF316EED714,2025-02-02,129.0,debit,INR,YouTube Premium,UPI,-39848.36,Life & Entertainment::Subscriptions,
usr_1e0b12ea,acc_yes_c8a9bf,TXN517B0D420DDE,2025-02-02,10741.95,debit,INR,Udemy,card,-143188.06,Life & Entertainment::Education,family outing
usr_1e0b12ea,acc_yes_c8a9bf,TXN677B6C642F9C,2025-02-02,18787.37,debit,INR,Landlord NEFT,NEFT,-153930.01,Housing::Rent,urgent repair
usr_1e0b12ea,acc_yes_c8a9bf,TXN693D86DF2D16,2025-02-02,927.97,credit,INR,Client Transfer,NEFT,-206265.72,Income::Freelance,
usr_1e0b12ea,acc_yes_c8a9bf,TXNABF30DD97171,2025-02-03,10700.0,debit,INR,Landlord NEFT,NEFT,-27751.84,Housing::Rent,monthly rent
usr_1e0b12ea,acc_yes_c8a9bf,TXNB5072B8F4BA1,2025-02-05,1191.7,debit,INR,Axis FD,NEFT,-41460.57,Investments::Fixed Deposit,
usr_1e0b12ea,acc_yes_c8a9bf,TXN8225175F0F76,2025-02-05,12491.64,debit,INR,Airtel,UPI,-193774.08,Housing::Utilities,
usr_1e0b12ea,acc_yes_c8a9bf,TXN04AEE050283B,2025-02-06,119.0,debit,INR,Spotify,UPI,-39977.36,Life & Entertainment::Subscriptions,
usr_1e0b12ea,acc_yes_c8a9bf,TXNEB64FC56D4B1,2025-02-09,1364.21,debit,INR,Groww SIP,UPI,-40096.36,Investments::Mutual Fund SIP,goal-based
usr_1e0b12ea,acc_yes_c8a9bf,TXNA9929FC43A70,2025-02-11,7825.66,debit,INR,Max Life,UPI,-42652.27,Financial Expenses::Insurance Premium,
usr_1e0b12ea,acc_yes_c8a9bf,TXN06DAAB26F793,2025-02-12,5648.4,debit,INR,HPCL,UPI,-97907.08,Transportation::Fuel,office commute
usr_1e0b12ea,acc_yes_c8a9bf,TXNB1DA0B914491,2025-02-14,1396.52,debit,INR,Airtel,UPI,-38451.84,Housing::Utilities,
usr_1e0b12ea,acc_yes_c8a9bf,TXN06F00E44252B,2025-02-14,7624.64,debit,INR,SpiceJet,card,-90282.44,Transportation::Flight & Train,office commute
usr_1e0b12ea,acc_yes_c8a9bf,TXN6A24CF3990CF,2025-02-15,1859.91,debit,INR,Blinkit,UPI,-141328.15,Food & Drinks::Food Delivery,
usr_1e0b12ea,acc_yes_c8a9bf,TXN74DF7749ED89,2025-02-17,26287.14,debit,INR,Security Tip,cash,-115041.01,Housing::Domestic Help,
usr_1e0b12ea,acc_yes_c8a9bf,TXN59B9633C7E47,2025-02-18,6885.43,debit,INR,Chemist Warehouse,cash,-79823.46,Shopping::Personal Care,
usr_1e0b12ea,acc_yes_c8a9bf,TXNEA057C9A8AB5,2025-02-19,11485.53,debit,INR,UrbanClap,UPI,-103555.48,Housing::Maintenance & Repairs,quarterly maintenance
usr_1e0b12ea,acc_yes_c8a9bf,TXN6F86A5189561,2025-02-22,21056.7,debit,INR,Security Tip,cash,-172717.38,Housing::Domestic Help,quarterly maintenance
usr_1e0b12ea,acc_yes_c8a9bf,TXN33C2FD1DE8AA,2025-02-23,2059.86,debit,INR,Chaayos,UPI,-54442.56,Food & Drinks::Cafes & Coffee,office snacks
usr_1e0b12ea,acc_yes_c8a9bf,TXNB3145D809ABA,2025-02-25,1641.36,debit,INR,Local Restaurant,cash,-88641.08,Food & Drinks::Dining Out,weekly groceries
usr_1e0b12ea,acc_yes_c8a9bf,TXN75169D4BDB64,2025-03-02,39500.93,credit,INR,Employer NEFT,NEFT,-205337.75,Income::Salary,monthly salary
usr_1e0b12ea,acc_yes_c8a9bf,TXN9078AD84660E,2025-03-02,18218.28,debit,INR,Amazon Prime,card,-438247.77,Life & Entertainment::Subscriptions,family outing
usr_1e0b12ea,acc_yes_c8a9bf,TXNB508283AC00D,2025-03-04,10700.0,debit,INR,Housing Society,NEFT,-165836.82,Housing::Rent,monthly rent
usr_1e0b12ea,acc_yes_c8a9bf,TXN34C9C1478D67,2025-03-04,28751.01,debit,INR,Security Tip,cash,-248299.15,Housing::Domestic Help,quarterly maintenance
usr_1e0b12ea,acc_yes_c8a9bf,TXN0018F5540106,2025-03-05,129.0,debit,INR,YouTube Premium,UPI,-177762.72,Life & Entertainment::Subscriptions,
usr_1e0b12ea,acc_yes_c8a9bf,TXN4F765161A97E,2025-03-05,30950.97,debit,INR,Security Tip,cash,-314434.63,Housing::Domestic Help,
usr_1e0b12ea,acc_yes_c8a9bf,TXNC4AC0A965E42,2025-03-06,4748.59,debit,INR,SpiceJet,card,-309686.04,Transportation::Flight & Train,office commute
usr_1e0b12ea,acc_yes_c8a9bf,TXND10484DA7546,2025-03-07,1225.9,debit,INR,Airtel,UPI,-176536.82,Housing::Utilities,
usr_1e0b12ea,acc_yes_c8a9bf,TXNFAA4F0E62C26,2025-03-09,1430.8,debit,INR,Groww SIP,UPI,-178010.72,Investments::Mutual Fund SIP,goal-based
usr_1e0b12ea,acc_yes_c8a9bf,TXNC773155E7BB8,2025-03-09,1235.56,debit,INR,Axis FD,NEFT,-179441.52,Investments::Fixed Deposit,tax saving
usr_1e0b12ea,acc_yes_c8a9bf,TXN0615C98AE629,2025-03-10,8260.83,debit,INR,Auto,cash,-402830.96,Transportation::Cab & Auto,client visit
usr_1e0b12ea,acc_yes_c8a9bf,TXNEC0E27F31F2C,2025-03-11,119.0,debit,INR,Spotify,UPI,-177891.72,Life & Entertainment::Subscriptions,
usr_1e0b12ea,acc_yes_c8a9bf,TXN42149231E671,2025-03-12,14751.54,debit,INR,Housing Society,NEFT,-232799.65,Housing::Rent,
usr_1e0b12ea,acc_yes_c8a9bf,TXNAB3D3E61CA9E,2025-03-12,5185.39,debit,INR,Reliance Digital,card,-301422.01,Shopping::Electronics,planned buy
usr_1e0b12ea,acc_yes_c8a9bf,TXNC40681489306,2025-03-12,16940.01,debit,INR,BESCOM,UPI,-345385.6,Housing::Utilities,quarterly maintenance
usr_1e0b12ea,acc_yes_c8a9bf,TXN7D326A98CE67,2025-03-13,14603.65,debit,INR,BEST,UPI,-218196.0,Transportation::Metro & Bus,client visit
usr_1e0b12ea,acc_yes_c8a9bf,TXN0675E1D1D694,2025-03-13,507.04,debit,INR,JioMart,UPI,-306607.4,Food & Drinks::Groceries,team lunch
usr_1e0b12ea,acc_yes_c8a9bf,TXNF3C340C145D5,2025-03-14,19177.71,debit,INR,Cook Salary,cash,-419070.06,Housing::Domestic Help,quarterly maintenance
usr_1e0b12ea,acc_yes_c8a9bf,TXNB7309D7A2214,2025-03-16,747.96,debit,INR,Cafe Coffee Day,UPI,-247551.19,Food & Drinks::Cafes & Coffee,birthday dinner
usr_1e0b12ea,acc_yes_c8a9bf,TXN053C249F6941,2025-03-17,811.12,debit,INR,Blinkit,UPI,-307114.44,Food & Drinks::Groceries,team lunch
usr_1e0b12ea,acc_yes_c8a9bf,TXN2983E3C0D0CE,2025-03-17,1760.48,debit,INR,Haldiram's,UPI,-307925.56,Food & Drinks::Dining Out,client dinner
usr_1e0b12ea,acc_yes_c8a9bf,TXNECD314DAF20C,2025-03-18,586.24,debit,INR,Monginis,cash,-195504.7,Food & Drinks::Bakery & Snacks,family dinner
usr_1e0b12ea,acc_yes_c8a9bf,TXNBE0ADDB52B20,2025-03-18,7978.27,debit,INR,Booking.com,card,-411091.79,Life & Entertainment::Travel & Hotels,annual plan
usr_1e0b12ea,acc_yes_c8a9bf,TXN16B3787BDB2F,2025-03-21,22105.06,debit,INR,BESCOM,UPI,-196090.94,Housing::Utilities,
usr_1e0b12ea,acc_yes_c8a9bf,TXN0F0A16F78FBA,2025-03-22,1448.52,debit,INR,Ajio,UPI,-194056.18,Shopping::Clothing & Apparel,birthday gift
usr_1e0b12ea,acc_yes_c8a9bf,TXNC5518148B648,2025-03-22,24371.85,debit,INR,IKEA,card,-277050.16,Housing::Furniture,
usr_1e0b12ea,acc_yes_c8a9bf,TXN69F58FEE8287,2025-03-22,37042.36,debit,INR,Bajaj Finance,NEFT,-365788.6,Financial Expenses::Loan EMI,due payment
usr_1e0b12ea,acc_yes_c8a9bf,TXN7CD2014CB666,2025-03-25,13254.33,debit,INR,PVR Cinemas,card,-180677.08,Life & Entertainment::Movies & Events,
usr_1e0b12ea,acc_yes_c8a9bf,TXN34449F5E86C4,2025-03-27,124.77,debit,INR,Local Restaurant,cash,-193931.41,Food & Drinks::Dining Out,team lunch
usr_1e0b12ea,acc_yes_c8a9bf,TXN957CB13C3D81,2025-03-27,1004.98,credit,INR,PhonePe Reward,NEFT,-456466.05,Income::Bonus,
usr_1e0b12ea,acc_yes_c8a9bf,TXN1796E41A6B3F,2025-03-30,3462.99,debit,INR,FASTag NHAI,IMPS,-362325.61,Transportation::Toll,
usr_1e0b12ea,acc_yes_c8a9bf,TXNCA4B70D36220,2025-04-01,38410.4,credit,INR,Employer NEFT,NEFT,-455461.07,Income::Salary,referral bonus
usr_1e0b12ea,acc_yes_c8a9bf,TXNF92ADBC8200E,2025-04-01,10700.0,debit,INR,Landlord NEFT,NEFT,-417050.67,Housing::Rent,monthly rent
usr_1e0b12ea,acc_yes_c8a9bf,TXN736392870BC9,2025-04-01,4446.58,debit,INR,Amazon,UPI,-481324.86,Shopping::Online Shopping,birthday gift
usr_1e0b12ea,acc_yes_c8a9bf,TXNA8D93A4D2D5B,2025-04-02,2416.24,debit,INR,Starbucks,card,-493034.18,Food & Drinks::Cafes & Coffee,post-gym meal
usr_1e0b12ea,acc_yes_c8a9bf,TXNA138EAFD5735,2025-04-04,129.0,debit,INR,YouTube Premium,UPI,-428416.16,Life & Entertainment::Subscriptions,
usr_1e0b12ea,acc_yes_c8a9bf,TXNF99E6F7D18CB,2025-04-05,29676.55,debit,INR,Adani Electricity,UPI,-505915.79,Housing::Utilities,
usr_1e0b12ea,acc_yes_c8a9bf,TXNDD9BDBFE1F94,2025-04-06,665.49,debit,INR,BESCOM,UPI,-427750.67,Housing::Utilities,
usr_1e0b12ea,acc_yes_c8a9bf,TXN3DF6CC0F50A1,2025-04-06,119.0,debit,INR,Spotify,UPI,-428545.16,Life & Entertainment::Subscriptions,
usr_1e0b12ea,acc_yes_c8a9bf,TXNEE1281CA1F35,2025-04-06,1234.44,debit,INR,Axis FD,NEFT,-430037.22,Investments::Fixed Deposit,tax saving
usr_1e0b12ea,acc_yes_c8a9bf,TXNF3563493949C,2025-04-07,8155.59,debit,INR,BWSSB,UPI,-436999.93,Housing::Utilities,urgent repair
usr_1e0b12ea,acc_yes_c8a9bf,TXNCB343B5D16E2,2025-04-08,1373.06,debit,INR,Groww SIP,UPI,-428664.16,Investments::Mutual Fund SIP,emergency fund
usr_1e0b12ea,acc_yes_c8a9bf,TXN1238474BF357,2025-04-08,5728.27,debit,INR,SBI Life,UPI,-431271.66,Financial Expenses::Insurance Premium,
usr_1e0b12ea,acc_yes_c8a9bf,TXNA7D01AA71A96,2025-04-09,6958.53,debit,INR,BBMP Parking,UPI,-561870.98,Transportation::Parking,client visit
usr_1e0b12ea,acc_yes_c8a9bf,TXN79A1A0F96216,2025-04-10,1800.73,debit,INR,HDFC Auto Loan,NEFT,-475635.24,Vehicle::Vehicle EMI,scheduled service
usr_1e0b12ea,acc_yes_c8a9bf,TXNF250DF7F5A52,2025-04-11,13801.35,debit,INR,Simplilearn,card,-451656.88,Life & Entertainment::Education,
usr_1e0b12ea,acc_yes_c8a9bf,TXN18A74FA9E95D,2025-04-12,4385.02,debit,INR,Amazon,UPI,-447271.86,Shopping::Online Shopping,anniversary
usr_1e0b12ea,acc_yes_c8a9bf,TXNF3553AC8413D,2025-04-13,10177.01,debit,INR,Vistara,card,-465458.23,Transportation::Flight & Train,client visit
usr_1e0b12ea,acc_yes_c8a9bf,TXNE3A4FC59644D,2025-04-14,2311.29,debit,INR,Zepto,UPI,-535592.34,Food & Drinks::Groceries,office snacks
usr_1e0b12ea,acc_yes_c8a9bf,TXN4D718E432800,2025-04-18,3888.89,debit,INR,Local Plumber,cash,-477435.97,Housing::Maintenance & Repairs,monthly bill
usr_1e0b12ea,acc_yes_c8a9bf,TXND877A37CC16B,2025-04-18,10465.37,debit,INR,Shell,card,-495450.42,Transportation::Fuel,airport drop
usr_1e0b12ea,acc_yes_c8a9bf,TXN4AA25C6ADCD7,2025-04-19,205.51,debit,INR,Chaayos,UPI,-492828.67,Food & Drinks::Cafes & Coffee,
usr_1e0b12ea,acc_yes_c8a9bf,TXN4DEE8F50B394,2025-04-22,7057.23,debit,INR,Rapido,UPI,-485771.44,Transportation::Cab & Auto,weekend trip
usr_1e0b12ea,acc_yes_c8a9bf,TXN99829205BA9A,2025-04-22,23967.35,debit,INR,Flipkart Gift,UPI,-537903.63,Life & Entertainment::Gifting,family outing
usr_1e0b12ea,acc_yes_c8a9bf,TXNA277EA65E0A7,2025-04-30,2116.34,debit,INR,Monginis,cash,-445155.52,Food & Drinks::Bakery & Snacks,post-gym meal
usr_288c3a01,acc_yes_1503b5,TXNA979DCAE2E1E,2025-01-02,116570.55,credit,INR,Employer NEFT,NEFT,74609.66,Income::Salary,monthly salary
usr_288c3a01,acc_yes_1503b5,TXN34CF07041138,2025-01-03,31000.0,debit,INR,Housing Society,NEFT,191180.21,Housing::Rent,monthly rent
usr_288c3a01,acc_yes_1503b5,TXN5D833AC5227A,2025-01-03,65501.59,debit,INR,HDFC CC Bill,NEFT,-129154.43,Financial Expenses::Credit Card Bill,monthly EMI
usr_288c3a01,acc_yes_1503b5,TXN40267063DDC0,2025-01-04,129.0,debit,INR,YouTube Premium,UPI,160180.21,Life & Entertainment::Subscriptions,
usr_288c3a01,acc_sbi_7bc5f2,TXN4FDAD9A64A4C,2025-01-04,199.0,debit,INR,Netflix,card,38515.35,Life & Entertainment::Subscriptions,
usr_288c3a01,acc_sbi_7bc5f2,TXN130E8F85E778,2025-01-04,22519.53,debit,INR,Local Garage,cash,-604524.93,Vehicle::Service & Repair,
usr_288c3a01,acc_sbi_7bc5f2,TXN40E57150DE1E,2025-01-04,3126.95,debit,INR,WB Cakes,UPI,-1085505.98,Food & Drinks::Bakery & Snacks,
usr_288c3a01,acc_sbi_7bc5f2,TXNCC946C5247AF,2025-01-05,30641.26,debit,INR,Vahan Portal,UPI,-477609.1,Vehicle::Registration & Tax,
usr_288c3a01,acc_sbi_7bc5f2,TXN082D2E5F0B95,2025-01-05,21185.83,debit,INR,PVR Cinemas,card,-531962.0,Life & Entertainment::Movies & Events,family outing
usr_288c3a01,acc_sbi_7bc5f2,TXN5C290BF4AD9E,2025-01-06,99.0,debit,INR,Apple Music,card,38614.35,Life & Entertainment::Subscriptions,
usr_288c3a01,acc_sbi_7bc5f2,TXNCDDABD7B25C2,2025-01-06,8631.07,debit,INR,Nykaa,UPI,-652808.75,Shopping::Personal Care,
usr_288c3a01,acc_yes_1503b5,TXNACF3E137EBF6,2025-01-06,31153.63,debit,INR,SBI CC Bill,NEFT,-428381.78,Financial Expenses::Credit Card Bill,annual premium
usr_288c3a01,acc_sbi_7bc5f2,TXN2761B0CF3F50,2025-01-06,24357.95,debit,INR,DMRC,UPI,-932646.31,Transportation::Metro & Bus,client visit
usr_288c3a01,acc_sbi_7bc5f2,TXNDBB0B94C26B6,2025-01-07,1977.71,debit,INR,Amazon Books,UPI,-160830.21,Shopping::Books & Stationery,planned buy
usr_288c3a01,acc_sbi_7bc5f2,TXN892A05F2074B,2025-01-07,29101.91,debit,INR,HDFC CC Bill,NEFT,-903544.4,Financial Expenses::Credit Card Bill,annual premium
usr_288c3a01,acc_yes_1503b5,TXNB6D95F5CF115,2025-01-07,1309.71,debit,INR,TASMAC,cash,-555694.94,Food & Drinks::Alcohol & Bars,weekly groceries
usr_288c3a01,acc_yes_1503b5,TXNA0727438FA0A,2025-01-08,5903.38,debit,INR,HDFC RD,NEFT,138282.77,Investments::RD,lump sum
usr_288c3a01,acc_yes_1503b5,TXN89E212A5C7E0,2025-01-09,6886.37,debit,INR,PPF Account,NEFT,153336.05,Investments::PPF / NPS,lump sum
usr_288c3a01,acc_yes_1503b5,TXN659241FA4C81,2025-01-09,23712.26,debit,INR,Local Gift Shop,cash,81567.91,Life & Entertainment::Gifting,trial membership
usr_288c3a01,acc_yes_1503b5,TXND864C8985A02,2025-01-10,4358.85,debit,INR,LIC Premium,UPI,132379.39,Financial Expenses::Insurance Premium,
usr_288c3a01,acc_yes_1503b5,TXN4CCE527DF142,2025-01-10,1172.34,debit,INR,Monginis,cash,-45940.25,Food & Drinks::Bakery & Snacks,
usr_288c3a01,acc_yes_1503b5,TXNF08A23753B6E,2025-01-10,33076.71,debit,INR,Kotak Auto Loan,NEFT,-226537.05,Vehicle::Vehicle EMI,
usr_288c3a01,acc_sbi_7bc5f2,TXN77545A86BC14,2025-01-10,20141.3,debit,INR,Gold's Gym,UPI,-584383.63,Life & Entertainment::Gym & Sports,
usr_288c3a01,acc_sbi_7bc5f2,TXN66A95BA6C30B,2025-01-11,1803.51,debit,INR,Adani Electricity,UPI,40417.86,Housing::Utilities,
usr_288c3a01,acc_yes_1503b5,TXNED25F7E9A3EC,2025-01-11,6715.16,debit,INR,Kotak FD,NEFT,160051.21,Investments::Fixed Deposit,
usr_288c3a01,acc_sbi_7bc5f2,TXN4A2E24F53B9D,2025-01-11,6269.93,debit,INR,DMRC,UPI,-182995.27,Transportation::Metro & Bus,
usr_288c3a01,acc_sbi_7bc5f2,TXNACA6FFBB43E9,2025-01-11,2059.08,debit,INR,Blinkit,UPI,-442323.02,Food & Drinks::Food Delivery,birthday dinner
usr_288c3a01,acc_sbi_7bc5f2,TXN46B0BB76B5B6,2025-01-11,22350.16,debit,INR,IKEA,card,-455258.94,Housing::Furniture,
usr_288c3a01,acc_sbi_7bc5f2,TXN6C683CCFAD00,2025-01-11,29526.84,debit,INR,Axis Charges,debit,-553147.83,Financial Expenses::Bank Charges,monthly EMI
usr_288c3a01,acc_yes_1503b5,TXN278408B0E1E5,2025-01-12,8166.91,debit,INR,HDFC MF,NEFT,146449.68,Investments::Mutual Fund SIP,lump sum
usr_288c3a01,acc_sbi_7bc5f2,TXND6EA504100D5,2025-01-12,8595.34,debit,INR,Auto,cash,-892587.96,Transportation::Cab & Auto,
usr_288c3a01,acc_sbi_7bc5f2,TXN781509329B2C,2025-01-13,1451.9,debit,INR,Cafe Coffee Day,UPI,-651356.85,Food & Drinks::Cafes & Coffee,weekend treat
usr_288c3a01,acc_sbi_7bc5f2,TXNE1A64090D61D,2025-01-13,1604.61,debit,INR,Local Gift Shop,cash,-661439.82,Life & Entertainment::Gifting,
usr_288c3a01,acc_yes_1503b5,TXN326FAB18718D,2025-01-13,77809.98,debit,INR,Axis CC Bill,NEFT,-263068.99,Financial Expenses::Credit Card Bill,
usr_288c3a01,acc_sbi_7bc5f2,TXNF0C17BAD6B76,2025-01-13,9763.78,debit,INR,SBI Life,UPI,-826807.57,Financial Expenses::Insurance Premium,monthly EMI
usr_288c3a01,acc_sbi_7bc5f2,TXN6C9B9EF76709,2025-01-13,56016.61,debit,INR,Landlord NEFT,NEFT,-836571.35,Housing::Rent,urgent repair
usr_288c3a01,acc_sbi_7bc5f2,TXN3A12AD6FFB23,2025-01-13,3118.18,debit,INR,Toll Plaza,cash,-1082387.8,Transportation::Toll,
usr_288c3a01,acc_yes_1503b5,TXN5A20B2265B6E,2025-01-14,23068.84,debit,INR,Security Tip,cash,104636.75,Housing::Domestic Help,monthly bill
usr_288c3a01,acc_sbi_7bc5f2,TXN53BE48467AD9,2025-01-14,21266.81,debit,INR,Tata Power,UPI,-508250.36,Housing::Utilities,quarterly maintenance
usr_288c3a01,acc_sbi_7bc5f2,TXN8225CA58C8A4,2025-01-14,16185.34,debit,INR,Urban Ladder,card,-627044.46,Housing::Furniture,
usr_288c3a01,acc_yes_1503b5,TXNFB74950FB294,2025-01-14,11013.61,debit,INR,HDFC ERGO,UPI,-544681.33,Vehicle::Insurance,
usr_288c3a01,acc_sbi_7bc5f2,TXNF385A145C2DE,2025-01-15,16883.82,debit,INR,ICICI Lombard,UPI,38316.35,Vehicle::Insurance,
usr_288c3a01,acc_sbi_7bc5f2,TXN046098DA7DA8,2025-01-15,29346.28,debit,INR,BMTC,UPI,21432.53,Transportation::Metro & Bus,office commute
usr_288c3a01,acc_sbi_7bc5f2,TXN2251F0FC6C19,2025-01-15,6939.56,debit,INR,UrbanClap,UPI,-176055.71,Housing::Maintenance & Repairs,
usr_288c3a01,acc_sbi_7bc5f2,TXN39BF4655570D,2025-01-15,77152.31,debit,INR,SBI Charges,debit,-189265.2,Financial Expenses::Bank Charges,
usr_288c3a01,acc_yes_1503b5,TXN5E2D7684AE87,2025-01-16,23383.79,debit,INR,Meesho,UPI,128020.54,Shopping::Online Shopping,urgent replacement
usr_288c3a01,acc_yes_1503b5,TXN76FBFCF8BE4D,2025-01-16,61068.26,debit,INR,SBI Home Loan,NEFT,-49875.79,Financial Expenses::Loan EMI,
usr_288c3a01,acc_sbi_7bc5f2,TXNA7D6311469E2,2025-01-16,5531.2,debit,INR,Netflix,card,-804365.67,Life & Entertainment::Subscriptions,
usr_288c3a01,acc_sbi_7bc5f2,TXNEE81455A6927,2025-01-17,1216.86,debit,INR,IKEA,card,-530745.14,Housing::Furniture,quarterly maintenance
usr_288c3a01,acc_sbi_7bc5f2,TXN6459DF843E55,2025-01-17,13968.74,debit,INR,RTO Online,UPI,-663044.43,Vehicle::Registration & Tax,accidental repair
usr_288c3a01,acc_yes_1503b5,TXN32ACD6FA1890,2025-01-17,32500.39,debit,INR,Maruti Service,card,-459535.41,Vehicle::Service & Repair,scheduled service
usr_288c3a01,acc_yes_1503b5,TXNB32352C87A30,2025-01-18,2648.84,debit,INR,LIC HFL,NEFT,-425732.94,Financial Expenses::Loan EMI,annual premium
usr_288c3a01,acc_sbi_7bc5f2,TXNADEE82D5D02D,2025-01-19,1708.96,debit,INR,BigBasket,UPI,-582674.67,Food & Drinks::Groceries,office snacks
usr_288c3a01,acc_yes_1503b5,TXNE78905866935,2025-01-19,27103.96,debit,INR,BESCOM,UPI,-398628.98,Housing::Utilities,
usr_288c3a01,acc_sbi_7bc5f2,TXN8EC911BF18C0,2025-01-19,112686.09,debit,INR,Axis Charges,debit,-969701.71,Financial Expenses::Bank Charges,
usr_288c3a01,acc_yes_1503b5,TXN3FFF63DB4F0B,2025-01-20,22161.42,debit,INR,SBI Auto Loan,NEFT,-557004.65,Vehicle::Vehicle EMI,scheduled service
usr_288c3a01,acc_sbi_7bc5f2,TXNF79446544CB6,2025-01-21,32878.24,debit,INR,Flipkart Gift,UPI,-70743.61,Life & Entertainment::Gifting,
usr_288c3a01,acc_yes_1503b5,TXN2E42B3AACAB2,2025-01-21,1746.71,debit,INR,HDFC Bank Charges,debit,57855.65,Financial Expenses::Bank Charges,annual premium
usr_288c3a01,acc_yes_1503b5,TXN90664CF0FEA6,2025-01-21,2763.2,debit,INR,Local Bakery,cash,-47112.59,Food & Drinks::Bakery & Snacks,
usr_288c3a01,acc_sbi_7bc5f2,TXN306F058EF88E,2025-01-22,100884.05,debit,INR,Advance Tax,NEFT,-266417.51,Financial Expenses::Tax Payment,due payment
usr_288c3a01,acc_sbi_7bc5f2,TXN80829ADC35A4,2025-01-22,75021.46,debit,INR,ICICI CC Bill,NEFT,-367301.56,Financial Expenses::Credit Card Bill,due payment
usr_288c3a01,acc_sbi_7bc5f2,TXNF54CB4FE7DCE,2025-01-22,97899.33,debit,INR,HDFC Bank Charges,debit,-677013.17,Financial Expenses::Bank Charges,
usr_288c3a01,acc_sbi_7bc5f2,TXND0426B12C80B,2025-01-23,57208.36,debit,INR,IKEA,card,-103621.85,Housing::Furniture,urgent repair
usr_288c3a01,acc_yes_1503b5,TXN1C3DC5BDC704,2025-01-23,102049.19,debit,INR,SBI Charges,debit,56108.94,Financial Expenses::Bank Charges,
usr_288c3a01,acc_yes_1503b5,TXNE418A0C6D35B,2025-01-23,31881.03,debit,INR,BYJU'S,UPI,-194656.02,Life & Entertainment::Education,annual plan
usr_288c3a01,acc_yes_1503b5,TXN63E7B84384DE,2025-01-24,3455.23,debit,INR,Rapido,UPI,-259613.76,Transportation::Cab & Auto,weekend trip
usr_288c3a01,acc_yes_1503b5,TXN3D808015FEF5,2025-01-24,5524.06,debit,INR,Purplle,UPI,-539009.38,Shopping::Personal Care,
usr_288c3a01,acc_yes_1503b5,TXNE88AFBFA8AF2,2025-01-24,147.89,debit,INR,Zomato,UPI,-544533.44,Food & Drinks::Food Delivery,family dinner
usr_288c3a01,acc_yes_1503b5,TXN83F52F018DBE,2025-01-25,2602.17,debit,INR,Blue Tokai,UPI,-492035.8,Food & Drinks::Cafes & Coffee,
usr_288c3a01,acc_sbi_7bc5f2,TXNA1EC41004DA5,2025-01-25,6957.11,debit,INR,KSRTC,UPI,-957004.26,Transportation::Metro & Bus,office commute
usr_288c3a01,acc_sbi_7bc5f2,TXN8F29C16949C5,2025-01-26,13247.79,debit,INR,Big Bazaar,UPI,-162807.92,Housing::Household Supplies,
usr_288c3a01,acc_sbi_7bc5f2,TXNE7FDECF121D3,2025-01-26,1227.97,debit,INR,Zepto,UPI,-529517.17,Food & Drinks::Groceries,family dinner
usr_288c3a01,acc_sbi_7bc5f2,TXNAF8406DFE657,2025-01-26,8127.05,debit,INR,BWSSB,UPI,-643229.8,Housing::Utilities,
usr_288c3a01,acc_sbi_7bc5f2,TXN6E84EFD1562D,2025-01-26,2361.1,debit,INR,Toit Brewpub,card,-901183.3,Food & Drinks::Alcohol & Bars,office snacks
usr_288c3a01,acc_yes_1503b5,TXND67716A526F1,2025-01-27,18210.38,debit,INR,Booking.com,card,-110944.05,Life & Entertainment::Travel & Hotels,annual plan
usr_288c3a01,acc_sbi_7bc5f2,TXN57DFD181784D,2025-01-28,62829.86,debit,INR,Income Tax Portal,UPI,-7913.75,Financial Expenses::Tax Payment,due payment
usr_288c3a01,acc_sbi_7bc5f2,TXN4ECE6E5CF881,2025-01-28,29453.17,debit,INR,Indian Oil,UPI,-774912.5,Transportation::Fuel,
usr_288c3a01,acc_sbi_7bc5f2,TXN5D1964F30A67,2025-01-28,16910.7,debit,INR,Income Tax Portal,UPI,-809896.87,Financial Expenses::Tax Payment,due payment
usr_288c3a01,acc_yes_1503b5,TXN225C4614F431,2025-01-28,54497.32,debit,INR,SBI CC Bill,NEFT,-344131.66,Financial Expenses::Credit Card Bill,
usr_288c3a01,acc_sbi_7bc5f2,TXN1CE935D0294D,2025-01-28,5740.34,debit,INR,Landlord NEFT,NEFT,-963961.37,Housing::Rent,
usr_288c3a01,acc_yes_1503b5,TXN7A8C750364C7,2025-01-29,3252.69,debit,INR,The Beer Cafe,card,-340878.97,Food & Drinks::Alcohol & Bars,weekend treat
usr_288c3a01,acc_sbi_7bc5f2,TXND28CA0895CDF,2025-01-30,10876.84,debit,INR,HDFC CC Bill,NEFT,-444382.1,Financial Expenses::Credit Card Bill,due payment
usr_288c3a01,acc_yes_1503b5,TXN421BDC428B97,2025-01-30,44371.41,debit,INR,Pepperfry,UPI,-494637.97,Housing::Furniture,monthly bill
usr_288c3a01,acc_yes_1503b5,TXN6B08391F2907,2025-01-31,118087.83,credit,INR,Employer NEFT,NEFT,-579166.07,Income::Salary,referral bonus
usr_288c3a01,acc_yes_1503b5,TXND94C1AF87F89,2025-01-31,31000.0,debit,INR,Housing Society,NEFT,-461078.24,Housing::Rent,monthly rent
usr_288c3a01,acc_yes_1503b5,TXN1ECF20E45278,2025-01-31,21864.3,debit,INR,RTO Online,UPI,-1142523.24,Vehicle::Registration & Tax,scheduled service
usr_288c3a01,acc_sbi_7bc5f2,TXN7F352390246D,2025-02-02,8747.74,debit,INR,ICICI CC Bill,NEFT,-1603658.83,Financial Expenses::Credit Card Bill,
usr_288c3a01,acc_sbi_7bc5f2,TXNBB64AF9F2D87,2025-02-02,6528.75,debit,INR,Nykaa,UPI,-1892330.79,Shopping::Online Shopping,
usr_288c3a01,acc_yes_1503b5,TXN15647BF004E9,2025-02-03,6515.85,debit,INR,HDFC CC Bill,NEFT,-498898.46,Financial Expenses::Credit Card Bill,annual premium
usr_288c3a01,acc_sbi_7bc5f2,TXNB9418BDCC00A,2025-02-05,129.0,debit,INR,YouTube Premium,UPI,-1091176.0,Life & Entertainment::Subscriptions,
usr_288c3a01,acc_sbi_7bc5f2,TXN4F3D0892537C,2025-02-06,199.0,debit,INR,Netflix,card,-1091305.0,Life & Entertainment::Subscriptions,
usr_288c3a01,acc_sbi_7bc5f2,TXN474BAD44C178,2025-02-06,24563.5,debit,INR,Auto,cash,-1399698.34,Transportation::Cab & Auto,airport drop
usr_288c3a01,acc_sbi_7bc5f2,TXN5F5F86D9C92E,2025-02-06,39356.09,debit,INR,Maid Salary,cash,-1538317.22,Housing::Domestic Help,urgent repair
usr_288c3a01,acc_sbi_7bc5f2,TXN7D80262B9186,2025-02-06,1191.55,debit,INR,Blinkit,UPI,-1734609.0,Food & Drinks::Food Delivery,family dinner
usr_288c3a01,acc_yes_1503b5,TXNC2531D1CFA2C,2025-02-07,99.0,debit,INR,Apple Music,card,-492078.24,Life & Entertainment::Subscriptions,
usr_288c3a01,acc_sbi_7bc5f2,TXNDC029B67CECA,2025-02-07,13946.84,debit,INR,BookMyShow,UPI,-1639029.65,Life & Entertainment::Movies & Events,
usr_288c3a01,acc_sbi_7bc5f2,TXNDB208F9EC105,2025-02-07,13108.15,debit,INR,Vahan Portal,UPI,-1836457.08,Vehicle::Registration & Tax,scheduled service
usr_288c3a01,acc_sbi_7bc5f2,TXN30D35DDC4E2E,2025-02-08,7023.77,debit,INR,PPF Account,NEFT,-1091504.0,Investments::PPF / NPS,tax saving
usr_288c3a01,acc_sbi_7bc5f2,TXN5AEA4D20234E,2025-02-08,5982.72,debit,INR,HDFC RD,NEFT,-1106508.56,Investments::RD,
usr_288c3a01,acc_yes_1503b5,TXND137FC0EE6BE,2025-02-08,40004.14,debit,INR,Cook Salary,cash,-505414.31,Housing::Domestic Help,urgent repair
usr_288c3a01,acc_yes_1503b5,TXN23C7A6E1B1F0,2025-02-09,50426.93,debit,INR,Amazon,UPI,-578592.93,Housing::Household Supplies,
usr_288c3a01,acc_sbi_7bc5f2,TXN0BD1F003843F,2025-02-10,2543.07,debit,INR,Jio Fiber,UPI,-1088632.93,Housing::Utilities,
usr_288c3a01,acc_yes_1503b5,TXNDDED896369E2,2025-02-10,6721.22,debit,INR,Kotak FD,NEFT,-492177.24,Investments::Fixed Deposit,emergency fund
usr_288c3a01,acc_yes_1503b5,TXN4518DC2A1895,2025-02-10,32890.01,debit,INR,ICICI Lombard,UPI,-777138.59,Vehicle::Insurance,accidental repair
usr_288c3a01,acc_sbi_7bc5f2,TXN612231DAD4B3,2025-02-11,25985.52,debit,INR,BWSSB,UPI,-1577673.31,Housing::Utilities,
usr_288c3a01,acc_yes_1503b5,TXN518617147F9C,2025-02-11,32176.43,debit,INR,HDFC Bank Charges,debit,-701191.59,Financial Expenses::Bank Charges,annual premium
usr_288c3a01,acc_yes_1503b5,TXN06BF641DBF39,2025-02-11,107207.79,debit,INR,SBI Charges,debit,-929149.67,Financial Expenses::Bank Charges,monthly EMI
usr_288c3a01,acc_yes_1503b5,TXNE2BD0B27B3CE,2025-02-11,36590.3,debit,INR,Cook Salary,cash,-1036357.46,Housing::Domestic Help,
usr_288c3a01,acc_sbi_7bc5f2,TXNAD2D46C3F41D,2025-02-12,19198.53,debit,INR,SBI Home Loan,NEFT,-1337026.7,Financial Expenses::Loan EMI,
usr_288c3a01,acc_sbi_7bc5f2,TXN83AC934B348E,2025-02-12,38566.2,debit,INR,Axis Loan,NEFT,-1356225.23,Financial Expenses::Loan EMI,annual premium
usr_288c3a01,acc_yes_1503b5,TXN3935B1BCB8E2,2025-02-12,24676.34,debit,INR,FabIndia,UPI,-644807.67,Shopping::Clothing & Apparel,gifting
usr_288c3a01,acc_sbi_7bc5f2,TXN267D832AD2DF,2025-02-13,7980.79,debit,INR,HDFC MF,NEFT,-1098527.77,Investments::Mutual Fund SIP,emergency fund
usr_288c3a01,acc_yes_1503b5,TXNB2F23C97ABAA,2025-02-13,23265.27,debit,INR,SBI Auto Loan,NEFT,-669484.01,Vehicle::Vehicle EMI,
usr_288c3a01,acc_sbi_7bc5f2,TXNC1C54C7DEE20,2025-02-13,36313.84,debit,INR,HDFC Home Loan,NEFT,-1800143.24,Financial Expenses::Loan EMI,due payment
usr_288c3a01,acc_sbi_7bc5f2,TXN4F384711ED3D,2025-02-15,6263.18,debit,INR,LIC Premium,UPI,-1112491.28,Financial Expenses::Insurance Premium,
usr_288c3a01,acc_yes_1503b5,TXN01EC534FD5A4,2025-02-15,42002.98,debit,INR,Urban Ladder,card,-1164387.54,Housing::Furniture,quarterly maintenance
usr_288c3a01,acc_sbi_7bc5f2,TXNB40304575D78,2025-02-16,26205.67,debit,INR,Flipkart Books,UPI,-1310821.03,Shopping::Books & Stationery,birthday gift
usr_288c3a01,acc_sbi_7bc5f2,TXN378E3589A24E,2025-02-16,6282.48,debit,INR,Big Bazaar,UPI,-1735800.55,Housing::Household Supplies,
usr_288c3a01,acc_yes_1503b5,TXNF006AB6CDDCB,2025-02-17,7688.88,debit,INR,HDFC ERGO,UPI,-1206390.52,Vehicle::Insurance,
usr_288c3a01,acc_yes_1503b5,TXN6F8D180A2A73,2025-02-18,26191.2,debit,INR,Urban Ladder,card,-810028.6,Housing::Furniture,
usr_288c3a01,acc_sbi_7bc5f2,TXN2F4EA70181F5,2025-02-18,34524.23,debit,INR,RTO Online,UPI,-1956158.13,Vehicle::Registration & Tax,scheduled service
usr_288c3a01,acc_yes_1503b5,TXN421F77095FC9,2025-02-20,5200.77,debit,INR,FASTag NHAI,IMPS,-695990.82,Transportation::Toll,
usr_288c3a01,acc_sbi_7bc5f2,TXN4A59AED177D8,2025-02-20,2638.98,debit,INR,Blue Tokai,UPI,-1953519.15,Food & Drinks::Cafes & Coffee,birthday dinner
usr_288c3a01,acc_sbi_7bc5f2,TXNE1790F9D66B7,2025-02-20,15325.34,debit,INR,NoBroker Rent,UPI,-1990682.36,Housing::Rent,
usr_288c3a01,acc_yes_1503b5,TXN414B7BF25906,2025-02-21,43770.57,debit,INR,NoBroker Rent,UPI,-733368.02,Housing::Rent,urgent repair
usr_288c3a01,acc_sbi_7bc5f2,TXN70282BE1EFAF,2025-02-21,42765.56,debit,INR,Landlord NEFT,NEFT,-1849565.23,Housing::Rent,quarterly maintenance
usr_288c3a01,acc_sbi_7bc5f2,TXNE60EDE4F72B7,2025-02-22,58060.21,debit,INR,Housing Society,NEFT,-1742083.03,Housing::Rent,
usr_288c3a01,acc_sbi_7bc5f2,TXN530E74DD0481,2025-02-23,46731.35,debit,INR,Maid Salary,cash,-1118754.46,Housing::Domestic Help,
usr_288c3a01,acc_yes_1503b5,TXN4535259127C7,2025-02-24,69575.48,debit,INR,HDFC Life,UPI,-1072947.76,Financial Expenses::Insurance Premium,
usr_288c3a01,acc_yes_1503b5,TXN42B019BE875B,2025-02-24,34383.63,debit,INR,Hotstar,UPI,-1231750.62,Life & Entertainment::Subscriptions,date night
usr_288c3a01,acc_sbi_7bc5f2,TXN1453D4C284BE,2025-02-25,89818.6,debit,INR,Advance Tax,NEFT,-1165485.81,Financial Expenses::Tax Payment,monthly EMI
usr_288c3a01,acc_sbi_7bc5f2,TXN61C33F31393E,2025-02-25,55516.62,debit,INR,Adani Electricity,UPI,-1255304.41,Housing::Utilities,
usr_288c3a01,acc_yes_1503b5,TXNF3BF8AFD7A22,2025-02-25,1878.09,debit,INR,H&M,card,-836219.8,Shopping::Clothing & Apparel,gifting
usr_288c3a01,acc_yes_1503b5,TXN2992F7592938,2025-02-25,17671.22,debit,INR,Vahan Portal,UPI,-1214079.4,Vehicle::Registration & Tax,
usr_288c3a01,acc_sbi_7bc5f2,TXN35EA02FA015D,2025-02-26,54659.61,debit,INR,HDFC Life,UPI,-1898859.54,Financial Expenses::Insurance Premium,
usr_288c3a01,acc_sbi_7bc5f2,TXND38802712F50,2025-02-27,4906.91,debit,INR,Advance Tax,NEFT,-1394791.43,Financial Expenses::Tax Payment,
usr_288c3a01,acc_sbi_7bc5f2,TXN95D0C71C22B5,2025-02-27,26623.08,debit,INR,Local Plumber,cash,-1612406.57,Housing::Maintenance & Repairs,
usr_288c3a01,acc_yes_1503b5,TXNF88F88AE6B85,2025-02-27,15787.81,debit,INR,BookMyShow,UPI,-629019.86,Life & Entertainment::Movies & Events,
usr_288c3a01,acc_yes_1503b5,TXN8869BD3BF839,2025-02-28,21544.63,debit,INR,Spotify,UPI,-545418.45,Life & Entertainment::Subscriptions,trial membership
usr_288c3a01,acc_sbi_7bc5f2,TXNB08C3E3D8BD7,2025-02-28,81632.51,debit,INR,Kotak Charges,debit,-1652976.49,Financial Expenses::Bank Charges,
usr_288c3a01,acc_yes_1503b5,TXN17A7B359EB57,2025-02-28,91051.78,debit,INR,SBI CC Bill,NEFT,-838097.89,Financial Expenses::Credit Card Bill,
usr_288c3a01,acc_sbi_7bc5f2,TXN1A61BDB50474,2025-03-01,114055.38,debit,INR,GST Portal,UPI,-1424261.84,Financial Expenses::Tax Payment,annual premium
usr_288c3a01,acc_yes_1503b5,TXNDD5C02D2D5CF,2025-03-01,11629.85,debit,INR,SBI Life,UPI,-566963.08,Financial Expenses::Insurance Premium,
usr_288c3a01,acc_yes_1503b5,TXNAA553B89BF24,2025-03-01,3241.54,debit,INR,Chaayos,UPI,-692749.28,Food & Drinks::Cafes & Coffee,
usr_288c3a01,acc_yes_1503b5,TXN2E93D7E7250C,2025-03-02,55852.88,debit,INR,IKEA,card,-1456976.27,Housing::Furniture,
usr_288c3a01,acc_sbi_7bc5f2,TXNACEE8D6D7CB3,2025-03-03,117671.64,credit,INR,Employer NEFT,NEFT,-2006007.7,Income::Salary,
usr_288c3a01,acc_sbi_7bc5f2,TXNE5A397D6EB35,2025-03-03,31000.0,debit,INR,Housing Society,NEFT,-1888336.06,Housing::Rent,monthly rent
usr_288c3a01,acc_yes_1503b5,TXNFEB0A62C1B98,2025-03-04,3291.19,debit,INR,Social,card,-1453685.08,Food & Drinks::Dining Out,weekend treat
usr_288c3a01,acc_sbi_7bc5f2,TXNDB1F629751C3,2025-03-05,129.0,debit,INR,YouTube Premium,UPI,-1920661.55,Life & Entertainment::Subscriptions,
usr_288c3a01,acc_sbi_7bc5f2,TXNA447B8A0E2B2,2025-03-05,39439.83,debit,INR,HDFC CC Bill,NEFT,-2068474.58,Financial Expenses::Credit Card Bill,annual premium
usr_288c3a01,acc_yes_1503b5,TXNB09D2BF5A754,2025-03-05,79917.77,debit,INR,SBI Life,UPI,-1512829.15,Financial Expenses::Insurance Premium,
usr_288c3a01,acc_sbi_7bc5f2,TXN82EF619D01EB,2025-03-05,19297.97,debit,INR,Maid Salary,cash,-2681641.85,Housing::Domestic Help,urgent repair
usr_288c3a01,acc_yes_1503b5,TXN5D8D328B5975,2025-03-06,99.0,debit,INR,Apple Music,card,-1266134.25,Life & Entertainment::Subscriptions,
usr_288c3a01,acc_sbi_7bc5f2,TXN54C86A17FD4B,2025-03-06,228.71,debit,INR,Barbeque Nation,card,-1958303.52,Food & Drinks::Dining Out,
usr_288c3a01,acc_yes_1503b5,TXN892D40D60C9F,2025-03-06,30944.19,debit,INR,Tata Power,UPI,-1643774.67,Housing::Utilities,
usr_288c3a01,acc_yes_1503b5,TXNB88F19885E68,2025-03-06,17257.03,debit,INR,ICICI CC Bill,NEFT,-1674718.86,Financial Expenses::Credit Card Bill,
usr_288c3a01,acc_sbi_7bc5f2,TXN250A1B866895,2025-03-06,59885.27,debit,INR,Advance Tax,NEFT,-2269860.43,Financial Expenses::Tax Payment,monthly EMI
usr_288c3a01,acc_yes_1503b5,TXN5F4478DF8110,2025-03-07,199.0,debit,INR,Netflix,card,-1266233.25,Life & Entertainment::Subscriptions,
usr_288c3a01,acc_sbi_7bc5f2,TXN3C0D8467DC34,2025-03-08,1325.49,debit,INR,Tata Power,UPI,-1919336.06,Housing::Utilities,
usr_288c3a01,acc_yes_1503b5,TXNFEA7D03F40BD,2025-03-08,8309.22,debit,INR,Mamaearth,UPI,-1445375.86,Shopping::Personal Care,sale purchase
usr_288c3a01,acc_sbi_7bc5f2,TXN8672CB5BD332,2025-03-09,26078.29,debit,INR,Big Bazaar,UPI,-2585967.74,Housing::Household Supplies,quarterly maintenance
usr_288c3a01,acc_yes_1503b5,TXNEFEB60A889C2,2025-03-10,6818.61,debit,INR,PPF Account,NEFT,-1266432.25,Investments::PPF / NPS,goal-based
usr_288c3a01,acc_yes_1503b5,TXN996EB1A57579,2025-03-11,5988.46,debit,INR,HDFC RD,NEFT,-1281319.21,Investments::RD,goal-based
usr_288c3a01,acc_yes_1503b5,TXNB66E5C95080E,2025-03-11,2980.88,debit,INR,SBI Life,UPI,-1325942.99,Financial Expenses::Insurance Premium,monthly EMI
usr_288c3a01,acc_sbi_7bc5f2,TXN39D124E08F10,2025-03-12,20247.81,debit,INR,Vahan Portal,UPI,-2415714.61,Vehicle::Registration & Tax,
usr_288c3a01,acc_sbi_7bc5f2,TXN85D59EF74151,2025-03-14,6643.64,debit,INR,Kotak FD,NEFT,-1920790.55,Investments::Fixed Deposit,monthly SIP
usr_288c3a01,acc_yes_1503b5,TXNF9DAC97DFB4D,2025-03-14,8068.35,debit,INR,HDFC MF,NEFT,-1273250.86,Investments::Mutual Fund SIP,
usr_288c3a01,acc_yes_1503b5,TXN3608BF7DB0C1,2025-03-14,10361.66,debit,INR,Electrician,cash,-1865922.32,Housing::Maintenance & Repairs,
usr_288c3a01,acc_sbi_7bc5f2,TXNDC3C5E60D5FA,2025-03-14,9239.31,credit,INR,Flipkart Refund,NEFT,-2713579.66,Income::Freelance,
usr_288c3a01,acc_sbi_7bc5f2,TXN520F44C8A0EC,2025-03-15,1044.95,debit,INR,Haldiram's,UPI,-2329745.7,Food & Drinks::Dining Out,post-gym meal
usr_288c3a01,acc_sbi_7bc5f2,TXNE9F67FFC04A0,2025-03-15,2726.33,debit,INR,FASTag NHAI,IMPS,-2612046.03,Transportation::Toll,client visit
usr_288c3a01,acc_sbi_7bc5f2,TXN060A9B146D44,2025-03-16,5879.36,debit,INR,Meesho,UPI,-2435962.42,Shopping::Online Shopping,sale purchase
usr_288c3a01,acc_sbi_7bc5f2,TXNA1E506F58E75,2025-03-16,58286.82,debit,INR,Security Tip,cash,-2614772.36,Housing::Domestic Help,urgent repair
usr_288c3a01,acc_yes_1503b5,TXN79BB61ED9195,2025-03-16,5064.56,debit,INR,Flipkart Books,UPI,-1860857.76,Shopping::Books & Stationery,urgent replacement
usr_288c3a01,acc_sbi_7bc5f2,TXNDCD59BFE3D6A,2025-03-17,32119.97,debit,INR,SBI Home Loan,NEFT,-1958532.23,Financial Expenses::Loan EMI,annual premium
usr_288c3a01,acc_yes_1503b5,TXNCEEF5C0D77C9,2025-03-17,3461.43,debit,INR,WB Cakes,UPI,-1592746.92,Food & Drinks::Bakery & Snacks,office snacks
usr_288c3a01,acc_sbi_7bc5f2,TXN36C8A6E46EE6,2025-03-17,96927.06,debit,INR,ICICI Prudential,UPI,-2107914.41,Financial Expenses::Insurance Premium,annual premium
usr_288c3a01,acc_sbi_7bc5f2,TXN48AECC94E5AA,2025-03-17,11036.08,debit,INR,FASTag NHAI,IMPS,-2247821.95,Transportation::Toll,
usr_288c3a01,acc_sbi_7bc5f2,TXNAE469ACAFB70,2025-03-18,16495.63,debit,INR,IndiGo,card,-2206709.55,Transportation::Flight & Train,client visit
usr_288c3a01,acc_sbi_7bc5f2,TXN2902A474DEB4,2025-03-18,24616.77,debit,INR,Housing Society,NEFT,-2223205.18,Housing::Rent,monthly bill
usr_288c3a01,acc_sbi_7bc5f2,TXN50BF314B61D9,2025-03-18,11002.4,debit,INR,InDrive,UPI,-2258858.03,Transportation::Cab & Auto,client visit
usr_288c3a01,acc_yes_1503b5,TXN19E3A16371AE,2025-03-18,9326.77,debit,INR,Insider.in,UPI,-1754895.72,Life & Entertainment::Movies & Events,
usr_288c3a01,acc_yes_1503b5,TXN3570807DFC59,2025-03-19,9358.46,debit,INR,BPCL Petrol,UPI,-1328923.87,Transportation::Fuel,airport drop
usr_288c3a01,acc_yes_1503b5,TXND3FCC4B7381A,2025-03-19,10228.38,debit,INR,Amazon,UPI,-1850629.38,Housing::Household Supplies,
usr_288c3a01,acc_sbi_7bc5f2,TXN3C9FBB1BAD2C,2025-03-20,25085.18,debit,INR,BWSSB,UPI,-1933218.34,Housing::Utilities,
usr_288c3a01,acc_yes_1503b5,TXN697E95D1BD2A,2025-03-20,6986.95,debit,INR,Landlord NEFT,NEFT,-1691975.89,Housing::Rent,monthly bill
usr_288c3a01,acc_sbi_7bc5f2,TXN796925BE6F80,2025-03-20,29060.93,debit,INR,Housing Society,NEFT,-2441841.78,Housing::Rent,monthly bill
usr_288c3a01,acc_sbi_7bc5f2,TXN407AAB17936A,2025-03-20,12639.84,debit,INR,Cook Salary,cash,-2700939.82,Housing::Domestic Help,quarterly maintenance
usr_288c3a01,acc_yes_1503b5,TXN1D601D20D2BD,2025-03-21,6658.12,debit,INR,HPCL,UPI,-1338282.33,Transportation::Fuel,
usr_288c3a01,acc_sbi_7bc5f2,TXN77DBA85D37A4,2025-03-22,5784.15,debit,INR,HPCL,UPI,-1927434.19,Transportation::Fuel,weekend trip
usr_288c3a01,acc_yes_1503b5,TXN467E5CE21C40,2025-03-22,43678.12,debit,INR,NoBroker Rent,UPI,-1711217.6,Housing::Rent,
usr_288c3a01,acc_sbi_7bc5f2,TXNB5C1FB8B89A1,2025-03-22,65669.38,debit,INR,Advance Tax,NEFT,-2350045.23,Financial Expenses::Tax Payment,due payment
usr_288c3a01,acc_yes_1503b5,TXNA8B82C439882,2025-03-23,100435.41,debit,INR,Kotak Charges,debit,-1344940.45,Financial Expenses::Bank Charges,monthly EMI
usr_288c3a01,acc_sbi_7bc5f2,TXN20B5BD74F19F,2025-03-23,1868.08,debit,INR,Third Wave Coffee,card,-2204841.47,Food & Drinks::Cafes & Coffee,birthday dinner
usr_288c3a01,acc_yes_1503b5,TXN59DBCD2FCA7C,2025-03-23,8187.38,debit,INR,SBI Charges,debit,-1805118.36,Financial Expenses::Bank Charges,
usr_288c3a01,acc_sbi_7bc5f2,TXN0306D0238C18,2025-03-24,63748.42,debit,INR,ICICI CC Bill,NEFT,-2004726.16,Financial Expenses::Credit Card Bill,
usr_288c3a01,acc_sbi_7bc5f2,TXNA8D24979BD1B,2025-03-24,9079.74,debit,INR,UrbanClap,UPI,-2470902.71,Housing::Maintenance & Repairs,urgent repair
usr_288c3a01,acc_sbi_7bc5f2,TXN4B1E4227E007,2025-03-25,15525.37,debit,INR,Flipkart,UPI,-2334519.86,Shopping::Online Shopping,planned buy
usr_288c3a01,acc_sbi_7bc5f2,TXN4B796F422670,2025-03-25,8582.67,debit,INR,Amazon,UPI,-2673059.18,Shopping::Online Shopping,
usr_288c3a01,acc_yes_1503b5,TXN3AB7362B3B6A,2025-03-26,38635.32,debit,INR,HDFC Home Loan,NEFT,-1287307.67,Financial Expenses::Loan EMI,annual premium
usr_288c3a01,acc_sbi_7bc5f2,TXN0A525F93FD59,2025-03-26,3729.21,debit,INR,Dunzo,UPI,-2330790.65,Food & Drinks::Food Delivery,family dinner
usr_288c3a01,acc_yes_1503b5,TXNF387F3ACB670,2025-03-26,12254.76,debit,INR,Security Tip,cash,-1698962.84,Housing::Domestic Help,
usr_288c3a01,acc_sbi_7bc5f2,TXNEACA4A6A9E0E,2025-03-28,105985.29,debit,INR,LIC Premium,UPI,-2479982.45,Financial Expenses::Insurance Premium,
usr_288c3a01,acc_yes_1503b5,TXNB43B47F0F6E6,2025-03-28,37323.64,debit,INR,BWSSB,UPI,-1813305.74,Housing::Utilities,monthly bill
usr_288c3a01,acc_yes_1503b5,TXN681E2D6C27E7,2025-03-28,105360.36,debit,INR,Axis CC Bill,NEFT,-1876283.98,Financial Expenses::Credit Card Bill,
usr_288c3a01,acc_sbi_7bc5f2,TXN427730091B6A,2025-03-29,14073.96,debit,INR,Ola,UPI,-1990652.2,Transportation::Cab & Auto,client visit
usr_288c3a01,acc_yes_1503b5,TXN6FD3A13E557E,2025-03-31,47566.32,debit,INR,Airtel,UPI,-1596208.35,Housing::Utilities,monthly bill
usr_288c3a01,acc_yes_1503b5,TXN9535314E7EB3,2025-03-31,40895.87,debit,INR,LIC Premium,UPI,-1764222.49,Financial Expenses::Insurance Premium,annual premium
usr_288c3a01,acc_sbi_7bc5f2,TXN392DF5D8893A,2025-04-01,119738.77,credit,INR,Employer NEFT,NEFT,-2704340.35,Income::Salary,part-time
usr_288c3a01,acc_sbi_7bc5f2,TXN616D23BF9474,2025-04-01,5083.87,debit,INR,SBI Charges,debit,-2674923.43,Financial Expenses::Bank Charges,
usr_288c3a01,acc_yes_1503b5,TXN405AF5A48B53,2025-04-01,15869.45,debit,INR,Amazon Prime,card,-2304435.81,Life & Entertainment::Subscriptions,annual plan
usr_288c3a01,acc_yes_1503b5,TXN1A45010B9018,2025-04-01,112955.92,debit,INR,GST Portal,UPI,-2419362.87,Financial Expenses::Tax Payment,annual premium
usr_288c3a01,acc_yes_1503b5,TXN2EEEA5548CB5,2025-04-01,6943.82,debit,INR,ICICI Prudential,UPI,-3281710.92,Financial Expenses::Insurance Premium,
usr_288c3a01,acc_yes_1503b5,TXN2240100D40CB,2025-04-02,129.0,debit,INR,YouTube Premium,UPI,-2012743.34,Life & Entertainment::Subscriptions,
usr_288c3a01,acc_yes_1503b5,TXN3D4EC6A36542,2025-04-02,23582.54,debit,INR,DMart,UPI,-2689988.52,Housing::Household Supplies,monthly bill
usr_288c3a01,acc_sbi_7bc5f2,TXNF1A00E3798B3,2025-04-03,57433.17,debit,INR,Landlord NEFT,NEFT,-2604324.51,Housing::Rent,
usr_288c3a01,acc_yes_1503b5,TXN1E24AFAD9F6A,2025-04-03,7704.5,debit,INR,Airport Parking,card,-2682284.02,Transportation::Parking,client visit
usr_288c3a01,acc_yes_1503b5,TXNBD4691B9583C,2025-04-03,9346.74,debit,INR,BEST,UPI,-2774764.38,Transportation::Metro & Bus,
usr_288c3a01,acc_sbi_7bc5f2,TXN9A3DECC038A8,2025-04-03,1687.55,debit,INR,Local Bakery,cash,-3295412.74,Food & Drinks::Bakery & Snacks,weekend treat
usr_288c3a01,acc_yes_1503b5,TXN34F0C2EAB534,2025-04-04,199.0,debit,INR,Netflix,card,-2012872.34,Life & Entertainment::Subscriptions,
usr_288c3a01,acc_sbi_7bc5f2,TXN7E5F0C081C88,2025-04-04,74651.49,debit,INR,HDFC CC Bill,NEFT,-3482827.87,Financial Expenses::Credit Card Bill,annual premium
usr_288c3a01,acc_yes_1503b5,TXN5E186B087587,2025-04-04,2165.14,debit,INR,Monginis,cash,-3029267.82,Food & Drinks::Bakery & Snacks,birthday dinner
usr_288c3a01,acc_yes_1503b5,TXNF33A847A74A2,2025-04-05,31000.0,debit,INR,NoBroker Rent,NEFT,-1981644.34,Housing::Rent,monthly rent
usr_288c3a01,acc_sbi_7bc5f2,TXN20E223B74C54,2025-04-05,35239.2,debit,INR,UrbanClap,UPI,-2680007.3,Housing::Maintenance & Repairs,urgent repair
usr_288c3a01,acc_yes_1503b5,TXN8581DE69CD27,2025-04-05,107077.58,debit,INR,LIC Premium,UPI,-3379589.44,Financial Expenses::Insurance Premium,
usr_288c3a01,acc_sbi_7bc5f2,TXN501971D1330A,2025-04-06,62055.86,debit,INR,SBI CC Bill,NEFT,-3018746.22,Financial Expenses::Credit Card Bill,
usr_288c3a01,acc_sbi_7bc5f2,TXN84200E233537,2025-04-06,47638.44,debit,INR,Cook Salary,cash,-3177549.65,Housing::Domestic Help,monthly bill
usr_288c3a01,acc_yes_1503b5,TXN65F2B07D2C0D,2025-04-06,37927.03,debit,INR,SBI Charges,debit,-2991340.79,Financial Expenses::Bank Charges,
usr_288c3a01,acc_sbi_7bc5f2,TXNF94C33A5F483,2025-04-07,5439.93,debit,INR,LIC Premium,UPI,-2598884.58,Financial Expenses::Insurance Premium,
usr_288c3a01,acc_yes_1503b5,TXNE970256DB0C9,2025-04-07,47992.16,debit,INR,BESCOM,UPI,-2027856.65,Housing::Utilities,quarterly maintenance
usr_288c3a01,acc_yes_1503b5,TXN9B2D613D27B7,2025-04-07,33928.92,debit,INR,IKEA,card,-3136959.99,Housing::Furniture,monthly bill
usr_288c3a01,acc_yes_1503b5,TXN199D500A1785,2025-04-07,22636.6,debit,INR,ICICI Prudential,UPI,-3259074.32,Financial Expenses::Insurance Premium,monthly EMI
usr_288c3a01,acc_sbi_7bc5f2,TXNDCF96BE70519,2025-04-08,1813.27,debit,INR,Airtel,UPI,-2584601.58,Housing::Utilities,
usr_288c3a01,acc_yes_1503b5,TXN57459F515E9C,2025-04-08,6738.16,debit,INR,PPF Account,NEFT,-2013071.34,Investments::PPF / NPS,goal-based
usr_288c3a01,acc_sbi_7bc5f2,TXNA79A09DDC2F2,2025-04-08,45598.55,debit,INR,Udemy,card,-2973147.67,Life & Entertainment::Education,movie night
usr_288c3a01,acc_sbi_7bc5f2,TXN26F8EA80D26E,2025-04-08,2573.25,debit,INR,Cafe Coffee Day,UPI,-3109727.96,Food & Drinks::Cafes & Coffee,weekly groceries
usr_288c3a01,acc_yes_1503b5,TXN8F2D0BF2F9E6,2025-04-08,19224.62,debit,INR,SBI Auto Loan,NEFT,-2750881.07,Vehicle::Vehicle EMI,
usr_288c3a01,acc_yes_1503b5,TXNE61CF4CC010E,2025-04-09,16085.99,debit,INR,Toll Plaza,cash,-2075848.81,Transportation::Toll,
usr_288c3a01,acc_yes_1503b5,TXNCC696BA9FD6D,2025-04-10,99.0,debit,INR,Apple Music,card,-2012644.34,Life & Entertainment::Subscriptions,
usr_288c3a01,acc_sbi_7bc5f2,TXN3A260F40C6E2,2025-04-10,5845.6,debit,INR,HDFC RD,NEFT,-2593038.98,Investments::RD,
usr_288c3a01,acc_yes_1503b5,TXN705DE59A26F8,2025-04-10,82949.16,debit,INR,Advance Tax,NEFT,-2183228.2,Financial Expenses::Tax Payment,due payment
usr_288c3a01,acc_yes_1503b5,TXN6AC5C130FFDE,2025-04-10,29081.87,debit,INR,Carpenter,cash,-3041408.47,Housing::Maintenance & Repairs,
usr_288c3a01,acc_yes_1503b5,TXN8F1B809F8A2C,2025-04-11,3732.98,debit,INR,WB Cakes,UPI,-2320305.26,Food & Drinks::Bakery & Snacks,team lunch
usr_288c3a01,acc_sbi_7bc5f2,TXN7E4889742D34,2025-04-11,76181.1,debit,INR,Axis Charges,debit,-2844158.68,Financial Expenses::Bank Charges,due payment
usr_288c3a01,acc_sbi_7bc5f2,TXNFE1072838ECC,2025-04-11,43189.13,debit,INR,Axis CC Bill,NEFT,-3113247.45,Financial Expenses::Credit Card Bill,monthly EMI
usr_288c3a01,acc_yes_1503b5,TXNB2BB08BF3664,2025-04-11,4658.69,debit,INR,Cafe Coffee Day,UPI,-2770105.69,Food & Drinks::Cafes & Coffee,office snacks
usr_288c3a01,acc_yes_1503b5,TXN6457325B08E9,2025-04-11,93113.17,debit,INR,HDFC Home Loan,NEFT,-2877314.2,Financial Expenses::Loan EMI,annual premium
usr_288c3a01,acc_yes_1503b5,TXN4B71F8572A9A,2025-04-11,7880.98,credit,INR,Client Transfer,NEFT,-3486667.02,Income::Freelance,
usr_288c3a01,acc_sbi_7bc5f2,TXN6F9B66DFFC30,2025-04-12,6624.13,debit,INR,Kotak FD,NEFT,-2586414.85,Investments::Fixed Deposit,lump sum
usr_288c3a01,acc_sbi_7bc5f2,TXNACB37B851D17,2025-04-12,43556.09,debit,INR,BESCOM,UPI,-2920339.78,Housing::Utilities,
usr_288c3a01,acc_sbi_7bc5f2,TXNAB7C7F154F20,2025-04-12,31898.73,debit,INR,Vahan Portal,UPI,-3225188.09,Vehicle::Registration & Tax,
usr_288c3a01,acc_yes_1503b5,TXNF9AFD443775C,2025-04-13,8047.15,debit,INR,HDFC MF,NEFT,-2019809.5,Investments::Mutual Fund SIP,
usr_288c3a01,acc_yes_1503b5,TXNBB558F0476D4,2025-04-13,16168.95,debit,INR,HDFC ERGO,UPI,-2734712.12,Vehicle::Insurance,scheduled service
usr_288c3a01,acc_sbi_7bc5f2,TXN28C2533D74E5,2025-04-14,2626.8,debit,INR,Toit Brewpub,card,-2966862.71,Food & Drinks::Alcohol & Bars,
usr_288c3a01,acc_yes_1503b5,TXNB5534A0E1250,2025-04-14,39157.45,debit,INR,Cook Salary,cash,-2838156.75,Housing::Domestic Help,
usr_288c3a01,acc_yes_1503b5,TXN12B3FB5E95B9,2025-04-14,88185.41,debit,INR,ICICI CC Bill,NEFT,-3170888.91,Financial Expenses::Credit Card Bill,due payment
usr_288c3a01,acc_sbi_7bc5f2,TXNEFD7FBA66C1E,2025-04-15,15731.31,debit,INR,FNP Flowers,card,-2744931.29,Life & Entertainment::Gifting,trial membership
usr_288c3a01,acc_yes_1503b5,TXN79810A499BE4,2025-04-15,88698.89,debit,INR,Kotak Charges,debit,-2330663.98,Financial Expenses::Bank Charges,due payment
usr_288c3a01,acc_sbi_7bc5f2,TXNBB553551E10B,2025-04-16,28925.88,debit,INR,NoBroker Rent,UPI,-3080802.08,Housing::Rent,monthly bill
usr_288c3a01,acc_yes_1503b5,TXNBF06962FE93B,2025-04-16,5808.98,debit,INR,IKEA,card,-2985531.81,Shopping::Home & Kitchen,urgent replacement
usr_288c3a01,acc_yes_1503b5,TXN7D3BBC757EB3,2025-04-16,9975.51,debit,INR,HDFC Life,UPI,-3031432.96,Financial Expenses::Insurance Premium,
usr_288c3a01,acc_sbi_7bc5f2,TXND9B1A78BC729,2025-04-17,28096.84,debit,INR,Vahan Portal,UPI,-2778542.39,Vehicle::Registration & Tax,accidental repair
usr_288c3a01,acc_yes_1503b5,TXN934B3CD7439F,2025-04-17,54357.52,debit,INR,Jio Fiber,UPI,-2627926.5,Housing::Utilities,
usr_288c3a01,acc_yes_1503b5,TXNC234AA0575C1,2025-04-17,52099.03,debit,INR,ICICI CC Bill,NEFT,-3070490.34,Financial Expenses::Credit Card Bill,
usr_288c3a01,acc_yes_1503b5,TXN331F38BB5060,2025-04-17,90934.7,debit,INR,SBI Home Loan,NEFT,-3288654.74,Financial Expenses::Loan EMI,
usr_288c3a01,acc_sbi_7bc5f2,TXNE4009B32B95F,2025-04-18,10721.11,debit,INR,Electrician,cash,-2661757.68,Housing::Maintenance & Repairs,quarterly maintenance
usr_288c3a01,acc_sbi_7bc5f2,TXNBB2AE43EDCDA,2025-04-18,2444.64,debit,INR,Third Wave Coffee,card,-2672478.79,Food & Drinks::Cafes & Coffee,family dinner
usr_288c3a01,acc_sbi_7bc5f2,TXN4A5C260323EB,2025-04-18,17879.79,debit,INR,Local Plumber,cash,-2760662.6,Housing::Maintenance & Repairs,urgent repair
usr_288c3a01,acc_sbi_7bc5f2,TXN9A2D3C6FF6BF,2025-04-18,30122.75,debit,INR,ICICI Lombard,UPI,-3297100.29,Vehicle::Insurance,
usr_288c3a01,acc_sbi_7bc5f2,TXN0B96E5ADCB74,2025-04-19,37519.45,debit,INR,MakeMyTrip,card,-2806639.23,Life & Entertainment::Travel & Hotels,family outing
usr_288c3a01,acc_sbi_7bc5f2,TXN68D9EAEBCE1E,2025-04-19,170.4,debit,INR,Blue Tokai,UPI,-3257086.82,Food & Drinks::Cafes & Coffee,team lunch
usr_288c3a01,acc_sbi_7bc5f2,TXN4F67CB2EA9D0,2025-04-19,15585.54,debit,INR,Housing Society,NEFT,-3467242.33,Housing::Rent,monthly bill
usr_288c3a01,acc_sbi_7bc5f2,TXN2DF992935E80,2025-04-20,38155.52,debit,INR,Security Tip,cash,-3257257.22,Housing::Domestic Help,urgent repair
usr_288c3a01,acc_sbi_7bc5f2,TXN7378B77C1AC2,2025-04-20,114828.63,debit,INR,HDFC CC Bill,NEFT,-3352413.7,Financial Expenses::Credit Card Bill,due payment
usr_288c3a01,acc_sbi_7bc5f2,TXN1B5CF628A062,2025-04-20,1596.98,debit,INR,The Beer Cafe,card,-3557479.36,Food & Drinks::Alcohol & Bars,
usr_288c3a01,acc_yes_1503b5,TXND97B1699E1F7,2025-04-21,6625.74,debit,INR,Amazon,UPI,-2324038.24,Shopping::Online Shopping,urgent replacement
usr_288c3a01,acc_yes_1503b5,TXNDCC1A9C054F8,2025-04-21,7796.69,debit,INR,Carpenter,cash,-2617727.58,Housing::Maintenance & Repairs,monthly bill
usr_288c3a01,acc_yes_1503b5,TXNA01DE5A4CC48,2025-04-21,1159.12,debit,INR,Blinkit,UPI,-2626767.38,Food & Drinks::Food Delivery,birthday dinner
usr_288c3a01,acc_yes_1503b5,TXNB30BD6E81E95,2025-04-21,2272.79,debit,INR,Starbucks,card,-3134687.2,Food & Drinks::Cafes & Coffee,
usr_288c3a01,acc_sbi_7bc5f2,TXN1C29AB53C469,2025-04-22,2966.84,debit,INR,Reliance Fresh,UPI,-2963895.87,Food & Drinks::Groceries,family dinner
usr_288c3a01,acc_sbi_7bc5f2,TXN9D171AF21D8E,2025-04-22,3658.16,debit,INR,Uber,UPI,-2969489.51,Transportation::Cab & Auto,client visit
usr_288c3a01,acc_sbi_7bc5f2,TXNDECDAF570A8E,2025-04-22,25190.66,debit,INR,Tata Power,UPI,-3327223.04,Housing::Utilities,monthly bill
usr_288c3a01,acc_yes_1503b5,TXN726FE101A629,2025-04-23,91293.4,debit,INR,Kotak Charges,debit,-2091934.8,Financial Expenses::Bank Charges,monthly EMI
usr_288c3a01,acc_yes_1503b5,TXNF41C7E2228AE,2025-04-23,1243.11,debit,INR,SBI Charges,debit,-2625524.27,Financial Expenses::Bank Charges,
usr_288c3a01,acc_yes_1503b5,TXN565360210AA8,2025-04-25,21141.06,debit,INR,Shell,card,-2713571.06,Transportation::Fuel,
usr_288c3a01,acc_sbi_7bc5f2,TXN0D7FF04354CB,2025-04-26,29684.79,debit,INR,Maid Salary,cash,-2715246.5,Housing::Domestic Help,
usr_288c3a01,acc_yes_1503b5,TXNEB1497417EB4,2025-04-26,15104.44,debit,INR,Income Tax Portal,UPI,-2970427.37,Financial Expenses::Tax Payment,
usr_288c3a01,acc_yes_1503b5,TXN0AFBEE4FF9BE,2025-04-27,12097.83,debit,INR,Maid Salary,cash,-3122589.37,Housing::Domestic Help,urgent repair
usr_288c3a01,acc_sbi_7bc5f2,TXN7F37B6853A0C,2025-04-28,946.24,debit,INR,Toit Brewpub,card,-3112301.21,Food & Drinks::Alcohol & Bars,weekend treat
usr_288c3a01,acc_sbi_7bc5f2,TXN07DE1FE3D62C,2025-04-28,21113.07,debit,INR,Bosch Car Service,card,-3156436.58,Vehicle::Service & Repair,accidental repair
usr_288c3a01,acc_yes_1503b5,TXNDF5AD420FC27,2025-04-30,38258.45,debit,INR,BWSSB,UPI,-2266177.36,Housing::Utilities,urgent repair
usr_288c3a01,acc_yes_1503b5,TXNA5FF93F9C15C,2025-04-30,85408.79,debit,INR,ICICI Prudential,UPI,-2532318.79,Financial Expenses::Insurance Premium,monthly EMI
usr_288c3a01,acc_yes_1503b5,TXNEECC0DD92937,2025-04-30,54045.63,debit,INR,Local Plumber,cash,-2784111.12,Housing::Maintenance & Repairs,
usr_3e15ecb2,acc_icici_43c011,TXND48B41BFE4D5,2025-01-01,6900.0,debit,INR,NoBroker Rent,NEFT,93673.05,Housing::Rent,monthly rent
usr_3e15ecb2,acc_axis_0d47d6,TXN1DFAE1EB3FEC,2025-01-01,10281.85,debit,INR,BMTC,UPI,125499.35,Transportation::Metro & Bus,airport drop
usr_3e15ecb2,acc_icici_43c011,TXN0E20D6EA93FC,2025-01-01,12733.34,debit,INR,Adani Electricity,UPI,63706.5,Housing::Utilities,urgent repair
usr_3e15ecb2,acc_icici_43c011,TXN207EC8032F14,2025-01-02,199.0,debit,INR,Netflix,card,85996.57,Life & Entertainment::Subscriptions,
usr_3e15ecb2,acc_axis_0d47d6,TXN60722DF90A06,2025-01-03,19893.7,credit,INR,Employer NEFT,NEFT,109746.03,Income::Salary,
usr_3e15ecb2,acc_icici_43c011,TXNB52A9AFA491B,2025-01-03,499.0,debit,INR,Airtel,UPI,85797.57,Life & Entertainment::Subscriptions,
usr_3e15ecb2,acc_icici_43c011,TXNB62B3B101DA3,2025-01-03,10877.18,debit,INR,Amazon,UPI,18227.23,Housing::Household Supplies,
usr_3e15ecb2,acc_axis_0d47d6,TXNEC854C8D7220,2025-01-04,119.0,debit,INR,Spotify,UPI,126539.73,Life & Entertainment::Subscriptions,
usr_3e15ecb2,acc_icici_43c011,TXN9C1ED0B96EE5,2025-01-05,245.16,debit,INR,Monginis,cash,63951.66,Food & Drinks::Bakery & Snacks,weekly groceries
usr_3e15ecb2,acc_axis_0d47d6,TXN17B41FCDBA4E,2025-01-05,11848.47,debit,INR,Adani Electricity,UPI,104591.67,Housing::Utilities,quarterly maintenance
usr_3e15ecb2,acc_icici_43c011,TXND0FA291F9462,2025-01-06,129.0,debit,INR,YouTube Premium,UPI,85298.57,Life & Entertainment::Subscriptions,
usr_3e15ecb2,acc_axis_0d47d6,TXNCF814ABB5D9F,2025-01-07,3100.0,debit,INR,HDFC Home Loan,NEFT,129639.73,Financial Expenses::Loan EMI,monthly EMI
usr_3e15ecb2,acc_axis_0d47d6,TXN5692DA817A22,2025-01-08,921.38,debit,INR,Zerodha Coin,UPI,126420.73,Investments::Mutual Fund SIP,
usr_3e15ecb2,acc_icici_43c011,TXNBF6EA7A598CD,2025-01-08,5277.44,debit,INR,DMRC,UPI,69229.1,Transportation::Metro & Bus,weekend trip
usr_3e15ecb2,acc_icici_43c011,TXNA13D1EFEB4E6,2025-01-09,10072.05,debit,INR,Nykaa,UPI,50973.16,Shopping::Personal Care,urgent replacement
usr_3e15ecb2,acc_axis_0d47d6,TXN30CB4387ADA4,2025-01-10,211.11,debit,INR,The Beer Cafe,card,104802.78,Food & Drinks::Alcohol & Bars,weekend treat
usr_3e15ecb2,acc_icici_43c011,TXN867D567E0695,2025-01-10,22673.88,debit,INR,Advance Tax,NEFT,40901.11,Financial Expenses::Tax Payment,
usr_3e15ecb2,acc_icici_43c011,TXNE65B80B1B126,2025-01-11,299.0,debit,INR,Amazon Prime,card,85169.57,Life & Entertainment::Subscriptions,
usr_3e15ecb2,acc_axis_0d47d6,TXN66B192B26248,2025-01-12,9527.26,debit,INR,Local Plumber,cash,114330.04,Housing::Maintenance & Repairs,quarterly maintenance
usr_3e15ecb2,acc_icici_43c011,TXN53AD7F6496CF,2025-01-13,8559.02,debit,INR,Max Life,UPI,84870.57,Financial Expenses::Insurance Premium,
usr_3e15ecb2,acc_icici_43c011,TXN256DDD8FCE3D,2025-01-14,776.48,debit,INR,ACT Broadband,UPI,86773.05,Housing::Utilities,
usr_3e15ecb2,acc_axis_0d47d6,TXND0BD7DDB578A,2025-01-15,3788.76,debit,INR,FASTag NHAI,IMPS,92743.2,Transportation::Toll,
usr_3e15ecb2,acc_axis_0d47d6,TXN96D60684157D,2025-01-19,482.83,debit,INR,Local Bakery,cash,115217.5,Food & Drinks::Bakery & Snacks,weekly groceries
usr_3e15ecb2,acc_axis_0d47d6,TXN43F439FFED7F,2025-01-28,404.63,debit,INR,WB Cakes,UPI,114734.67,Food & Drinks::Bakery & Snacks,
usr_3e15ecb2,acc_icici_43c011,TXN8F7BDC1DF9CA,2025-01-30,7082.45,debit,INR,Mamaearth,UPI,76311.55,Shopping::Personal Care,
usr_3e15ecb2,acc_axis_0d47d6,TXNF1ED964967F7,2025-02-01,19529.17,credit,INR,Employer NEFT,NEFT,88954.44,Income::Salary,monthly salary
usr_3e15ecb2,acc_icici_43c011,TXN5608F2A3F1E2,2025-02-01,16422.19,debit,INR,DMart,UPI,-32617.25,Housing::Household Supplies,monthly bill
usr_3e15ecb2,acc_axis_0d47d6,TXN0B0AE0FBB4D2,2025-02-02,119.0,debit,INR,Spotify,UPI,108354.61,Life & Entertainment::Subscriptions,
usr_3e15ecb2,acc_icici_43c011,TXN0225E1F7B1E8,2025-02-02,1026.18,debit,INR,Reliance Fresh,UPI,-7796.82,Food & Drinks::Groceries,
usr_3e15ecb2,acc_icici_43c011,TXNCF5BFE62961B,2025-02-03,6900.0,debit,INR,NoBroker Rent,NEFT,7350.05,Housing::Rent,monthly rent
usr_3e15ecb2,acc_icici_43c011,TXN65DC163CC1DC,2025-02-03,16844.35,debit,INR,Adani Electricity,UPI,-8823.0,Housing::Utilities,
usr_3e15ecb2,acc_axis_0d47d6,TXNDA08A9690CEB,2025-02-04,299.0,debit,INR,Amazon Prime,card,108235.61,Life & Entertainment::Subscriptions,
usr_3e15ecb2,acc_icici_43c011,TXN2F935DC2E80A,2025-02-05,3100.0,debit,INR,Axis Loan,NEFT,450.05,Financial Expenses::Loan EMI,monthly EMI
usr_3e15ecb2,acc_icici_43c011,TXN9C899439FCC8,2025-02-05,896.23,debit,INR,Zerodha Coin,UPI,-6137.14,Investments::Mutual Fund SIP,
usr_3e15ecb2,acc_icici_43c011,TXN47A572DC9E02,2025-02-06,199.0,debit,INR,Netflix,card,-5439.14,Life & Entertainment::Subscriptions,
usr_3e15ecb2,acc_axis_0d47d6,TXN8C5B10246F2E,2025-02-07,1192.61,debit,INR,Theobroma,card,93137.14,Food & Drinks::Bakery & Snacks,
usr_3e15ecb2,acc_axis_0d47d6,TXN899B0E5F3521,2025-02-07,136.64,debit,INR,Wine Shop,cash,84717.69,Food & Drinks::Alcohol & Bars,client dinner
usr_3e15ecb2,acc_icici_43c011,TXNAA5DC6DCFB23,2025-02-08,499.0,debit,INR,Airtel,UPI,-5638.14,Life & Entertainment::Subscriptions,
usr_3e15ecb2,acc_axis_0d47d6,TXN44D0D30EA6EE,2025-02-08,3663.57,debit,INR,SBI Life,UPI,107936.61,Financial Expenses::Insurance Premium,
usr_3e15ecb2,acc_icici_43c011,TXN378D69FD80CC,2025-02-10,2789.19,debit,INR,Jio Fiber,UPI,-2649.95,Housing::Utilities,
usr_3e15ecb2,acc_axis_0d47d6,TXNC16486DDCBCF,2025-02-10,129.0,debit,INR,YouTube Premium,UPI,108483.61,Life & Entertainment::Subscriptions,
usr_3e15ecb2,acc_icici_43c011,TXNCA71B5B03113,2025-02-14,2280.5,debit,INR,Ola,UPI,-49039.44,Transportation::Cab & Auto,
usr_3e15ecb2,acc_axis_0d47d6,TXNE8EA6FEB235D,2025-02-16,333.17,debit,INR,Blinkit,UPI,91944.53,Food & Drinks::Food Delivery,
usr_3e15ecb2,acc_axis_0d47d6,TXNF9ABACD282D5,2025-02-18,11135.9,debit,INR,Landlord NEFT,NEFT,104273.04,Housing::Rent,
usr_3e15ecb2,acc_icici_43c011,TXNAC1149747157,2025-02-19,6949.9,debit,INR,Air India,card,-25667.35,Transportation::Flight & Train,office commute
usr_3e15ecb2,acc_axis_0d47d6,TXN9679D4D08F5C,2025-02-24,825.35,debit,INR,TASMAC,cash,85543.04,Food & Drinks::Alcohol & Bars,family dinner
usr_3e15ecb2,acc_icici_43c011,TXN16D1750EA78A,2025-02-28,569.18,debit,INR,Swiggy,UPI,-7227.64,Food & Drinks::Food Delivery,weekly groceries
usr_3e15ecb2,acc_icici_43c011,TXNA65237E1499E,2025-03-01,194.27,debit,INR,WB Cakes,UPI,-7033.37,Food & Drinks::Bakery & Snacks,team lunch
usr_3e15ecb2,acc_axis_0d47d6,TXN82F07B365B61,2025-03-01,1481.55,debit,INR,DMart,UPI,91611.36,Housing::Household Supplies,urgent repair
usr_3e15ecb2,acc_axis_0d47d6,TXN3D0B37AEC6A8,2025-03-01,4586.77,debit,INR,Maid Salary,cash,90129.81,Housing::Domestic Help,quarterly maintenance
usr_3e15ecb2,acc_icici_43c011,TXN4A391D19B3A1,2025-03-03,19665.19,credit,INR,Employer NEFT,NEFT,-51319.94,Income::Salary,
usr_3e15ecb2,acc_axis_0d47d6,TXNE384CA97DD0F,2025-03-05,6900.0,debit,INR,Landlord NEFT,NEFT,84581.05,Housing::Rent,monthly rent
usr_3e15ecb2,acc_icici_43c011,TXN6B09D2261EC5,2025-03-06,199.0,debit,INR,Netflix,card,-33367.45,Life & Entertainment::Subscriptions,
usr_3e15ecb2,acc_icici_43c011,TXNAD61B8BA0C4A,2025-03-06,129.0,debit,INR,YouTube Premium,UPI,-33566.45,Life & Entertainment::Subscriptions,
usr_3e15ecb2,acc_axis_0d47d6,TXN2291FB16CB44,2025-03-06,4730.92,debit,INR,Mamaearth,UPI,32846.51,Shopping::Personal Care,
usr_3e15ecb2,acc_axis_0d47d6,TXNED09170EB2AC,2025-03-08,3100.0,debit,INR,SBI Home Loan,NEFT,77681.05,Financial Expenses::Loan EMI,monthly EMI
usr_3e15ecb2,acc_axis_0d47d6,TXN0EBCBE7B4FC2,2025-03-09,499.0,debit,INR,Airtel,UPI,74581.05,Life & Entertainment::Subscriptions,
usr_3e15ecb2,acc_icici_43c011,TXN943C6962178A,2025-03-09,920.61,debit,INR,Zerodha Coin,UPI,-34113.45,Investments::Mutual Fund SIP,
usr_3e15ecb2,acc_axis_0d47d6,TXN3BCADE8838F3,2025-03-09,278.27,debit,INR,Blue Tokai,UPI,34633.01,Food & Drinks::Cafes & Coffee,family dinner
usr_3e15ecb2,acc_axis_0d47d6,TXNA0F22E29C04D,2025-03-10,17362.82,debit,INR,Security Tip,cash,51995.83,Housing::Domestic Help,urgent repair
usr_3e15ecb2,acc_icici_43c011,TXN0669C55B00B6,2025-03-10,8129.08,debit,INR,Apple Music,card,-42561.83,Life & Entertainment::Subscriptions,family outing
usr_3e15ecb2,acc_icici_43c011,TXN81B4BD21F028,2025-03-10,3751.35,debit,INR,Flipkart Gift,UPI,-50690.91,Life & Entertainment::Gifting,movie night
usr_3e15ecb2,acc_icici_43c011,TXNDCDC47673711,2025-03-11,178.42,debit,INR,WB Cakes,UPI,-42383.41,Food & Drinks::Bakery & Snacks,team lunch
usr_3e15ecb2,acc_axis_0d47d6,TXNF78923E4BD93,2025-03-11,5294.42,debit,INR,Amazon,UPI,28115.59,Shopping::Online Shopping,
usr_3e15ecb2,acc_icici_43c011,TXN015FB26728E3,2025-03-12,119.0,debit,INR,Spotify,UPI,-33695.45,Life & Entertainment::Subscriptions,
usr_3e15ecb2,acc_icici_43c011,TXNCBF4F36ADFE5,2025-03-12,299.0,debit,INR,Amazon Prime,card,-33814.45,Life & Entertainment::Subscriptions,
usr_3e15ecb2,acc_icici_43c011,TXN2CC2D17360FA,2025-03-13,1712.7,debit,INR,Adani Electricity,UPI,-31654.75,Housing::Utilities,
usr_3e15ecb2,acc_icici_43c011,TXN72BBA914575A,2025-03-13,415.08,debit,INR,Mamaearth,UPI,-41968.33,Shopping::Personal Care,urgent replacement
usr_3e15ecb2,acc_axis_0d47d6,TXNA0DA145A6B40,2025-03-17,8672.57,debit,INR,BBMP Parking,UPI,74082.05,Transportation::Parking,client visit
usr_3e15ecb2,acc_icici_43c011,TXN52CB97F9A14C,2025-03-17,451.49,debit,INR,Starbucks,card,-35034.06,Food & Drinks::Cafes & Coffee,family dinner
usr_3e15ecb2,acc_icici_43c011,TXN78E423D69009,2025-03-17,1453.14,credit,INR,PhonePe Reward,UPI,-54442.26,Income::Freelance,
usr_3e15ecb2,acc_icici_43c011,TXNC1C1DEDC44B6,2025-03-18,6482.78,debit,INR,InDrive,UPI,-35485.55,Transportation::Cab & Auto,
usr_3e15ecb2,acc_axis_0d47d6,TXNC20B998CAC71,2025-03-19,1508.23,debit,INR,Local Bakery,cash,34354.74,Food & Drinks::Bakery & Snacks,
usr_3e15ecb2,acc_axis_0d47d6,TXN0F6954719A76,2025-03-23,3782.46,debit,INR,Amazon,UPI,65409.48,Housing::Household Supplies,
usr_3e15ecb2,acc_axis_0d47d6,TXNA216F752214A,2025-03-30,9631.19,debit,INR,Gold's Gym,UPI,61627.02,Life & Entertainment::Gym & Sports,annual plan
usr_3e15ecb2,acc_icici_43c011,TXN331FF0F7D330,2025-04-01,20287.16,credit,INR,Employer NEFT,NEFT,-52989.12,Income::Salary,
usr_3e15ecb2,acc_axis_0d47d6,TXNA02123F39029,2025-04-01,1174.9,debit,INR,Barbeque Nation,card,-27644.14,Food & Drinks::Dining Out,
usr_3e15ecb2,acc_axis_0d47d6,TXND18BCCCF4812,2025-04-02,129.0,debit,INR,YouTube Premium,UPI,21469.66,Life & Entertainment::Subscriptions,
usr_3e15ecb2,acc_icici_43c011,TXN38B7B84ADCCF,2025-04-03,6900.0,debit,INR,NoBroker Rent,NEFT,-32701.96,Housing::Rent,monthly rent
usr_3e15ecb2,acc_icici_43c011,TXNF9AC4CF7C076,2025-04-03,3100.0,debit,INR,HDFC Home Loan,NEFT,-39601.96,Financial Expenses::Loan EMI,monthly EMI
usr_3e15ecb2,acc_icici_43c011,TXN3083C5928747,2025-04-04,199.0,debit,INR,Netflix,card,-42701.96,Life & Entertainment::Subscriptions,
usr_3e15ecb2,acc_icici_43c011,TXNF2A347CDEDF6,2025-04-05,119.0,debit,INR,Spotify,UPI,-43399.96,Life & Entertainment::Subscriptions,
usr_3e15ecb2,acc_axis_0d47d6,TXN1D7CE3373108,2025-04-06,1351.51,debit,INR,BWSSB,UPI,22821.17,Housing::Utilities,
usr_3e15ecb2,acc_icici_43c011,TXNBFC8BDFC80C1,2025-04-06,503.46,debit,INR,JioMart,UPI,-79707.59,Food & Drinks::Groceries,weekly groceries
usr_3e15ecb2,acc_icici_43c011,TXN41FF6C2F09E6,2025-04-07,915.87,debit,INR,Zerodha Coin,UPI,-43518.96,Investments::Mutual Fund SIP,goal-based
usr_3e15ecb2,acc_axis_0d47d6,TXN7C62CE53A897,2025-04-07,20014.82,debit,INR,Jio Fiber,UPI,15689.27,Housing::Utilities,
usr_3e15ecb2,acc_icici_43c011,TXN7F79F4C955F0,2025-04-07,414.11,debit,INR,Local Bakery,cash,-73804.02,Food & Drinks::Bakery & Snacks,weekend treat
usr_3e15ecb2,acc_axis_0d47d6,TXNA9A2B47B6063,2025-04-09,299.0,debit,INR,Amazon Prime,card,21340.66,Life & Entertainment::Subscriptions,
usr_3e15ecb2,acc_icici_43c011,TXN86AB877BD7CA,2025-04-10,499.0,debit,INR,Airtel,UPI,-42900.96,Life & Entertainment::Subscriptions,
usr_3e15ecb2,acc_icici_43c011,TXN20B5736AAF9F,2025-04-10,2260.91,debit,INR,SBI Life,UPI,-44434.83,Financial Expenses::Insurance Premium,
usr_3e15ecb2,acc_icici_43c011,TXNED10386A8DAC,2025-04-11,4664.81,debit,INR,Amazon,UPI,-75042.78,Shopping::Online Shopping,sale purchase
usr_3e15ecb2,acc_axis_0d47d6,TXNCECB49A14E59,2025-04-17,1348.12,debit,INR,Local Store,cash,-28819.04,Housing::Household Supplies,
usr_3e15ecb2,acc_icici_43c011,TXNCB7E7899A211,2025-04-18,633.19,debit,INR,The Beer Cafe,card,-73170.83,Food & Drinks::Alcohol & Bars,birthday dinner
usr_3e15ecb2,acc_icici_43c011,TXN4D6552D4A649,2025-04-18,789.81,debit,INR,JioMart,UPI,-80211.05,Food & Drinks::Groceries,
usr_3e15ecb2,acc_icici_43c011,TXN9B06AD5C792D,2025-04-19,15540.61,debit,INR,Landlord NEFT,NEFT,-46695.74,Housing::Rent,
usr_3e15ecb2,acc_icici_43c011,TXN93D3C4F6A524,2025-04-22,10934.48,debit,INR,Ola,UPI,-62236.35,Transportation::Cab & Auto,
usr_3e15ecb2,acc_axis_0d47d6,TXN0BB218D659AB,2025-04-24,5352.39,debit,INR,Maid Salary,cash,21041.66,Housing::Domestic Help,monthly bill
usr_3e15ecb2,acc_axis_0d47d6,TXN3DACA6DC7E38,2025-04-26,1612.69,debit,INR,Nykaa,UPI,-4325.55,Shopping::Personal Care,sale purchase
usr_3e15ecb2,acc_axis_0d47d6,TXNA9DE4773317E,2025-04-27,21705.9,debit,INR,Tata Power,UPI,-5938.24,Housing::Utilities,urgent repair
usr_3e15ecb2,acc_icici_43c011,TXN66E2160A3FAA,2025-04-28,824.65,debit,INR,IndiGo,card,-74218.13,Transportation::Flight & Train,airport drop
usr_6f2e42e7,acc_yes_021b7f,TXN2D4210A2BC73,2025-01-01,716.44,debit,INR,Zepto,UPI,39788.63,Food & Drinks::Groceries,
usr_6f2e42e7,acc_yes_021b7f,TXN8F7EE414B850,2025-01-01,865.91,debit,INR,Dunzo,UPI,35687.98,Food & Drinks::Food Delivery,
usr_6f2e42e7,acc_axis_0a0d59,TXN904524D2D859,2025-01-02,399.0,debit,INR,Jio Fiber,UPI,40907.29,Life & Entertainment::Subscriptions,
usr_6f2e42e7,acc_axis_b8a95b,TXN328EC2E1B2F3,2025-01-02,6818.97,debit,INR,Pepperfry,UPI,78087.55,Housing::Furniture,urgent repair
usr_6f2e42e7,acc_yes_021b7f,TXNB45CDA9DD858,2025-01-03,34650.17,credit,INR,Employer NEFT,NEFT,16260.8,Income::Salary,referral bonus
usr_6f2e42e7,acc_axis_0a0d59,TXN337217B4D577,2025-01-03,9100.0,debit,INR,Housing Society,NEFT,51969.12,Housing::Rent,monthly rent
usr_6f2e42e7,acc_axis_0a0d59,TXN88CFCECB3777,2025-01-03,499.0,debit,INR,Airtel,UPI,41406.29,Life & Entertainment::Subscriptions,
usr_6f2e42e7,acc_axis_b8a95b,TXN00E35DF373F0,2025-01-04,299.0,debit,INR,Hotstar,UPI,119276.75,Life & Entertainment::Subscriptions,
usr_6f2e42e7,acc_yes_021b7f,TXNE534145CEE1F,2025-01-05,23978.96,debit,INR,Big Bazaar,UPI,6455.2,Housing::Household Supplies,
usr_6f2e42e7,acc_axis_0a0d59,TXN48B06E0912BF,2025-01-05,538.69,debit,INR,Zomato,UPI,-24851.08,Food & Drinks::Food Delivery,weekly groceries
usr_6f2e42e7,acc_yes_021b7f,TXNF96979E8D929,2025-01-06,7703.2,debit,INR,Housing Society,NEFT,-36294.88,Housing::Rent,quarterly maintenance
usr_6f2e42e7,acc_axis_0a0d59,TXN56D33972796F,2025-01-07,9892.23,debit,INR,Spotify,UPI,-14958.85,Life & Entertainment::Subscriptions,date night
usr_6f2e42e7,acc_yes_021b7f,TXNFA61D00E7741,2025-01-07,14377.49,debit,INR,IKEA,card,-21917.39,Shopping::Home & Kitchen,gifting
usr_6f2e42e7,acc_axis_0a0d59,TXND404D26AEE4F,2025-01-08,1462.83,debit,INR,BWSSB,UPI,42869.12,Housing::Utilities,
usr_6f2e42e7,acc_axis_b8a95b,TXN5F0020D5826D,2025-01-08,780.16,debit,INR,Local Restaurant,cash,111450.06,Food & Drinks::Dining Out,weekly groceries
usr_6f2e42e7,acc_yes_021b7f,TXN17CBE5F19A64,2025-01-08,75.3,debit,INR,BEST,UPI,35763.28,Transportation::Metro & Bus,client visit
usr_6f2e42e7,acc_axis_0a0d59,TXNA4BE7B270997,2025-01-09,1098.76,debit,INR,HDFC RD,NEFT,40508.29,Investments::RD,
usr_6f2e42e7,acc_yes_021b7f,TXNF50DE7FE3604,2025-01-09,9370.41,debit,INR,HDFC Bank Charges,debit,50910.97,Financial Expenses::Bank Charges,due payment
usr_6f2e42e7,acc_yes_021b7f,TXN4CBEC9A831B8,2025-01-09,1751.93,debit,INR,Local Bakery,cash,41540.56,Food & Drinks::Bakery & Snacks,client dinner
usr_6f2e42e7,acc_axis_b8a95b,TXN272752114079,2025-01-09,20405.01,debit,INR,Local Plumber,cash,70369.29,Housing::Maintenance & Repairs,quarterly maintenance
usr_6f2e42e7,acc_axis_b8a95b,TXNB4A12B3A3087,2025-01-10,119.0,debit,INR,Spotify,UPI,119395.75,Life & Entertainment::Subscriptions,
usr_6f2e42e7,acc_axis_0a0d59,TXN9E1BA27668FA,2025-01-10,516.82,debit,INR,Toit Brewpub,card,39409.53,Food & Drinks::Alcohol & Bars,birthday dinner
usr_6f2e42e7,acc_axis_b8a95b,TXNCFFBA0B4FE35,2025-01-10,1191.5,debit,INR,JioMart,UPI,79279.05,Food & Drinks::Groceries,post-gym meal
usr_6f2e42e7,acc_yes_021b7f,TXNF4EF62EB4F92,2025-01-10,1380.22,debit,INR,DMart,UPI,-18005.18,Food & Drinks::Groceries,weekend treat
usr_6f2e42e7,acc_axis_0a0d59,TXNCFA5CF23C9F6,2025-01-11,27921.1,debit,INR,Landlord NEFT,NEFT,18133.38,Housing::Rent,
usr_6f2e42e7,acc_yes_021b7f,TXNE049261DF318,2025-01-12,1508.81,debit,INR,Swiggy,UPI,24426.35,Food & Drinks::Food Delivery,office snacks
usr_6f2e42e7,acc_axis_0a0d59,TXNB420AD344259,2025-01-12,5171.13,debit,INR,Amazon,UPI,-9787.72,Housing::Household Supplies,quarterly maintenance
usr_6f2e42e7,acc_axis_0a0d59,TXNE89E0438E114,2025-01-12,921.27,debit,INR,Amazon Electronics,UPI,-47543.41,Shopping::Electronics,anniversary
usr_6f2e42e7,acc_axis_0a0d59,TXNC1FDFF2D0C2E,2025-01-13,12992.6,debit,INR,Vijay Sales,card,32226.02,Shopping::Electronics,
usr_6f2e42e7,acc_axis_0a0d59,TXN6E02A2641281,2025-01-13,1100.04,debit,INR,Local Restaurant,cash,19233.42,Food & Drinks::Dining Out,birthday dinner
usr_6f2e42e7,acc_axis_b8a95b,TXN806E69B3197D,2025-01-14,573.7,debit,INR,Barbeque Nation,card,93142.96,Food & Drinks::Dining Out,
usr_6f2e42e7,acc_axis_0a0d59,TXN481989F9F5D4,2025-01-14,1617.98,debit,INR,Toit Brewpub,card,-25389.77,Food & Drinks::Alcohol & Bars,
usr_6f2e42e7,acc_yes_021b7f,TXN0275BB8F855E,2025-01-15,1459.33,debit,INR,Toit Brewpub,card,39072.19,Food & Drinks::Alcohol & Bars,post-gym meal
usr_6f2e42e7,acc_axis_b8a95b,TXN55AC5B6774F8,2025-01-16,1340.11,debit,INR,Dunzo,UPI,80619.16,Food & Drinks::Food Delivery,
usr_6f2e42e7,acc_yes_021b7f,TXNCDB9D2FC9B66,2025-01-16,1820.27,debit,INR,Monginis,cash,15107.94,Food & Drinks::Bakery & Snacks,client dinner
usr_6f2e42e7,acc_axis_b8a95b,TXNC1BD0C62007A,2025-01-17,11950.1,debit,INR,IKEA,card,92569.26,Shopping::Home & Kitchen,gifting
usr_6f2e42e7,acc_yes_021b7f,TXND15408936B19,2025-01-17,2531.99,debit,INR,Zara,card,-19385.4,Shopping::Clothing & Apparel,planned buy
usr_6f2e42e7,acc_axis_0a0d59,TXNEBA2C0BADEA3,2025-01-17,11688.16,debit,INR,Toll Plaza,cash,-54692.16,Transportation::Toll,
usr_6f2e42e7,acc_axis_b8a95b,TXN9DEE217E2054,2025-01-18,4233.8,debit,INR,Rapido,UPI,110669.9,Transportation::Cab & Auto,weekend trip
usr_6f2e42e7,acc_yes_021b7f,TXNE327777C20CC,2025-01-18,1849.58,debit,INR,Dunzo,UPI,37612.86,Food & Drinks::Food Delivery,birthday dinner
usr_6f2e42e7,acc_yes_021b7f,TXNAAF9E6413DA6,2025-01-20,7809.6,debit,INR,Security Tip,cash,22917.54,Housing::Domestic Help,
usr_6f2e42e7,acc_axis_b8a95b,TXNFA90BC08D5AC,2025-01-21,7527.69,debit,INR,LIC Premium,UPI,118977.75,Financial Expenses::Insurance Premium,
usr_6f2e42e7,acc_axis_0a0d59,TXNDC64D3DC535B,2025-01-23,1592.88,debit,INR,Reliance Fresh,UPI,37452.94,Food & Drinks::Groceries,
usr_6f2e42e7,acc_yes_021b7f,TXNF30405440272,2025-01-23,481.42,debit,INR,The Beer Cafe,card,-17523.76,Food & Drinks::Alcohol & Bars,
usr_6f2e42e7,acc_axis_b8a95b,TXN5A93CD65F735,2025-01-25,13293.14,debit,INR,DMart,UPI,106436.1,Housing::Household Supplies,quarterly maintenance
usr_6f2e42e7,acc_yes_021b7f,TXN7BD3FD466A56,2025-01-25,6832.47,debit,INR,Indian Oil,UPI,13287.67,Transportation::Fuel,client visit
usr_6f2e42e7,acc_axis_0a0d59,TXN0E7A4430C0D9,2025-01-25,20535.66,debit,INR,Cook Salary,cash,-27007.75,Housing::Domestic Help,urgent repair
usr_6f2e42e7,acc_axis_0a0d59,TXN3F5D3F3CC100,2025-01-27,1439.77,debit,INR,Local Restaurant,cash,38892.71,Food & Drinks::Dining Out,post-gym meal
usr_6f2e42e7,acc_axis_b8a95b,TXN2F775314E6B0,2025-01-27,25016.42,debit,INR,Electrician,cash,49964.28,Housing::Maintenance & Repairs,quarterly maintenance
usr_6f2e42e7,acc_axis_b8a95b,TXNE10916F89EBD,2025-01-28,899.29,debit,INR,Blinkit,UPI,71268.58,Food & Drinks::Food Delivery,
usr_6f2e42e7,acc_yes_021b7f,TXNB9BA6C30D379,2025-01-29,10395.72,debit,INR,Local Bookshop,cash,34822.07,Shopping::Books & Stationery,
usr_6f2e42e7,acc_axis_0a0d59,TXN049B6FA94277,2025-01-29,6227.48,debit,INR,DMart,UPI,-48464.68,Housing::Household Supplies,urgent repair
usr_6f2e42e7,acc_axis_0a0d59,TXN0FEEDFABAB07,2025-01-30,3634.04,debit,INR,BookMyShow,UPI,35860.06,Life & Entertainment::Movies & Events,
usr_6f2e42e7,acc_yes_021b7f,TXN6541A23B2AE5,2025-01-30,11830.54,debit,INR,UrbanClap,UPI,-43998.08,Housing::Maintenance & Repairs,
usr_6f2e42e7,acc_axis_0a0d59,TXNB8AB21F99439,2025-02-01,36029.82,credit,INR,Employer NEFT,NEFT,-66380.32,Income::Salary,project completion
usr_6f2e42e7,acc_axis_b8a95b,TXN9A8720E3C2F4,2025-02-01,25359.38,debit,INR,Carpenter,cash,11050.98,Housing::Maintenance & Repairs,
usr_6f2e42e7,acc_yes_021b7f,TXN2C8E5C5EAE0D,2025-02-01,2201.3,credit,INR,Flipkart Refund,NEFT,-227204.41,Income::Freelance,
usr_6f2e42e7,acc_yes_021b7f,TXN19C282D9B7A3,2025-02-02,10425.64,debit,INR,Amazon,UPI,-90496.27,Housing::Household Supplies,
usr_6f2e42e7,acc_axis_b8a95b,TXN69D4B131BDA9,2025-02-02,15665.62,debit,INR,Cook Salary,cash,-14853.7,Housing::Domestic Help,quarterly maintenance
usr_6f2e42e7,acc_yes_021b7f,TXN05DB7166B255,2025-02-03,10416.33,debit,INR,HPCL,UPI,-67976.59,Transportation::Fuel,
usr_6f2e42e7,acc_yes_021b7f,TXN6F3ADE3B1E02,2025-02-03,24404.89,debit,INR,Landlord NEFT,NEFT,-183081.22,Housing::Rent,quarterly maintenance
usr_6f2e42e7,acc_axis_0a0d59,TXN30D66CDC9A89,2025-02-04,9100.0,debit,INR,Landlord NEFT,NEFT,-30350.5,Housing::Rent,monthly rent
usr_6f2e42e7,acc_axis_0a0d59,TXN9A1930AA801D,2025-02-04,1745.01,debit,INR,Monginis,cash,-60923.07,Food & Drinks::Bakery & Snacks,office snacks
usr_6f2e42e7,acc_axis_b8a95b,TXNCCCD5620E1F9,2025-02-04,9620.77,debit,INR,Home Centre,card,-43102.38,Shopping::Home & Kitchen,birthday gift
usr_6f2e42e7,acc_axis_b8a95b,TXN4F88B631EC34,2025-02-05,499.0,debit,INR,Airtel,UPI,24947.86,Life & Entertainment::Subscriptions,
usr_6f2e42e7,acc_yes_021b7f,TXN5B5E2178E405,2025-02-05,42415.8,debit,INR,Axis Loan,NEFT,-103952.08,Financial Expenses::Loan EMI,annual premium
usr_6f2e42e7,acc_axis_b8a95b,TXNDC9918CC7F87,2025-02-06,683.15,debit,INR,Ajio,UPI,-30519.32,Shopping::Clothing & Apparel,planned buy
usr_6f2e42e7,acc_yes_021b7f,TXN7EDA11A423FA,2025-02-06,19209.91,debit,INR,Adani Electricity,UPI,-207994.5,Housing::Utilities,quarterly maintenance
usr_6f2e42e7,acc_axis_b8a95b,TXNB141310C0C98,2025-02-07,119.0,debit,INR,Spotify,UPI,24448.86,Life & Entertainment::Subscriptions,
usr_6f2e42e7,acc_axis_0a0d59,TXN2BF6C15E7CBC,2025-02-08,299.0,debit,INR,Hotstar,UPI,-42047.47,Life & Entertainment::Subscriptions,
usr_6f2e42e7,acc_yes_021b7f,TXNA6D4AA932D9B,2025-02-08,11090.64,debit,INR,Amazon,UPI,-55920.9,Shopping::Online Shopping,birthday gift
usr_6f2e42e7,acc_axis_b8a95b,TXNBE91A138EA67,2025-02-08,3819.79,debit,INR,Urban Ladder,card,-52723.15,Shopping::Home & Kitchen,birthday gift
usr_6f2e42e7,acc_axis_b8a95b,TXNE812E2C404B1,2025-02-09,399.0,debit,INR,Jio Fiber,UPI,24329.86,Life & Entertainment::Subscriptions,
usr_6f2e42e7,acc_axis_b8a95b,TXN34966CAF81E8,2025-02-09,1101.33,debit,INR,HDFC RD,NEFT,23930.86,Investments::RD,goal-based
usr_6f2e42e7,acc_axis_b8a95b,TXN696AE28E5745,2025-02-09,8378.79,debit,INR,Pepperfry,UPI,19429.77,Housing::Furniture,quarterly maintenance
usr_6f2e42e7,acc_yes_021b7f,TXN2BFC53CCDBA0,2025-02-09,25572.11,debit,INR,Tata Power,UPI,-146581.15,Housing::Utilities,urgent repair
usr_6f2e42e7,acc_axis_0a0d59,TXN1B1FE708906A,2025-02-10,2596.97,debit,INR,ACT Broadband,UPI,-39450.5,Housing::Utilities,
usr_6f2e42e7,acc_axis_0a0d59,TXN613EC4DC6709,2025-02-10,2062.3,debit,INR,Airport Parking,card,-95252.82,Transportation::Parking,client visit
usr_6f2e42e7,acc_axis_0a0d59,TXN3D640E3BAA8D,2025-02-10,10071.26,debit,INR,Simplilearn,card,-97315.12,Life & Entertainment::Education,annual plan
usr_6f2e42e7,acc_axis_b8a95b,TXNC5FA5501CCD7,2025-02-10,11899.91,debit,INR,Westside,card,-31202.47,Shopping::Clothing & Apparel,
usr_6f2e42e7,acc_axis_0a0d59,TXN917866F0F00E,2025-02-12,6344.4,debit,INR,Max Life,UPI,-42346.47,Financial Expenses::Insurance Premium,
usr_6f2e42e7,acc_axis_0a0d59,TXN64B65ADF2C41,2025-02-12,635.32,debit,INR,Blinkit,UPI,-73210.6,Food & Drinks::Food Delivery,
usr_6f2e42e7,acc_yes_021b7f,TXN7D71E4A8797D,2025-02-15,508.39,debit,INR,Blinkit,UPI,-207486.11,Food & Drinks::Food Delivery,weekend treat
usr_6f2e42e7,acc_yes_021b7f,TXN88E8149A0505,2025-02-16,12103.35,debit,INR,GST Portal,UPI,-78392.92,Financial Expenses::Tax Payment,monthly EMI
usr_6f2e42e7,acc_axis_0a0d59,TXN2932C449E03F,2025-02-17,12232.2,debit,INR,Cook Salary,cash,-48690.87,Housing::Domestic Help,quarterly maintenance
usr_6f2e42e7,acc_axis_b8a95b,TXNE04DAA45FE30,2025-02-17,20488.1,debit,INR,Jio Fiber,UPI,-63373.96,Housing::Utilities,quarterly maintenance
usr_6f2e42e7,acc_axis_b8a95b,TXN396E5784AC77,2025-02-18,3399.76,debit,INR,Indian Oil,UPI,22829.53,Transportation::Fuel,client visit
usr_6f2e42e7,acc_axis_0a0d59,TXN520D002F0722,2025-02-19,10434.03,debit,INR,Rapido,UPI,-62776.57,Transportation::Cab & Auto,client visit
usr_6f2e42e7,acc_yes_021b7f,TXNACCA98A4CDBD,2025-02-19,213.27,debit,INR,Zomato Dine,UPI,-146367.88,Food & Drinks::Dining Out,
usr_6f2e42e7,acc_yes_021b7f,TXNEC61C99CD0A8,2025-02-20,10927.96,debit,INR,Mumbai Metro,UPI,-172153.26,Transportation::Metro & Bus,weekend trip
usr_6f2e42e7,acc_axis_0a0d59,TXN8740511D00DB,2025-02-21,20754.54,debit,INR,Urban Ladder,card,-73845.92,Housing::Furniture,quarterly maintenance
usr_6f2e42e7,acc_yes_021b7f,TXNB64C8860699F,2025-02-22,1150.62,debit,INR,Local Restaurant,cash,-102801.46,Food & Drinks::Dining Out,
usr_6f2e42e7,acc_yes_021b7f,TXN3BBA7A4F5438,2025-02-23,965.05,debit,INR,Coursera,card,-67011.54,Life & Entertainment::Education,movie night
usr_6f2e42e7,acc_axis_0a0d59,TXNBB0FD0E2FA8E,2025-02-23,421.99,debit,INR,Cafe Coffee Day,UPI,-110449.14,Food & Drinks::Cafes & Coffee,post-gym meal
usr_6f2e42e7,acc_axis_b8a95b,TXN9A349313A890,2025-02-23,6831.02,debit,INR,IndiGo,card,-56542.94,Transportation::Flight & Train,airport drop
usr_6f2e42e7,acc_yes_021b7f,TXN92B5216757FC,2025-02-24,92.28,debit,INR,Third Wave Coffee,card,-55828.62,Food & Drinks::Cafes & Coffee,post-gym meal
usr_6f2e42e7,acc_yes_021b7f,TXNC173D4348BC9,2025-02-26,1879.55,debit,INR,TASMAC,cash,-100921.91,Food & Drinks::Alcohol & Bars,post-gym meal
usr_6f2e42e7,acc_axis_0a0d59,TXN1F4AFA60E8BC,2025-02-26,3062.76,debit,INR,InDrive,UPI,-107386.38,Transportation::Cab & Auto,airport drop
usr_6f2e42e7,acc_axis_b8a95b,TXNFACBFF1A31BB,2025-02-28,545.3,debit,INR,Blue Tokai,UPI,-14308.4,Food & Drinks::Cafes & Coffee,
usr_6f2e42e7,acc_axis_0a0d59,TXNDE5496FAEA80,2025-02-28,1527.62,debit,INR,Big Bazaar,UPI,-110871.13,Housing::Household Supplies,
usr_6f2e42e7,acc_axis_0a0d59,TXN10C19A145DB2,2025-03-01,108.49,debit,INR,Barbeque Nation,card,-62668.08,Food & Drinks::Dining Out,weekend treat
usr_6f2e42e7,acc_axis_0a0d59,TXN886184922DEB,2025-03-01,652.36,debit,INR,Meesho,UPI,-94600.46,Shopping::Online Shopping,urgent replacement
usr_6f2e42e7,acc_yes_021b7f,TXN085971FE4DD3,2025-03-03,36041.76,credit,INR,Employer NEFT,NEFT,-225003.11,Income::Salary,project completion
usr_6f2e42e7,acc_axis_0a0d59,TXNCA399FBF5397,2025-03-03,9100.0,debit,INR,Landlord NEFT,NEFT,-112398.75,Housing::Rent,monthly rent
usr_6f2e42e7,acc_axis_0a0d59,TXNE8F850C4A054,2025-03-05,15466.24,debit,INR,Big Bazaar,UPI,-149540.45,Housing::Household Supplies,quarterly maintenance
usr_6f2e42e7,acc_axis_b8a95b,TXN100167A4D177,2025-03-05,5123.87,debit,INR,IndiGo,card,-157261.09,Transportation::Flight & Train,office commute
usr_6f2e42e7,acc_axis_0a0d59,TXN1FE969CBEA4C,2025-03-06,299.0,debit,INR,Hotstar,UPI,-121617.75,Life & Entertainment::Subscriptions,
usr_6f2e42e7,acc_axis_0a0d59,TXN4135680F5370,2025-03-06,399.0,debit,INR,Jio Fiber,UPI,-121916.75,Life & Entertainment::Subscriptions,
usr_6f2e42e7,acc_yes_021b7f,TXN3A3B1A073A03,2025-03-06,27258.52,debit,INR,Tata Power,UPI,-214275.28,Housing::Utilities,
usr_6f2e42e7,acc_axis_0a0d59,TXNCDD55F191B5A,2025-03-07,9534.73,debit,INR,Rapido,UPI,-122315.75,Transportation::Cab & Auto,client visit
usr_6f2e42e7,acc_axis_b8a95b,TXNF1D9C60BE717,2025-03-07,4930.21,debit,INR,Mall Parking,cash,-152330.88,Transportation::Parking,
usr_6f2e42e7,acc_axis_b8a95b,TXNAC8952F027DD,2025-03-08,826.02,debit,INR,BESCOM,UPI,-83862.06,Housing::Utilities,
usr_6f2e42e7,acc_axis_b8a95b,TXND4F5F4ADC8FE,2025-03-08,499.0,debit,INR,Airtel,UPI,-84688.08,Life & Entertainment::Subscriptions,
usr_6f2e42e7,acc_axis_0a0d59,TXNF597B6BEA433,2025-03-08,1116.67,debit,INR,Local Garage,cash,-205042.35,Vehicle::Service & Repair,
usr_6f2e42e7,acc_yes_021b7f,TXN0C6D1BD5CB37,2025-03-08,1893.2,debit,INR,Social,card,-212382.08,Food & Drinks::Dining Out,
usr_6f2e42e7,acc_axis_0a0d59,TXN54F52542CEA0,2025-03-08,9863.7,debit,INR,Local Plumber,cash,-206945.07,Housing::Maintenance & Repairs,quarterly maintenance
usr_6f2e42e7,acc_axis_0a0d59,TXN8E1442974843,2025-03-09,119.0,debit,INR,Spotify,UPI,-121498.75,Life & Entertainment::Subscriptions,
usr_6f2e42e7,acc_axis_0a0d59,TXN121F92B82D3C,2025-03-09,282.66,debit,INR,Monginis,cash,-131850.48,Food & Drinks::Bakery & Snacks,weekend treat
usr_6f2e42e7,acc_axis_b8a95b,TXNB37CD3A2FE15,2025-03-09,12253.71,debit,INR,Carpenter,cash,-182757.93,Housing::Maintenance & Repairs,
usr_6f2e42e7,acc_axis_b8a95b,TXN38EC8B7D79E2,2025-03-10,1107.86,debit,INR,HDFC RD,NEFT,-85187.08,Investments::RD,tax saving
usr_6f2e42e7,acc_axis_b8a95b,TXN53B2E124AF97,2025-03-10,7844.27,debit,INR,Westside,card,-86294.94,Shopping::Clothing & Apparel,
usr_6f2e42e7,acc_axis_0a0d59,TXNE84E151DF391,2025-03-10,15614.95,debit,INR,Advance Tax,NEFT,-266432.95,Financial Expenses::Tax Payment,monthly EMI
usr_6f2e42e7,acc_axis_b8a95b,TXN98DD972C64C3,2025-03-11,6355.08,debit,INR,IKEA,card,-195011.64,Shopping::Home & Kitchen,
usr_6f2e42e7,acc_axis_0a0d59,TXN5109E4E61055,2025-03-13,29964.92,debit,INR,DMart,UPI,-216808.77,Housing::Household Supplies,monthly bill
usr_6f2e42e7,acc_axis_b8a95b,TXN2FC9FCC31581,2025-03-14,798.33,debit,INR,Cafe Coffee Day,UPI,-171083.19,Food & Drinks::Cafes & Coffee,weekend treat
usr_6f2e42e7,acc_yes_021b7f,TXN99AC50FF64E1,2025-03-14,1325.38,debit,INR,WB Cakes,UPI,-241533.8,Food & Drinks::Bakery & Snacks,birthday dinner
usr_6f2e42e7,acc_axis_0a0d59,TXN94DFBA31EF75,2025-03-15,18357.11,debit,INR,Adani Electricity,UPI,-248075.84,Housing::Utilities,quarterly maintenance
usr_6f2e42e7,acc_yes_021b7f,TXN002834FB9CD5,2025-03-17,1088.88,debit,INR,Amazon,UPI,-207567.97,Shopping::Online Shopping,
usr_6f2e42e7,acc_axis_b8a95b,TXN1F940D81D953,2025-03-18,8698.23,debit,INR,Shell,card,-162384.96,Transportation::Fuel,airport drop
usr_6f2e42e7,acc_axis_b8a95b,TXN2037E82B4469,2025-03-18,10876.41,debit,INR,IRCTC,UPI,-171881.52,Transportation::Flight & Train,office commute
usr_6f2e42e7,acc_yes_021b7f,TXN2F353AB25932,2025-03-18,411.72,debit,INR,Chaayos,UPI,-253178.23,Food & Drinks::Cafes & Coffee,
usr_6f2e42e7,acc_yes_021b7f,TXNAC8405541E54,2025-03-21,9934.4,debit,INR,Pepperfry,UPI,-243243.83,Housing::Furniture,
usr_6f2e42e7,acc_yes_021b7f,TXN5F1437ADFAEF,2025-03-21,4593.19,debit,INR,Zara,card,-253589.95,Shopping::Clothing & Apparel,planned buy
usr_6f2e42e7,acc_axis_0a0d59,TXNC03D96CA96BB,2025-03-22,1302.15,debit,INR,Blinkit,UPI,-246773.69,Food & Drinks::Food Delivery,birthday dinner
usr_6f2e42e7,acc_axis_0a0d59,TXN569A87A545FF,2025-03-23,17407.31,debit,INR,Carpenter,cash,-132133.14,Housing::Maintenance & Repairs,urgent repair
usr_6f2e42e7,acc_yes_021b7f,TXNABD412423754,2025-03-23,18606.62,debit,INR,Maid Salary,cash,-188961.35,Housing::Domestic Help,
usr_6f2e42e7,acc_axis_0a0d59,TXN2F70D78F5C51,2025-03-23,1658.97,debit,INR,Gold's Gym,UPI,-203383.38,Life & Entertainment::Gym & Sports,
usr_6f2e42e7,acc_yes_021b7f,TXN0652B32BA1BD,2025-03-26,527.38,debit,INR,Blue Tokai,UPI,-208656.85,Food & Drinks::Cafes & Coffee,family dinner
usr_6f2e42e7,acc_axis_b8a95b,TXN36780865798E,2025-03-27,56867.54,debit,INR,Axis CC Bill,NEFT,-94139.21,Financial Expenses::Credit Card Bill,
usr_6f2e42e7,acc_axis_0a0d59,TXNAFB0A3C60C41,2025-03-27,786.05,debit,INR,Theobroma,card,-206159.02,Food & Drinks::Bakery & Snacks,family dinner
usr_6f2e42e7,acc_yes_021b7f,TXNBFDCAB9D9096,2025-03-27,384.65,debit,INR,Pepperfry,UPI,-242859.18,Housing::Furniture,
usr_6f2e42e7,acc_axis_0a0d59,TXNEF7C95BDCD9D,2025-03-29,38376.69,debit,INR,Bajaj Finance,NEFT,-165006.69,Financial Expenses::Loan EMI,annual premium
usr_6f2e42e7,acc_axis_b8a95b,TXNF13DAEC02E52,2025-03-30,1324.13,debit,INR,Third Wave Coffee,card,-151006.75,Food & Drinks::Cafes & Coffee,client dinner
usr_6f2e42e7,acc_yes_021b7f,TXN2AB805ABFF6E,2025-03-31,3197.85,debit,INR,SpiceJet,card,-209184.23,Transportation::Flight & Train,
usr_6f2e42e7,acc_axis_b8a95b,TXN06613A84E48E,2025-04-01,7241.57,debit,INR,BESCOM,UPI,-202182.98,Housing::Utilities,
usr_6f2e42e7,acc_axis_b8a95b,TXND388CD51141E,2025-04-01,1832.44,debit,INR,Chaayos,UPI,-362841.76,Food & Drinks::Cafes & Coffee,
usr_6f2e42e7,acc_axis_0a0d59,TXNE6C41E68421C,2025-04-02,16024.91,debit,INR,Amazon,UPI,-283994.36,Housing::Household Supplies,monthly bill
usr_6f2e42e7,acc_axis_b8a95b,TXN6185988B56BD,2025-04-02,16582.47,debit,INR,Coursera,card,-332291.48,Life & Entertainment::Education,trial membership
usr_6f2e42e7,acc_axis_0a0d59,TXN2339D43E506F,2025-04-03,35618.61,credit,INR,Employer NEFT,NEFT,-282047.9,Income::Salary,project completion
usr_6f2e42e7,acc_axis_0a0d59,TXNAD8E52951214,2025-04-03,9100.0,debit,INR,NoBroker Rent,NEFT,-246429.29,Housing::Rent,monthly rent
usr_6f2e42e7,acc_axis_b8a95b,TXN995977CA4A17,2025-04-03,21892.0,debit,INR,Amazon Prime,card,-238244.41,Life & Entertainment::Subscriptions,movie night
usr_6f2e42e7,acc_yes_021b7f,TXN053FEC5D640A,2025-04-03,49290.96,debit,INR,Bajaj Finance,NEFT,-324545.72,Financial Expenses::Loan EMI,annual premium
usr_6f2e42e7,acc_axis_b8a95b,TXN4613B0F1B093,2025-04-04,19012.89,debit,INR,Insider.in,UPI,-313278.59,Life & Entertainment::Movies & Events,
usr_6f2e42e7,acc_axis_0a0d59,TXNABA2E7151C69,2025-04-04,3411.85,debit,INR,Ajio,UPI,-315921.83,Shopping::Clothing & Apparel,planned buy
usr_6f2e42e7,acc_axis_b8a95b,TXN16C55C528383,2025-04-04,5115.31,debit,INR,Nykaa,UPI,-423158.85,Shopping::Personal Care,
usr_6f2e42e7,acc_axis_0a0d59,TXN210ACBE09694,2025-04-05,499.0,debit,INR,Airtel,UPI,-256142.42,Life & Entertainment::Subscriptions,
usr_6f2e42e7,acc_axis_b8a95b,TXN982DEC633DF4,2025-04-05,299.0,debit,INR,Hotstar,UPI,-201485.72,Life & Entertainment::Subscriptions,
usr_6f2e42e7,acc_yes_021b7f,TXNA586A2E1159D,2025-04-05,15189.31,debit,INR,BMTC,UPI,-273912.88,Transportation::Metro & Bus,
usr_6f2e42e7,acc_axis_b8a95b,TXNA599347C4B27,2025-04-05,4370.55,debit,INR,FASTag NHAI,IMPS,-364674.2,Transportation::Toll,
usr_6f2e42e7,acc_axis_b8a95b,TXN1C05F18D3B2B,2025-04-05,635.16,debit,INR,Monginis,cash,-428274.16,Food & Drinks::Bakery & Snacks,client dinner
usr_6f2e42e7,acc_yes_021b7f,TXN0D9E15C29987,2025-04-06,5719.39,debit,INR,Uber,UPI,-304500.57,Transportation::Cab & Auto,airport drop
usr_6f2e42e7,acc_axis_b8a95b,TXN1C780F043F9C,2025-04-07,119.0,debit,INR,Spotify,UPI,-201366.72,Life & Entertainment::Subscriptions,
usr_6f2e42e7,acc_yes_021b7f,TXND0AC99A70A1D,2025-04-07,285.22,debit,INR,Theobroma,card,-258823.69,Food & Drinks::Bakery & Snacks,post-gym meal
usr_6f2e42e7,acc_axis_0a0d59,TXNB496B1BE066E,2025-04-07,2670.72,debit,INR,Home Centre,card,-312288.93,Shopping::Home & Kitchen,planned buy
usr_6f2e42e7,acc_axis_0a0d59,TXN4D09FA13E5B1,2025-04-07,850.47,debit,INR,The Beer Cafe,card,-319333.68,Food & Drinks::Alcohol & Bars,weekend treat
usr_6f2e42e7,acc_axis_b8a95b,TXN0290717EA3C6,2025-04-08,12619.76,debit,INR,Landlord NEFT,NEFT,-349447.72,Housing::Rent,quarterly maintenance
usr_6f2e42e7,acc_axis_b8a95b,TXN21F584051C63,2025-04-08,10599.01,debit,INR,Local Gym,cash,-428909.32,Life & Entertainment::Gym & Sports,
usr_6f2e42e7,acc_axis_0a0d59,TXN076E3E1DB212,2025-04-09,1091.46,debit,INR,HDFC RD,NEFT,-257040.42,Investments::RD,emergency fund
usr_6f2e42e7,acc_axis_b8a95b,TXN31AF8CEBF237,2025-04-09,1003.32,debit,INR,Amazon,UPI,-394431.0,Shopping::Online Shopping,gifting
usr_6f2e42e7,acc_axis_0a0d59,TXN22E4B5A01930,2025-04-10,3959.75,debit,INR,Crossword,card,-308329.18,Shopping::Books & Stationery,gifting
usr_6f2e42e7,acc_axis_b8a95b,TXN4741CEC5CC8C,2025-04-10,16983.66,debit,INR,NoBroker Rent,UPI,-439508.33,Housing::Rent,
usr_6f2e42e7,acc_axis_b8a95b,TXN1C63999A6740,2025-04-10,15808.15,debit,INR,Security Tip,cash,-457351.57,Housing::Domestic Help,
usr_6f2e42e7,acc_axis_0a0d59,TXNE0D9646F406E,2025-04-11,399.0,debit,INR,Jio Fiber,UPI,-256641.42,Life & Entertainment::Subscriptions,
usr_6f2e42e7,acc_axis_b8a95b,TXNDD21D05D24C6,2025-04-11,398.26,debit,INR,Wine Shop,cash,-201784.72,Food & Drinks::Alcohol & Bars,birthday dinner
usr_6f2e42e7,acc_axis_b8a95b,TXNC60499EA77B2,2025-04-11,279.76,debit,INR,The Beer Cafe,card,-237964.65,Food & Drinks::Alcohol & Bars,
usr_6f2e42e7,acc_axis_b8a95b,TXN4FB703C9B674,2025-04-11,17457.42,debit,INR,Security Tip,cash,-369044.75,Housing::Domestic Help,urgent repair
usr_6f2e42e7,acc_yes_021b7f,TXN97C6AF14B73C,2025-04-11,1031.71,debit,INR,Maid Salary,cash,-303468.86,Housing::Domestic Help,
usr_6f2e42e7,acc_axis_0a0d59,TXN6F3C21039FCF,2025-04-11,19127.29,debit,INR,Pepperfry,UPI,-338225.15,Housing::Furniture,urgent repair
usr_6f2e42e7,acc_axis_0a0d59,TXN500A9AD53FE9,2025-04-12,613.13,debit,INR,BWSSB,UPI,-255529.29,Housing::Utilities,
usr_6f2e42e7,acc_yes_021b7f,TXN7FF3A97710B2,2025-04-12,2155.92,debit,INR,TASMAC,cash,-301312.94,Food & Drinks::Alcohol & Bars,
usr_6f2e42e7,acc_axis_0a0d59,TXNF96BC8749EBF,2025-04-12,18041.0,debit,INR,Flipkart Gift,UPI,-320184.15,Life & Entertainment::Gifting,
usr_6f2e42e7,acc_yes_021b7f,TXN71B018927DD2,2025-04-16,640.55,debit,INR,Blinkit,UPI,-258183.14,Food & Drinks::Groceries,birthday dinner
usr_6f2e42e7,acc_axis_b8a95b,TXNA359A8442157,2025-04-16,28540.1,debit,INR,Adani Electricity,UPI,-209424.55,Housing::Utilities,
usr_6f2e42e7,acc_yes_021b7f,TXN0279851467BB,2025-04-16,6049.29,debit,INR,IKEA,card,-289102.19,Housing::Furniture,
usr_6f2e42e7,acc_axis_0a0d59,TXN7D56238F3610,2025-04-17,272.34,debit,INR,Social,card,-282889.99,Food & Drinks::Dining Out,weekly groceries
usr_6f2e42e7,acc_yes_021b7f,TXND14606AD8CFE,2025-04-18,9907.85,debit,INR,Local Garage,cash,-373836.68,Vehicle::Service & Repair,
usr_6f2e42e7,acc_axis_b8a95b,TXN6955E0BA8930,2025-04-19,15146.82,debit,INR,Airport Parking,card,-298131.77,Transportation::Parking,
usr_6f2e42e7,acc_axis_b8a95b,TXN3A23001FA735,2025-04-20,364.42,debit,INR,Blinkit,UPI,-286932.59,Food & Drinks::Food Delivery,office snacks
usr_6f2e42e7,acc_axis_b8a95b,TXN74F15C8D0E53,2025-04-21,14015.61,debit,INR,Security Tip,cash,-264579.72,Housing::Domestic Help,monthly bill
usr_6f2e42e7,acc_axis_b8a95b,TXNBEA794700F36,2025-04-21,941.44,debit,INR,GST Portal,UPI,-285991.15,Financial Expenses::Tax Payment,
usr_6f2e42e7,acc_yes_021b7f,TXNE36E97872218,2025-04-21,2123.36,debit,INR,WB Cakes,UPI,-295151.48,Food & Drinks::Bakery & Snacks,team lunch
usr_6f2e42e7,acc_axis_b8a95b,TXN9C4B2E5750F1,2025-04-21,7928.83,debit,INR,Reliance Digital,card,-386502.17,Shopping::Electronics,
usr_6f2e42e7,acc_axis_0a0d59,TXNE2819D5E99AC,2025-04-22,962.18,debit,INR,Third Wave Coffee,card,-314959.65,Food & Drinks::Cafes & Coffee,
usr_6f2e42e7,acc_axis_b8a95b,TXN768138059C47,2025-04-22,25385.48,debit,INR,Landlord NEFT,NEFT,-397773.37,Housing::Rent,quarterly maintenance
usr_6f2e42e7,acc_yes_021b7f,TXNE4DFF9C76BA1,2025-04-23,14803.97,debit,INR,BPCL Petrol,UPI,-259108.91,Transportation::Fuel,
usr_6f2e42e7,acc_axis_b8a95b,TXN786FF49D591A,2025-04-23,573.77,debit,INR,Big Bazaar,UPI,-348873.95,Housing::Household Supplies,urgent repair
usr_6f2e42e7,acc_axis_0a0d59,TXNFA04BD3BB5AB,2025-04-24,24758.11,debit,INR,IKEA,card,-258131.88,Housing::Furniture,urgent repair
usr_6f2e42e7,acc_axis_b8a95b,TXND736B0696231,2025-04-24,4102.97,debit,INR,Adani Electricity,UPI,-260476.75,Housing::Utilities,quarterly maintenance
usr_6f2e42e7,acc_axis_b8a95b,TXN2AC01C6F94A9,2025-04-24,10834.76,debit,INR,HDFC Auto Loan,NEFT,-287297.01,Vehicle::Vehicle EMI,scheduled service
usr_6f2e42e7,acc_yes_021b7f,TXN4F81FC82DD7C,2025-04-24,4038.1,debit,INR,Mamaearth,UPI,-297274.84,Shopping::Personal Care,anniversary
usr_6f2e42e7,acc_axis_0a0d59,TXNFD486276F647,2025-04-25,8309.91,debit,INR,Home Centre,card,-300019.27,Shopping::Home & Kitchen,sale purchase
usr_6f2e42e7,acc_axis_0a0d59,TXN32D928788B60,2025-04-26,832.03,debit,INR,FASTag NHAI,IMPS,-283162.33,Transportation::Toll,
usr_6f2e42e7,acc_axis_b8a95b,TXN3026599EA91A,2025-04-27,2339.05,debit,INR,The Beer Cafe,card,-395434.32,Food & Drinks::Alcohol & Bars,post-gym meal
usr_6f2e42e7,acc_axis_b8a95b,TXN3C426119B6D5,2025-04-28,774.28,debit,INR,Swiggy,UPI,-362067.48,Food & Drinks::Food Delivery,weekly groceries
usr_6f2e42e7,acc_yes_021b7f,TXNCDAA814FF976,2025-04-28,14325.76,debit,INR,Landlord NEFT,NEFT,-310219.96,Housing::Rent,
usr_6f2e42e7,acc_yes_021b7f,TXNE7318EE12FA0,2025-04-28,18042.78,debit,INR,FASTag NHAI,IMPS,-383744.53,Transportation::Toll,
usr_6f2e42e7,acc_axis_b8a95b,TXN8C1E0ADBDEF3,2025-04-29,859.58,debit,INR,Zomato,UPI,-456491.99,Food & Drinks::Food Delivery,
usr_6f2e42e7,acc_axis_b8a95b,TXN9D7457C359BF,2025-04-30,340.34,debit,INR,Zomato Dine,UPI,-260136.41,Food & Drinks::Dining Out,weekend treat
usr_6f2e42e7,acc_axis_b8a95b,TXNDE5ADF0D07AE,2025-04-30,7395.82,debit,INR,Jio Fiber,UPI,-278595.33,Housing::Utilities,
usr_8fca52e4,acc_sbi_2dfd63,TXN0BDAA5223E70,2025-01-01,272157.46,credit,INR,Employer NEFT,NEFT,136410.99,Income::Salary,
usr_8fca52e4,acc_hdfc_b9f70e,TXNBF4D7E5BE52D,2025-01-01,2439.42,debit,INR,PVR Cinemas,card,-129896.57,Life & Entertainment::Movies & Events,movie night
usr_8fca52e4,acc_indusind_4ef56f,TXNFB48992C6FE3,2025-01-01,16362.0,debit,INR,LIC HFL,NEFT,-237044.95,Financial Expenses::Loan EMI,monthly EMI
usr_8fca52e4,acc_hdfc_f6fde6,TXN01BA4FE34318,2025-01-02,499.0,debit,INR,Airtel,UPI,17235.86,Life & Entertainment::Subscriptions,
usr_8fca52e4,acc_hdfc_f6fde6,TXN9FB4DD53857F,2025-01-02,62254.97,debit,INR,HDFC Bank Charges,debit,-317553.51,Financial Expenses::Bank Charges,
usr_8fca52e4,acc_sbi_2dfd63,TXN3E2CE764D8F8,2025-01-04,1104.22,debit,INR,Swiggy,UPI,404654.91,Food & Drinks::Food Delivery,family dinner
usr_8fca52e4,acc_indusind_4ef56f,TXNB636CBE95F00,2025-01-04,31932.47,debit,INR,ICICI Prudential,UPI,-253406.95,Financial Expenses::Insurance Premium,due payment
usr_8fca52e4,acc_hdfc_b9f70e,TXN722C43A3AD64,2025-01-04,869.65,credit,INR,PhonePe Reward,UPI,-366516.9,Income::Freelance,
usr_8fca52e4,acc_yes_c9bf45,TXNFE6683769CD0,2025-01-05,86600.0,debit,INR,Housing Society,NEFT,134798.21,Housing::Rent,monthly rent
usr_8fca52e4,acc_yes_c9bf45,TXN61805F5B4557,2025-01-05,49300.0,debit,INR,SBI Home Loan,NEFT,48198.21,Financial Expenses::Loan EMI,monthly EMI
usr_8fca52e4,acc_sbi_2dfd63,TXN0986A0A918A0,2025-01-05,299.0,debit,INR,Amazon Prime,card,408568.45,Life & Entertainment::Subscriptions,
usr_8fca52e4,acc_hdfc_f6fde6,TXN7D12B0A30C16,2025-01-05,8724.31,debit,INR,Booking.com,card,16337.86,Life & Entertainment::Travel & Hotels,
usr_8fca52e4,acc_hdfc_f6fde6,TXNDD6E28E473F0,2025-01-05,16587.45,debit,INR,ICICI CC Bill,NEFT,-121181.08,Financial Expenses::Credit Card Bill,
usr_8fca52e4,acc_hdfc_b9f70e,TXN49C0BBF8E52E,2025-01-05,2347.7,debit,INR,Barbeque Nation,card,-266952.4,Food & Drinks::Dining Out,weekly groceries
usr_8fca52e4,acc_sbi_2dfd63,TXNB6CB798C58A4,2025-01-05,46820.31,debit,INR,HDFC Home Loan,NEFT,153195.45,Financial Expenses::Loan EMI,due payment
usr_8fca52e4,acc_hdfc_f6fde6,TXN3183D8C6E338,2025-01-05,34866.51,debit,INR,HDFC Bank Charges,debit,-218293.04,Financial Expenses::Bank Charges,
usr_8fca52e4,acc_indusind_4ef56f,TXN9C51C6C568F8,2025-01-06,15398.83,debit,INR,Post Office RD,NEFT,12770.28,Investments::RD,goal-based
usr_8fca52e4,acc_yes_c9bf45,TXN28F224FC1760,2025-01-06,4237.51,debit,INR,Amazon Gift,UPI,-468605.85,Life & Entertainment::Gifting,movie night
usr_8fca52e4,acc_indusind_4ef56f,TXNAC7D4A0FE32E,2025-01-07,19169.19,debit,INR,Local Gift Shop,cash,-17064.31,Life & Entertainment::Gifting,family outing
usr_8fca52e4,acc_indusind_4ef56f,TXNC497186B21DE,2025-01-07,1845.64,debit,INR,DMart,UPI,-36233.5,Food & Drinks::Groceries,
usr_8fca52e4,acc_indusind_4ef56f,TXNCC29DBEC6AC4,2025-01-07,58859.51,debit,INR,Urban Ladder,card,-57828.13,Housing::Furniture,
usr_8fca52e4,acc_yes_c9bf45,TXN381CCEEF2201,2025-01-07,56565.14,debit,INR,SBI Charges,debit,-278722.94,Financial Expenses::Bank Charges,
usr_8fca52e4,acc_indusind_4ef56f,TXN475E6ED4C14E,2025-01-07,2445.35,debit,INR,Swiggy,UPI,-234599.6,Food & Drinks::Food Delivery,weekly groceries
usr_8fca52e4,acc_hdfc_f6fde6,TXN04D5D92ADB9F,2025-01-07,131.34,debit,INR,Dunzo,UPI,-379808.48,Food & Drinks::Food Delivery,birthday dinner
usr_8fca52e4,acc_hdfc_f6fde6,TXN7954EC588E5E,2025-01-08,399.0,debit,INR,Jio Fiber,UPI,16736.86,Life & Entertainment::Subscriptions,
usr_8fca52e4,acc_hdfc_f6fde6,TXNC9032FFFBBF0,2025-01-08,3918.8,debit,INR,Amazon Gift,UPI,-137768.53,Life & Entertainment::Gifting,
usr_8fca52e4,acc_yes_c9bf45,TXN30BA673420E0,2025-01-08,33295.6,debit,INR,HDFC Life,UPI,-102750.99,Financial Expenses::Insurance Premium,
usr_8fca52e4,acc_yes_c9bf45,TXN08F1940B0C16,2025-01-08,3982.36,debit,INR,Zepto,UPI,-365122.56,Food & Drinks::Groceries,birthday dinner
usr_8fca52e4,acc_sbi_2dfd63,TXNF456C4DFA6DB,2025-01-08,3089.21,debit,INR,Zomato Dine,UPI,37858.95,Food & Drinks::Dining Out,client dinner
usr_8fca52e4,acc_hdfc_f6fde6,TXN3D9E840D2C4F,2025-01-08,54168.44,debit,INR,Electrician,cash,-253159.55,Housing::Maintenance & Repairs,urgent repair
usr_8fca52e4,acc_hdfc_f6fde6,TXN2B406AF81B0C,2025-01-08,10001.4,debit,INR,Cook Salary,cash,-307552.11,Housing::Domestic Help,monthly bill
usr_8fca52e4,acc_hdfc_b9f70e,TXN474634D42EEE,2025-01-09,15969.87,debit,INR,Zerodha Coin,UPI,83396.99,Investments::Mutual Fund SIP,tax saving
usr_8fca52e4,acc_hdfc_b9f70e,TXN3B486FFD3203,2025-01-09,15499.06,debit,INR,NPS Tier-2,NEFT,67427.12,Investments::PPF / NPS,monthly SIP
usr_8fca52e4,acc_hdfc_b9f70e,TXNF790DE8A7E75,2025-01-09,14318.25,debit,INR,Income Tax Portal,UPI,-352198.65,Financial Expenses::Tax Payment,monthly EMI
usr_8fca52e4,acc_yes_c9bf45,TXNAF12AF9E6E35,2025-01-10,11297.08,debit,INR,SBI FD,NEFT,-1101.79,Investments::Fixed Deposit,
usr_8fca52e4,acc_indusind_4ef56f,TXN345D66D88429,2025-01-10,19748.99,debit,INR,New India Assurance,UPI,-38079.14,Vehicle::Insurance,tyre change
usr_8fca52e4,acc_hdfc_f6fde6,TXN0C777E60B9D3,2025-01-10,5586.52,debit,INR,Security Tip,cash,-141687.33,Housing::Domestic Help,quarterly maintenance
usr_8fca52e4,acc_sbi_2dfd63,TXN17AF5C4AB909,2025-01-10,1572.05,debit,INR,Local Bakery,cash,154767.5,Food & Drinks::Bakery & Snacks,family dinner
usr_8fca52e4,acc_indusind_4ef56f,TXNC96AFE7FBB74,2025-01-10,34334.71,debit,INR,Advance Tax,NEFT,-116687.64,Financial Expenses::Tax Payment,
usr_8fca52e4,acc_indusind_4ef56f,TXN87EF4984D7E7,2025-01-11,589.6,debit,INR,Starbucks,card,-200440.16,Food & Drinks::Cafes & Coffee,team lunch
usr_8fca52e4,acc_indusind_4ef56f,TXNF163F27DCE32,2025-01-11,33569.84,debit,INR,Airtel,UPI,-201029.76,Housing::Utilities,urgent repair
usr_8fca52e4,acc_hdfc_f6fde6,TXN1BD1AD0C7B99,2025-01-11,224.12,debit,INR,Monginis,cash,-307327.99,Food & Drinks::Bakery & Snacks,
usr_8fca52e4,acc_hdfc_f6fde6,TXN812B0595438E,2025-01-12,2229.63,debit,INR,BWSSB,UPI,19465.49,Housing::Utilities,
usr_8fca52e4,acc_indusind_4ef56f,TXN956C43977FF2,2025-01-12,14435.76,debit,INR,Angel One,UPI,-2628.55,Investments::Stock Purchase,
usr_8fca52e4,acc_hdfc_f6fde6,TXN51F09F2410B3,2025-01-12,16448.07,debit,INR,Axis CC Bill,NEFT,7613.55,Financial Expenses::Credit Card Bill,due payment
usr_8fca52e4,acc_sbi_2dfd63,TXN0843190288AC,2025-01-12,11553.93,debit,INR,Reliance Digital,card,403550.69,Shopping::Electronics,anniversary
usr_8fca52e4,acc_hdfc_f6fde6,TXNFD2E4A454C8B,2025-01-13,112346.56,debit,INR,Kotak Charges,debit,-8834.52,Financial Expenses::Bank Charges,
usr_8fca52e4,acc_hdfc_f6fde6,TXNB3984EB8E9DC,2025-01-13,6859.64,debit,INR,Amazon Electronics,UPI,-147273.85,Shopping::Electronics,urgent replacement
usr_8fca52e4,acc_yes_c9bf45,TXN7E0033CD454F,2025-01-14,12935.38,debit,INR,Local Bookshop,cash,-45516.92,Shopping::Books & Stationery,
usr_8fca52e4,acc_sbi_2dfd63,TXN975D9DB5FFE5,2025-01-14,14344.85,debit,INR,Nykaa,UPI,362848.2,Shopping::Personal Care,birthday gift
usr_8fca52e4,acc_hdfc_b9f70e,TXN8FD0685D3B7F,2025-01-15,9623.82,debit,INR,Hotstar,UPI,51928.06,Life & Entertainment::Subscriptions,movie night
usr_8fca52e4,acc_hdfc_b9f70e,TXN230D81F60256,2025-01-15,14933.8,debit,INR,SBI Charges,debit,-92605.19,Financial Expenses::Bank Charges,
usr_8fca52e4,acc_yes_c9bf45,TXN2AB72A36E2D5,2025-01-15,4926.34,debit,INR,Pepperfry,UPI,-97824.65,Housing::Furniture,
usr_8fca52e4,acc_yes_c9bf45,TXNA95179352593,2025-01-16,3400.24,debit,INR,Barbeque Nation,card,-12398.87,Food & Drinks::Dining Out,post-gym meal
usr_8fca52e4,acc_yes_c9bf45,TXNBD13B994CF47,2025-01-16,1604.71,debit,INR,Blue Tokai,UPI,-15799.11,Food & Drinks::Cafes & Coffee,team lunch
usr_8fca52e4,acc_hdfc_b9f70e,TXN0994D37398EF,2025-01-16,50312.09,debit,INR,NoBroker Rent,UPI,-42293.1,Housing::Rent,
usr_8fca52e4,acc_yes_c9bf45,TXNDE15B24FAD5B,2025-01-16,28113.1,debit,INR,YouTube Premium,UPI,-17403.82,Life & Entertainment::Subscriptions,trial membership
usr_8fca52e4,acc_yes_c9bf45,TXN572C61A8491F,2025-01-16,2031.28,debit,INR,Reliance Fresh,UPI,-136046.59,Food & Drinks::Groceries,birthday dinner
usr_8fca52e4,acc_hdfc_b9f70e,TXNC5EC9D63B832,2025-01-16,826.31,debit,INR,Nykaa,UPI,-269300.1,Shopping::Online Shopping,gifting
usr_8fca52e4,acc_hdfc_b9f70e,TXNFC561169F8FC,2025-01-16,50516.18,debit,INR,NoBroker Rent,UPI,-270126.41,Housing::Rent,monthly bill
usr_8fca52e4,acc_yes_c9bf45,TXNC984EF5D377E,2025-01-18,39372.35,debit,INR,DMart,UPI,-58452.3,Housing::Household Supplies,urgent repair
usr_8fca52e4,acc_sbi_2dfd63,TXN8D2142DADD88,2025-01-18,1095.63,debit,INR,Reliance Fresh,UPI,94754.17,Food & Drinks::Groceries,family dinner
usr_8fca52e4,acc_sbi_2dfd63,TXN38AD21691F2B,2025-01-18,29575.96,debit,INR,Security Tip,cash,34769.74,Housing::Domestic Help,
usr_8fca52e4,acc_sbi_2dfd63,TXNDA56E396B9A4,2025-01-19,29148.56,debit,INR,Indian Oil,UPI,391996.76,Transportation::Fuel,client visit
usr_8fca52e4,acc_hdfc_b9f70e,TXN004E537192A5,2025-01-19,57477.13,debit,INR,NoBroker Rent,UPI,-209475.27,Housing::Rent,
usr_8fca52e4,acc_indusind_4ef56f,TXN1BD71DF12B26,2025-01-19,54667.87,debit,INR,NoBroker Rent,UPI,-285339.42,Housing::Rent,
usr_8fca52e4,acc_sbi_2dfd63,TXNC752CEBA2D43,2025-01-20,63758.78,debit,INR,Kotak Charges,debit,263195.0,Financial Expenses::Bank Charges,annual premium
usr_8fca52e4,acc_sbi_2dfd63,TXN786F10B54E05,2025-01-20,44668.72,debit,INR,Local Store,cash,199436.22,Housing::Household Supplies,monthly bill
usr_8fca52e4,acc_yes_c9bf45,TXN003061DD1C5A,2025-01-20,109478.86,debit,INR,HDFC Life,UPI,-169244.08,Financial Expenses::Insurance Premium,
usr_8fca52e4,acc_yes_c9bf45,TXN5C23B12D0FEE,2025-01-20,99500.93,debit,INR,Advance Tax,NEFT,-369104.92,Financial Expenses::Tax Payment,annual premium
usr_8fca52e4,acc_sbi_2dfd63,TXNF96B7DC00D1C,2025-01-20,55799.59,debit,INR,Max Life,UPI,93658.54,Financial Expenses::Insurance Premium,
usr_8fca52e4,acc_hdfc_b9f70e,TXN6D00048603E1,2025-01-20,31556.06,debit,INR,LIC HFL,NEFT,-320642.59,Financial Expenses::Loan EMI,
usr_8fca52e4,acc_hdfc_b9f70e,TXND1194DE54DE3,2025-01-22,57974.36,debit,INR,ICICI CC Bill,NEFT,42304.24,Financial Expenses::Credit Card Bill,
usr_8fca52e4,acc_sbi_2dfd63,TXNC0F22A3A47A9,2025-01-22,3614.54,debit,INR,Local Restaurant,cash,408269.45,Food & Drinks::Dining Out,weekly groceries
usr_8fca52e4,acc_hdfc_b9f70e,TXN09946655CDD1,2025-01-22,22357.58,debit,INR,Axis Loan,NEFT,-107538.99,Financial Expenses::Loan EMI,annual premium
usr_8fca52e4,acc_sbi_2dfd63,TXN62846C810CE8,2025-01-23,85308.35,debit,INR,Kotak Charges,debit,348503.35,Financial Expenses::Bank Charges,monthly EMI
usr_8fca52e4,acc_hdfc_f6fde6,TXN0A37481614C0,2025-01-24,3343.48,debit,INR,BBMP Parking,UPI,-214949.56,Transportation::Parking,
usr_8fca52e4,acc_indusind_4ef56f,TXND3B87214CC8E,2025-01-25,2935.91,debit,INR,Zara,card,-185480.86,Shopping::Clothing & Apparel,
usr_8fca52e4,acc_yes_c9bf45,TXN72530A3729B7,2025-01-25,12972.23,debit,INR,Local Gift Shop,cash,-472843.36,Life & Entertainment::Gifting,trial membership
usr_8fca52e4,acc_hdfc_b9f70e,TXN482CA28EBA23,2025-01-26,26622.98,debit,INR,Maruti Service,card,-15670.12,Vehicle::Service & Repair,tyre change
usr_8fca52e4,acc_hdfc_f6fde6,TXNA4DCD9553B75,2025-01-26,60816.07,debit,INR,Bajaj Finance,NEFT,-154133.49,Financial Expenses::Loan EMI,monthly EMI
usr_8fca52e4,acc_sbi_2dfd63,TXNB3D9678AD61C,2025-01-26,9661.14,debit,INR,Nykaa,UPI,106375.14,Shopping::Online Shopping,urgent replacement
usr_8fca52e4,acc_hdfc_b9f70e,TXNC2472F7AD127,2025-01-27,77139.28,debit,INR,HDFC Bank Charges,debit,-132335.99,Financial Expenses::Bank Charges,annual premium
usr_8fca52e4,acc_indusind_4ef56f,TXN67A7C02ECD69,2025-01-27,12023.39,debit,INR,GST Portal,UPI,-188416.77,Financial Expenses::Tax Payment,
usr_8fca52e4,acc_sbi_2dfd63,TXN3F637B2A83E8,2025-01-27,1959.83,debit,INR,TASMAC,cash,96714.0,Food & Drinks::Alcohol & Bars,client dinner
usr_8fca52e4,acc_yes_c9bf45,TXN1743849643B0,2025-01-29,29834.48,debit,INR,HDFC Home Loan,NEFT,-335288.08,Financial Expenses::Loan EMI,
usr_8fca52e4,acc_yes_c9bf45,TXN5D9DCDCF3CDD,2025-01-30,31166.21,debit,INR,Kotak Charges,debit,-138077.87,Financial Expenses::Bank Charges,
usr_8fca52e4,acc_indusind_4ef56f,TXNAD92B6CE4798,2025-01-30,34458.51,debit,INR,SBI Life,UPI,-151022.35,Financial Expenses::Insurance Premium,due payment
usr_8fca52e4,acc_sbi_2dfd63,TXN8E3267401347,2025-01-31,2081.84,debit,INR,Social,card,-422981.88,Food & Drinks::Dining Out,post-gym meal
usr_8fca52e4,acc_indusind_4ef56f,TXN0AC3071ABFD1,2025-02-01,273617.13,credit,INR,Employer NEFT,NEFT,-340007.29,Income::Salary,monthly salary
usr_8fca52e4,acc_hdfc_b9f70e,TXN897DCC2D8B98,2025-02-01,86600.0,debit,INR,Landlord NEFT,NEFT,-365647.25,Housing::Rent,monthly rent
usr_8fca52e4,acc_hdfc_f6fde6,TXN77A5F9F46370,2025-02-01,29412.4,debit,INR,Landlord NEFT,NEFT,-517536.71,Housing::Rent,
usr_8fca52e4,acc_yes_c9bf45,TXN86A51589E693,2025-02-01,69335.97,debit,INR,HDFC Home Loan,NEFT,-610475.08,Financial Expenses::Loan EMI,due payment
usr_8fca52e4,acc_hdfc_b9f70e,TXN53FB2050F422,2025-02-01,1249.96,debit,INR,Swiggy,UPI,-666167.42,Food & Drinks::Food Delivery,team lunch
usr_8fca52e4,acc_sbi_2dfd63,TXN85F9EF9BDF83,2025-02-01,23101.66,debit,INR,Amazon Books,UPI,-340509.52,Shopping::Books & Stationery,sale purchase
usr_8fca52e4,acc_hdfc_f6fde6,TXN6C2679806E64,2025-02-01,3330.65,debit,INR,Blinkit,UPI,-625002.58,Food & Drinks::Food Delivery,birthday dinner
usr_8fca52e4,acc_hdfc_f6fde6,TXNA3C58E6F9374,2025-02-01,16201.47,debit,INR,Mamaearth,UPI,-628333.23,Shopping::Personal Care,gifting
usr_8fca52e4,acc_yes_c9bf45,TXN8ACCF263F545,2025-02-01,2375.14,debit,INR,Blinkit,UPI,-1069277.02,Food & Drinks::Groceries,weekend treat
usr_8fca52e4,acc_hdfc_f6fde6,TXN87CF39C20BBA,2025-02-02,49300.0,debit,INR,SBI Home Loan,NEFT,-379939.82,Financial Expenses::Loan EMI,monthly EMI
usr_8fca52e4,acc_sbi_2dfd63,TXN18967FF6C40F,2025-02-02,112361.36,debit,INR,GST Portal,UPI,4694.78,Financial Expenses::Tax Payment,due payment
usr_8fca52e4,acc_sbi_2dfd63,TXN0C8A94AB65FE,2025-02-02,65576.25,debit,INR,Axis Charges,debit,-141696.12,Financial Expenses::Bank Charges,monthly EMI
usr_8fca52e4,acc_sbi_2dfd63,TXN73853497A4EC,2025-02-02,952.55,debit,INR,Zomato,UPI,-453612.01,Food & Drinks::Food Delivery,weekly groceries
usr_8fca52e4,acc_hdfc_f6fde6,TXN09E8DB3C65A3,2025-02-03,399.0,debit,INR,Jio Fiber,UPI,-429239.82,Life & Entertainment::Subscriptions,
usr_8fca52e4,acc_indusind_4ef56f,TXN219955B6B9A1,2025-02-03,61884.61,debit,INR,ICICI Prudential,UPI,-88680.94,Financial Expenses::Insurance Premium,due payment
usr_8fca52e4,acc_indusind_4ef56f,TXN3D49D0D09228,2025-02-03,31612.35,debit,INR,Income Tax Portal,UPI,-529544.36,Financial Expenses::Tax Payment,annual premium
usr_8fca52e4,acc_hdfc_b9f70e,TXNBD9C45525103,2025-02-03,66503.6,debit,INR,Income Tax Portal,UPI,-991407.43,Financial Expenses::Tax Payment,
usr_8fca52e4,acc_sbi_2dfd63,TXND9F263F3970E,2025-02-04,78570.01,debit,INR,GST Portal,UPI,-261939.51,Financial Expenses::Tax Payment,annual premium
usr_8fca52e4,acc_hdfc_b9f70e,TXN510207B2CDEE,2025-02-04,58646.34,debit,INR,UrbanClap,UPI,-667417.38,Housing::Maintenance & Repairs,urgent repair
usr_8fca52e4,acc_indusind_4ef56f,TXND1B240AFC589,2025-02-05,299.0,debit,INR,Amazon Prime,card,-66390.16,Life & Entertainment::Subscriptions,
usr_8fca52e4,acc_hdfc_b9f70e,TXNA81C72F9DC29,2025-02-05,98980.4,debit,INR,SBI CC Bill,NEFT,-567187.02,Financial Expenses::Credit Card Bill,due payment
usr_8fca52e4,acc_hdfc_b9f70e,TXN3DD86B72B305,2025-02-05,21260.64,debit,INR,IKEA,card,-726063.72,Housing::Furniture,
usr_8fca52e4,acc_indusind_4ef56f,TXN5F231612C38A,2025-02-06,55845.34,debit,INR,Local Plumber,cash,-574496.57,Housing::Maintenance & Repairs,urgent repair
usr_8fca52e4,acc_sbi_2dfd63,TXN928CD0FC89DC,2025-02-07,499.0,debit,INR,Airtel,UPI,5193.78,Life & Entertainment::Subscriptions,
usr_8fca52e4,acc_hdfc_b9f70e,TXNF2D55B62A468,2025-02-07,15438.44,debit,INR,Post Office RD,NEFT,-452247.25,Investments::RD,tax saving
usr_8fca52e4,acc_yes_c9bf45,TXN97E4122EE2D1,2025-02-07,15141.92,debit,INR,NPS Tier-2,NEFT,-487500.7,Investments::PPF / NPS,tax saving
usr_8fca52e4,acc_hdfc_b9f70e,TXN208F2431B401,2025-02-07,19941.08,debit,INR,Croma,card,-748889.73,Shopping::Electronics,anniversary
usr_8fca52e4,acc_yes_c9bf45,TXN2B15BA83325A,2025-02-08,1685.11,debit,INR,Airtel,UPI,-485815.59,Housing::Utilities,
usr_8fca52e4,acc_hdfc_f6fde6,TXNC32619E74683,2025-02-08,59264.27,debit,INR,ICICI CC Bill,NEFT,-445235.84,Financial Expenses::Credit Card Bill,
usr_8fca52e4,acc_hdfc_b9f70e,TXN77B4973A5DF3,2025-02-08,1565.37,debit,INR,Blue Tokai,UPI,-747324.36,Food & Drinks::Cafes & Coffee,team lunch
usr_8fca52e4,acc_sbi_2dfd63,TXN5684DC6DAD36,2025-02-08,2711.43,debit,INR,The Beer Cafe,card,-420270.45,Food & Drinks::Alcohol & Bars,weekly groceries
usr_8fca52e4,acc_hdfc_f6fde6,TXN94778FE701F1,2025-02-09,15597.02,debit,INR,Zerodha Coin,UPI,-429638.82,Investments::Mutual Fund SIP,monthly SIP
usr_8fca52e4,acc_yes_c9bf45,TXNC1DF25D0A563,2025-02-09,11645.45,debit,INR,SBI FD,NEFT,-502642.62,Investments::Fixed Deposit,lump sum
usr_8fca52e4,acc_sbi_2dfd63,TXN076585C58C36,2025-02-09,34029.54,debit,INR,Carpenter,cash,-107666.58,Housing::Maintenance & Repairs,
usr_8fca52e4,acc_hdfc_f6fde6,TXN850FEFDBF64C,2025-02-09,4142.92,debit,INR,Apollo Pharmacy,UPI,-546949.11,Shopping::Personal Care,gifting
usr_8fca52e4,acc_sbi_2dfd63,TXN6D9E8587461D,2025-02-09,1630.91,debit,INR,Theobroma,card,-247304.87,Food & Drinks::Bakery & Snacks,
usr_8fca52e4,acc_hdfc_f6fde6,TXN27DDADB96A44,2025-02-09,12692.82,debit,INR,Shell,card,-612309.76,Transportation::Fuel,airport drop
usr_8fca52e4,acc_hdfc_b9f70e,TXNA270868C7D75,2025-02-09,11150.64,debit,INR,Crossword,card,-786755.7,Shopping::Books & Stationery,planned buy
usr_8fca52e4,acc_indusind_4ef56f,TXNA1DD91E43AE9,2025-02-09,52631.28,debit,INR,Security Tip,cash,-476913.08,Housing::Domestic Help,quarterly maintenance
usr_8fca52e4,acc_hdfc_b9f70e,TXNC3EE5D9B5F3C,2025-02-10,14724.99,debit,INR,Angel One,UPI,-467685.69,Investments::Stock Purchase,emergency fund
usr_8fca52e4,acc_sbi_2dfd63,TXND94314652998,2025-02-10,13418.07,debit,INR,KSRTC,UPI,-363611.18,Transportation::Metro & Bus,client visit
usr_8fca52e4,acc_yes_c9bf45,TXNB9CF665B1281,2025-02-10,110252.14,debit,INR,Axis CC Bill,NEFT,-796562.04,Financial Expenses::Credit Card Bill,
usr_8fca52e4,acc_hdfc_b9f70e,TXNBCC39D23DE36,2025-02-10,17924.89,debit,INR,Meesho,UPI,-768830.81,Shopping::Online Shopping,
usr_8fca52e4,acc_yes_c9bf45,TXNC28284917B6F,2025-02-11,2365.74,debit,INR,Starbucks,card,-679811.05,Food & Drinks::Cafes & Coffee,family dinner
usr_8fca52e4,acc_indusind_4ef56f,TXN87852D716567,2025-02-11,86650.27,debit,INR,HDFC Life,UPI,-150565.55,Financial Expenses::Insurance Premium,
usr_8fca52e4,acc_hdfc_f6fde6,TXN96F7C273C3C8,2025-02-11,32791.7,debit,INR,Maid Salary,cash,-645015.83,Housing::Domestic Help,monthly bill
usr_8fca52e4,acc_sbi_2dfd63,TXN16D129F15DF4,2025-02-11,26368.69,debit,INR,Carpenter,cash,-535501.81,Housing::Maintenance & Repairs,
usr_8fca52e4,acc_indusind_4ef56f,TXNF8C144707B1D,2025-02-12,19687.85,debit,INR,BPCL Petrol,UPI,-280406.12,Transportation::Fuel,
usr_8fca52e4,acc_sbi_2dfd63,TXN75B155317C35,2025-02-12,49813.26,debit,INR,Pepperfry,UPI,-485688.55,Housing::Furniture,monthly bill
usr_8fca52e4,acc_sbi_2dfd63,TXN7923C558701A,2025-02-13,43241.2,debit,INR,Tata Power,UPI,-377029.25,Housing::Utilities,monthly bill
usr_8fca52e4,acc_hdfc_f6fde6,TXNFE90EF6DF1CE,2025-02-14,30807.75,debit,INR,Hotstar,UPI,-551092.03,Life & Entertainment::Subscriptions,annual plan
usr_8fca52e4,acc_yes_c9bf45,TXN7E4B7B5BE50C,2025-02-14,96025.51,debit,INR,ICICI CC Bill,NEFT,-906814.18,Financial Expenses::Credit Card Bill,annual premium
usr_8fca52e4,acc_hdfc_b9f70e,TXNE3B0D4D952E9,2025-02-15,43229.54,debit,INR,GST Portal,UPI,-797906.34,Financial Expenses::Tax Payment,due payment
usr_8fca52e4,acc_yes_c9bf45,TXNCF014ECAEB6C,2025-02-16,96187.01,debit,INR,Axis Charges,debit,-514288.07,Financial Expenses::Bank Charges,
usr_8fca52e4,acc_hdfc_f6fde6,TXN1E046BAFADF8,2025-02-16,2872.4,debit,INR,Insider.in,UPI,-581899.78,Life & Entertainment::Movies & Events,
usr_8fca52e4,acc_indusind_4ef56f,TXNB434AF274FA3,2025-02-16,76187.93,debit,INR,ICICI CC Bill,NEFT,-400725.15,Financial Expenses::Credit Card Bill,monthly EMI
usr_8fca52e4,acc_sbi_2dfd63,TXN82FC97CE6ED9,2025-02-16,28548.29,debit,INR,Amazon Books,UPI,-425063.72,Shopping::Books & Stationery,urgent replacement
usr_8fca52e4,acc_indusind_4ef56f,TXNF1E1E3081DFE,2025-02-16,1924.72,debit,INR,DMart,UPI,-561156.71,Food & Drinks::Groceries,post-gym meal
usr_8fca52e4,acc_hdfc_b9f70e,TXN9B1AEF875A68,2025-02-16,6391.62,debit,INR,BBMP Parking,UPI,-1057911.03,Transportation::Parking,
usr_8fca52e4,acc_sbi_2dfd63,TXN0852FD3EA21D,2025-02-17,13003.73,debit,INR,NoBroker Rent,UPI,-248935.78,Housing::Rent,
usr_8fca52e4,acc_hdfc_b9f70e,TXNFDCD36C78048,2025-02-17,50617.99,debit,INR,HDFC Bank Charges,debit,-841135.88,Financial Expenses::Bank Charges,monthly EMI
usr_8fca52e4,acc_yes_c9bf45,TXNC614FA22EBED,2025-02-17,66437.33,debit,INR,HDFC Bank Charges,debit,-1002839.69,Financial Expenses::Bank Charges,monthly EMI
usr_8fca52e4,acc_sbi_2dfd63,TXND58FC5974473,2025-02-18,17974.07,debit,INR,Apollo Pharmacy,UPI,-454564.56,Shopping::Personal Care,birthday gift
usr_8fca52e4,acc_hdfc_b9f70e,TXN801E66B18BFB,2025-02-19,47830.15,debit,INR,Pepperfry,UPI,-943577.28,Housing::Furniture,quarterly maintenance
usr_8fca52e4,acc_hdfc_b9f70e,TXN7F61A8A2A987,2025-02-20,5302.05,debit,INR,Vahan Portal,UPI,-482410.68,Vehicle::Registration & Tax,scheduled service
usr_8fca52e4,acc_hdfc_b9f70e,TXN8CE3076D6BBC,2025-02-20,13046.83,debit,INR,Local Store,cash,-554140.19,Housing::Household Supplies,
usr_8fca52e4,acc_hdfc_f6fde6,TXN384EBCEF1FAF,2025-02-21,9146.81,debit,INR,Uber,UPI,-504500.11,Transportation::Cab & Auto,client visit
usr_8fca52e4,acc_sbi_2dfd63,TXN832FA08C282E,2025-02-21,32296.24,debit,INR,Maid Salary,cash,-207272.37,Housing::Domestic Help,urgent repair
usr_8fca52e4,acc_indusind_4ef56f,TXNC244224152B6,2025-02-21,10343.56,debit,INR,GST Portal,UPI,-237215.82,Financial Expenses::Tax Payment,
usr_8fca52e4,acc_indusind_4ef56f,TXN1C3DE9A53375,2025-02-21,18801.7,credit,INR,Amazon Refund,NEFT,-630341.91,Income::Freelance,
usr_8fca52e4,acc_yes_c9bf45,TXN9FDE6E84E03C,2025-02-22,114385.25,debit,INR,LIC Premium,UPI,-682176.79,Financial Expenses::Insurance Premium,annual premium
usr_8fca52e4,acc_indusind_4ef56f,TXN67DAB67D58B8,2025-02-24,21991.78,debit,INR,Pepperfry,UPI,-66689.16,Housing::Furniture,
usr_8fca52e4,acc_sbi_2dfd63,TXN076BF24BFBE4,2025-02-24,7736.26,debit,INR,Jio Fiber,UPI,-239568.61,Housing::Utilities,quarterly maintenance
usr_8fca52e4,acc_hdfc_f6fde6,TXNC6E9558F45D8,2025-02-24,481.13,debit,INR,The Beer Cafe,card,-644534.7,Food & Drinks::Alcohol & Bars,
usr_8fca52e4,acc_indusind_4ef56f,TXN517335680DF6,2025-02-24,11415.14,debit,INR,Carpenter,cash,-563081.43,Housing::Maintenance & Repairs,
usr_8fca52e4,acc_hdfc_b9f70e,TXNCF739CB5C411,2025-02-25,29384.56,debit,INR,NoBroker Rent,UPI,-914192.72,Housing::Rent,
usr_8fca52e4,acc_sbi_2dfd63,TXNA7605D563F1F,2025-02-25,13149.92,debit,INR,Flipkart Gift,UPI,-472538.63,Life & Entertainment::Gifting,date night
usr_8fca52e4,acc_hdfc_f6fde6,TXND21330AD65A5,2025-02-25,115492.32,debit,INR,HDFC Home Loan,NEFT,-677807.53,Financial Expenses::Loan EMI,
usr_8fca52e4,acc_hdfc_b9f70e,TXN4AB59335410F,2025-02-26,10724.03,debit,INR,FNP Flowers,card,-497063.46,Life & Entertainment::Gifting,date night
usr_8fca52e4,acc_hdfc_f6fde6,TXNBD35507D3D81,2025-02-26,27537.58,debit,INR,ICICI Lombard,UPI,-584772.18,Vehicle::Insurance,tyre change
usr_8fca52e4,acc_hdfc_b9f70e,TXNE5C6FDF43684,2025-02-26,22438.85,debit,INR,Housing Society,NEFT,-891753.87,Housing::Rent,
usr_8fca52e4,acc_hdfc_b9f70e,TXN9E0D173E4D9A,2025-02-27,43334.82,debit,INR,DMart,UPI,-510805.37,Housing::Household Supplies,quarterly maintenance
usr_8fca52e4,acc_indusind_4ef56f,TXNFB4DF497DE84,2025-02-27,32846.74,debit,INR,Airtel,UPI,-247559.38,Housing::Utilities,urgent repair
usr_8fca52e4,acc_indusind_4ef56f,TXN1EA54C585E65,2025-02-27,100631.18,debit,INR,SBI Charges,debit,-300093.97,Financial Expenses::Bank Charges,annual premium
usr_8fca52e4,acc_hdfc_f6fde6,TXND7ABDAA3619E,2025-02-28,3889.79,debit,INR,Chaayos,UPI,-513646.92,Food & Drinks::Cafes & Coffee,
usr_8fca52e4,acc_hdfc_b9f70e,TXN33BE2B8EB32B,2025-02-28,3017.88,debit,INR,Axis Loan,NEFT,-507787.49,Financial Expenses::Loan EMI,
usr_8fca52e4,acc_hdfc_b9f70e,TXNE593E6165643,2025-03-01,9350.73,debit,INR,MakeMyTrip,card,-487712.73,Life & Entertainment::Travel & Hotels,annual plan
usr_8fca52e4,acc_yes_c9bf45,TXNB134EA883D20,2025-03-02,4734.06,debit,INR,Air India,card,-1237727.22,Transportation::Flight & Train,weekend trip
usr_8fca52e4,acc_hdfc_f6fde6,TXNE93F4E797F17,2025-03-02,960.77,debit,INR,DMart,UPI,-831627.63,Food & Drinks::Groceries,birthday dinner
usr_8fca52e4,acc_hdfc_f6fde6,TXNA24CF09F3478,2025-03-02,14248.85,debit,INR,Flipkart Books,UPI,-842786.81,Shopping::Books & Stationery,
usr_8fca52e4,acc_hdfc_b9f70e,TXN83BF45204BDA,2025-03-02,3893.16,debit,INR,Wine Shop,cash,-1068543.73,Food & Drinks::Alcohol & Bars,team lunch
usr_8fca52e4,acc_yes_c9bf45,TXN8CF6114A6178,2025-03-02,107946.18,debit,INR,HDFC Life,UPI,-1406205.77,Financial Expenses::Insurance Premium,monthly EMI
usr_8fca52e4,acc_sbi_2dfd63,TXN33294F77CBD4,2025-03-02,12580.14,debit,INR,RTO Online,UPI,-1035331.48,Vehicle::Registration & Tax,tyre change
usr_8fca52e4,acc_hdfc_b9f70e,TXN6A6B0C2B08F5,2025-03-03,269794.32,credit,INR,Employer NEFT,NEFT,-1064302.65,Income::Salary,part-time
usr_8fca52e4,acc_yes_c9bf45,TXN8A98D15DDE21,2025-03-03,15645.36,debit,INR,Housing Society,NEFT,-1286920.63,Housing::Rent,urgent repair
usr_8fca52e4,acc_hdfc_b9f70e,TXN577584908D38,2025-03-03,45236.72,debit,INR,Cook Salary,cash,-854846.98,Housing::Domestic Help,
usr_8fca52e4,acc_indusind_4ef56f,TXN67606FD228B5,2025-03-03,30187.9,debit,INR,ICICI CC Bill,NEFT,-925584.25,Financial Expenses::Credit Card Bill,
usr_8fca52e4,acc_sbi_2dfd63,TXN73BD10C9F396,2025-03-03,3414.15,debit,INR,Dunzo,UPI,-1031917.33,Food & Drinks::Food Delivery,weekly groceries
usr_8fca52e4,acc_hdfc_b9f70e,TXN88295FFB918A,2025-03-04,299.0,debit,INR,Amazon Prime,card,-795134.63,Life & Entertainment::Subscriptions,
usr_8fca52e4,acc_indusind_4ef56f,TXN243B6EA44FE0,2025-03-04,51677.27,debit,INR,Maid Salary,cash,-640751.91,Housing::Domestic Help,urgent repair
usr_8fca52e4,acc_indusind_4ef56f,TXNE3401AD80455,2025-03-04,41000.97,debit,INR,Tata Power,UPI,-711963.17,Housing::Utilities,monthly bill
usr_8fca52e4,acc_yes_c9bf45,TXND10B0C34A998,2025-03-05,86600.0,debit,INR,NoBroker Rent,NEFT,-1071652.16,Housing::Rent,monthly rent
usr_8fca52e4,acc_indusind_4ef56f,TXN0B8DA12D8C91,2025-03-05,40528.75,debit,INR,Local Store,cash,-752964.14,Housing::Household Supplies,
usr_8fca52e4,acc_indusind_4ef56f,TXN930C9E500AC7,2025-03-06,39839.07,debit,INR,LIC HFL,NEFT,-793492.89,Financial Expenses::Loan EMI,monthly EMI
usr_8fca52e4,acc_sbi_2dfd63,TXN0D941713E3F8,2025-03-06,13286.39,debit,INR,Flipkart,UPI,-988417.21,Shopping::Online Shopping,
usr_8fca52e4,acc_sbi_2dfd63,TXN83A32E827C9C,2025-03-06,30213.73,debit,INR,SBI Life,UPI,-1001703.6,Financial Expenses::Insurance Premium,monthly EMI
usr_8fca52e4,acc_hdfc_b9f70e,TXN542C5F62BF32,2025-03-06,27174.87,debit,INR,SBI CC Bill,NEFT,-1082650.66,Financial Expenses::Credit Card Bill,monthly EMI
usr_8fca52e4,acc_hdfc_b9f70e,TXNF0B43EFA793E,2025-03-07,626.3,debit,INR,Airtel,UPI,-794508.33,Housing::Utilities,
usr_8fca52e4,acc_sbi_2dfd63,TXN6562F3923B84,2025-03-07,15901.65,debit,INR,Post Office RD,NEFT,-561870.5,Investments::RD,lump sum
usr_8fca52e4,acc_yes_c9bf45,TXNEC9C9A0F6878,2025-03-08,49300.0,debit,INR,SBI Home Loan,NEFT,-1158252.16,Financial Expenses::Loan EMI,monthly EMI
usr_8fca52e4,acc_hdfc_f6fde6,TXN350B5CDD4549,2025-03-08,15327.29,debit,INR,NPS Tier-2,NEFT,-793698.85,Investments::PPF / NPS,tax saving
usr_8fca52e4,acc_yes_c9bf45,TXNA669E80D8D87,2025-03-08,4789.65,debit,INR,ICICI Prudential,UPI,-1242461.28,Financial Expenses::Insurance Premium,monthly EMI
usr_8fca52e4,acc_hdfc_b9f70e,TXNEB9FFD795CE0,2025-03-08,19014.28,debit,INR,Vahan Portal,UPI,-807615.09,Vehicle::Registration & Tax,accidental repair
usr_8fca52e4,acc_sbi_2dfd63,TXN3302BA0DBE1C,2025-03-08,11202.55,debit,INR,SBI Auto Loan,NEFT,-726849.28,Vehicle::Vehicle EMI,accidental repair
usr_8fca52e4,acc_indusind_4ef56f,TXN6A7087706C2A,2025-03-09,8416.84,debit,INR,ICICI Lombard,UPI,-632335.07,Vehicle::Insurance,tyre change
usr_8fca52e4,acc_hdfc_f6fde6,TXNE7065658895A,2025-03-09,69835.39,debit,INR,SBI Home Loan,NEFT,-915080.21,Financial Expenses::Loan EMI,annual premium
usr_8fca52e4,acc_hdfc_b9f70e,TXNF194B0319B86,2025-03-10,499.0,debit,INR,Airtel,UPI,-795433.63,Life & Entertainment::Subscriptions,
usr_8fca52e4,acc_yes_c9bf45,TXN34B2171E3891,2025-03-10,27858.33,debit,INR,FASTag NHAI,IMPS,-1259062.3,Transportation::Toll,
usr_8fca52e4,acc_yes_c9bf45,TXN99237788E533,2025-03-10,632.6,debit,INR,TASMAC,cash,-1328649.2,Food & Drinks::Alcohol & Bars,post-gym meal
usr_8fca52e4,acc_hdfc_f6fde6,TXNCC04DADF5DC0,2025-03-11,399.0,debit,INR,Jio Fiber,UPI,-793299.85,Life & Entertainment::Subscriptions,
usr_8fca52e4,acc_yes_c9bf45,TXNA731054E1D47,2025-03-11,16133.45,debit,INR,Zerodha Coin,UPI,-1207552.16,Investments::Mutual Fund SIP,
usr_8fca52e4,acc_hdfc_b9f70e,TXN859D79351315,2025-03-11,11682.46,debit,INR,SBI FD,NEFT,-795932.63,Investments::Fixed Deposit,
usr_8fca52e4,acc_indusind_4ef56f,TXND26BD96F3E19,2025-03-11,27797.06,debit,INR,LIC HFL,NEFT,-873235.34,Financial Expenses::Loan EMI,
usr_8fca52e4,acc_yes_c9bf45,TXN8B274C0C6959,2025-03-13,10173.97,debit,INR,Amazon,UPI,-1247250.93,Shopping::Online Shopping,
usr_8fca52e4,acc_sbi_2dfd63,TXN4DE4F9F284BB,2025-03-13,31084.38,debit,INR,SBI Charges,debit,-738051.83,Financial Expenses::Bank Charges,
usr_8fca52e4,acc_hdfc_f6fde6,TXN3FB51D162D28,2025-03-13,49420.6,debit,INR,Axis Loan,NEFT,-1120338.48,Financial Expenses::Loan EMI,annual premium
usr_8fca52e4,acc_hdfc_f6fde6,TXNBD3B513436AC,2025-03-13,27939.53,debit,INR,Shell,card,-1169759.08,Transportation::Fuel,
usr_8fca52e4,acc_hdfc_b9f70e,TXN58640FA52D5A,2025-03-13,10213.77,debit,INR,IKEA,card,-1072436.89,Housing::Furniture,
usr_8fca52e4,acc_yes_c9bf45,TXN08003ECC6B5F,2025-03-14,14041.61,debit,INR,Angel One,UPI,-1223685.61,Investments::Stock Purchase,monthly SIP
usr_8fca52e4,acc_yes_c9bf45,TXN0EBEA816D461,2025-03-14,40496.87,debit,INR,Electrician,cash,-1365708.9,Housing::Maintenance & Repairs,
usr_8fca52e4,acc_indusind_4ef56f,TXN4320E9908D4E,2025-03-14,40076.55,debit,INR,Landlord NEFT,NEFT,-1058058.94,Housing::Rent,
usr_8fca52e4,acc_yes_c9bf45,TXNF06C7CB30D9A,2025-03-14,2297.58,debit,INR,The Beer Cafe,card,-1514151.95,Food & Drinks::Alcohol & Bars,office snacks
usr_8fca52e4,acc_hdfc_f6fde6,TXNB0A74753062C,2025-03-16,114925.65,debit,INR,Advance Tax,NEFT,-993128.11,Financial Expenses::Tax Payment,annual premium
usr_8fca52e4,acc_sbi_2dfd63,TXN09C7C4EEF306,2025-03-16,21876.06,debit,INR,IndiGo,card,-1047911.62,Transportation::Flight & Train,airport drop
usr_8fca52e4,acc_hdfc_f6fde6,TXN62DD5F4C7100,2025-03-17,22601.49,debit,INR,BEST,UPI,-809026.14,Transportation::Metro & Bus,office commute
usr_8fca52e4,acc_hdfc_f6fde6,TXNA6672BFBF962,2025-03-17,4368.11,debit,INR,Toit Brewpub,card,-1115970.37,Food & Drinks::Alcohol & Bars,birthday dinner
usr_8fca52e4,acc_indusind_4ef56f,TXN5DA99492E3A3,2025-03-17,32504.29,debit,INR,Cult.fit,UPI,-833331.96,Life & Entertainment::Gym & Sports,movie night
usr_8fca52e4,acc_indusind_4ef56f,TXN0F18C424F8B1,2025-03-17,23922.16,debit,INR,HDFC CC Bill,NEFT,-1113491.42,Financial Expenses::Credit Card Bill,
usr_8fca52e4,acc_indusind_4ef56f,TXNA8F53E61E5AF,2025-03-18,19533.99,debit,INR,Rapido,UPI,-692429.18,Transportation::Cab & Auto,
usr_8fca52e4,acc_hdfc_b9f70e,TXN515E61506074,2025-03-18,82524.63,debit,INR,HDFC Home Loan,NEFT,-900083.7,Financial Expenses::Loan EMI,monthly EMI
usr_8fca52e4,acc_sbi_2dfd63,TXN74E90EACEFC6,2025-03-18,27716.54,debit,INR,BWSSB,UPI,-913172.77,Housing::Utilities,
usr_8fca52e4,acc_hdfc_f6fde6,TXN80B6D792F5B1,2025-03-19,58044.55,debit,INR,NoBroker Rent,UPI,-857035.66,Housing::Rent,monthly bill
usr_8fca52e4,acc_yes_c9bf45,TXNC38B2130236D,2025-03-19,9654.78,debit,INR,HDFC Bank Charges,debit,-1302565.99,Financial Expenses::Bank Charges,
usr_8fca52e4,acc_hdfc_b9f70e,TXNC4249C90C3A9,2025-03-19,14785.47,debit,INR,Local Bookshop,cash,-990206.03,Shopping::Books & Stationery,birthday gift
usr_8fca52e4,acc_hdfc_f6fde6,TXN526C3D4B0D71,2025-03-20,4503.3,debit,INR,Housing Society,NEFT,-832588.4,Housing::Rent,urgent repair
usr_8fca52e4,acc_sbi_2dfd63,TXN09C182D253EC,2025-03-20,72201.02,debit,INR,HDFC CC Bill,NEFT,-769136.21,Financial Expenses::Credit Card Bill,
usr_8fca52e4,acc_indusind_4ef56f,TXN31F6C340F131,2025-03-20,675.11,debit,INR,Cafe Coffee Day,UPI,-865836.25,Food & Drinks::Cafes & Coffee,birthday dinner
usr_8fca52e4,acc_indusind_4ef56f,TXNB23400E36547,2025-03-20,15355.93,debit,INR,HDFC Home Loan,NEFT,-1098135.49,Financial Expenses::Loan EMI,
usr_8fca52e4,acc_sbi_2dfd63,TXN782552223237,2025-03-23,115308.5,debit,INR,LIC HFL,NEFT,-597411.02,Financial Expenses::Loan EMI,due payment
usr_8fca52e4,acc_hdfc_f6fde6,TXN684FDDB2C547,2025-03-23,8212.51,debit,INR,Toll Plaza,cash,-984915.6,Transportation::Toll,client visit
usr_8fca52e4,acc_hdfc_f6fde6,TXNB51F24399EF8,2025-03-23,3742.76,debit,INR,Zomato Dine,UPI,-1434113.16,Food & Drinks::Dining Out,post-gym meal
usr_8fca52e4,acc_yes_c9bf45,TXNED2082DD5A47,2025-03-24,36427.1,debit,INR,Amazon Gift,UPI,-1329281.8,Life & Entertainment::Gifting,
usr_8fca52e4,acc_hdfc_b9f70e,TXN9BBFCA1B0811,2025-03-24,63552.23,debit,INR,ICICI CC Bill,NEFT,-1004991.5,Financial Expenses::Credit Card Bill,
usr_8fca52e4,acc_hdfc_f6fde6,TXN2D8E96DB9F5A,2025-03-24,33609.97,debit,INR,ICICI Lombard,UPI,-1437855.92,Vehicle::Insurance,
usr_8fca52e4,acc_hdfc_f6fde6,TXN7E0D5FDA5336,2025-03-25,65430.07,debit,INR,SBI Home Loan,NEFT,-1290197.94,Financial Expenses::Loan EMI,monthly EMI
usr_8fca52e4,acc_hdfc_b9f70e,TXNDF4E8CC04A02,2025-03-26,7597.7,debit,INR,SBI Charges,debit,-982608.33,Financial Expenses::Bank Charges,
usr_8fca52e4,acc_indusind_4ef56f,TXN610B13888443,2025-03-26,24551.85,debit,INR,Coursera,card,-901032.4,Life & Entertainment::Education,date night
usr_8fca52e4,acc_sbi_2dfd63,TXNF319B0E2220B,2025-03-27,19451.07,debit,INR,Mumbai Metro,UPI,-940889.31,Transportation::Metro & Bus,
usr_8fca52e4,acc_yes_c9bf45,TXNFD6AEC40E6B6,2025-03-27,90425.93,debit,INR,Advance Tax,NEFT,-1516449.53,Financial Expenses::Tax Payment,annual premium
usr_8fca52e4,acc_hdfc_f6fde6,TXN2D16196D5F63,2025-03-28,5695.11,debit,INR,FNP Flowers,card,-837091.7,Life & Entertainment::Gifting,movie night
usr_8fca52e4,acc_sbi_2dfd63,TXN96A6800BF404,2025-03-28,71835.54,debit,INR,Income Tax Portal,UPI,-841337.23,Financial Expenses::Tax Payment,annual premium
usr_8fca52e4,acc_hdfc_f6fde6,TXN6D87B5D196F7,2025-03-28,92499.33,debit,INR,HDFC Life,UPI,-1197698.61,Financial Expenses::Insurance Premium,
usr_8fca52e4,acc_indusind_4ef56f,TXN360482DAA027,2025-03-28,6723.98,debit,INR,Amazon,UPI,-866511.36,Shopping::Online Shopping,planned buy
usr_8fca52e4,acc_hdfc_f6fde6,TXN03E272A99F6F,2025-03-29,78485.15,debit,INR,GST Portal,UPI,-1355628.01,Financial Expenses::Tax Payment,monthly EMI
usr_8fca52e4,acc_indusind_4ef56f,TXNDE1EA8207496,2025-03-30,20794.86,debit,INR,HDFC Bank Charges,debit,-611540.21,Financial Expenses::Bank Charges,annual premium
usr_8fca52e4,acc_sbi_2dfd63,TXNC812F423E4D9,2025-03-30,19638.87,debit,INR,SBI Charges,debit,-577772.15,Financial Expenses::Bank Charges,
usr_8fca52e4,acc_sbi_2dfd63,TXN46653192191C,2025-03-30,2056.39,debit,INR,Toll Plaza,cash,-712719.52,Transportation::Toll,airport drop
usr_8fca52e4,acc_sbi_2dfd63,TXN20B79A6F0B0E,2025-03-30,12073.37,debit,INR,Airtel,UPI,-714775.91,Housing::Utilities,urgent repair
usr_8fca52e4,acc_hdfc_b9f70e,TXNF66B4BD6605E,2025-03-30,28217.61,debit,INR,Apple Music,card,-826629.37,Life & Entertainment::Subscriptions,annual plan
usr_8fca52e4,acc_hdfc_f6fde6,TXNA3682AD6B9A8,2025-03-30,7916.61,debit,INR,Toll Plaza,cash,-1108053.76,Transportation::Toll,airport drop
usr_8fca52e4,acc_sbi_2dfd63,TXN3F26B443D5BC,2025-03-30,28076.83,debit,INR,Local Store,cash,-960340.38,Housing::Household Supplies,
usr_8fca52e4,acc_yes_c9bf45,TXNB9DA8A7D036D,2025-03-31,1637.4,debit,INR,Third Wave Coffee,card,-1257424.9,Food & Drinks::Cafes & Coffee,family dinner
usr_8fca52e4,acc_yes_c9bf45,TXN73E6606990CF,2025-03-31,16428.43,debit,INR,SBI Charges,debit,-1312220.77,Financial Expenses::Bank Charges,
usr_8fca52e4,acc_indusind_4ef56f,TXN17FE843C008A,2025-03-31,102286.79,debit,INR,ICICI CC Bill,NEFT,-955772.15,Financial Expenses::Credit Card Bill,monthly EMI
usr_8fca52e4,acc_sbi_2dfd63,TXN2D818FB3243D,2025-03-31,10839.0,credit,INR,Client Transfer,UPI,-1069787.68,Income::Bonus,
usr_8fca52e4,acc_hdfc_f6fde6,TXNBC4B823BA932,2025-04-01,267573.95,credit,INR,Employer NEFT,NEFT,-1471465.89,Income::Salary,
usr_8fca52e4,acc_hdfc_f6fde6,TXNF8FA15CE70FB,2025-04-01,27504.41,debit,INR,SBI Auto Loan,NEFT,-1511112.96,Vehicle::Vehicle EMI,accidental repair
usr_8fca52e4,acc_hdfc_f6fde6,TXNB73BE6AC4FBA,2025-04-01,1711.77,debit,INR,Blue Tokai,UPI,-1557257.83,Food & Drinks::Cafes & Coffee,weekly groceries
usr_8fca52e4,acc_indusind_4ef56f,TXNC821DF97DA14,2025-04-01,8295.17,debit,INR,Flipkart Books,UPI,-1320105.02,Shopping::Books & Stationery,
usr_8fca52e4,acc_sbi_2dfd63,TXN58283558BFD2,2025-04-01,1992.37,debit,INR,Monginis,cash,-1328293.13,Food & Drinks::Bakery & Snacks,post-gym meal
usr_8fca52e4,acc_sbi_2dfd63,TXN3E8DB6C5AB8B,2025-04-01,87743.7,debit,INR,Income Tax Portal,UPI,-1482953.76,Financial Expenses::Tax Payment,due payment
usr_8fca52e4,acc_hdfc_b9f70e,TXN92E240B79703,2025-04-01,27834.28,debit,INR,LIC Premium,UPI,-1530257.46,Financial Expenses::Insurance Premium,
usr_8fca52e4,acc_hdfc_f6fde6,TXNE886F3F40AB3,2025-04-02,4118.43,debit,INR,Swiggy,UPI,-1492574.27,Food & Drinks::Food Delivery,
usr_8fca52e4,acc_sbi_2dfd63,TXN347C62181DAD,2025-04-03,3784.31,debit,INR,Adani Electricity,UPI,-1063792.92,Housing::Utilities,
usr_8fca52e4,acc_yes_c9bf45,TXNFC458B5AF410,2025-04-04,399.0,debit,INR,Jio Fiber,UPI,-1606875.46,Life & Entertainment::Subscriptions,
usr_8fca52e4,acc_hdfc_b9f70e,TXNC8DF5ECC8461,2025-04-04,113953.83,debit,INR,Axis Charges,debit,-1132634.07,Financial Expenses::Bank Charges,annual premium
usr_8fca52e4,acc_yes_c9bf45,TXN371CBBAB0A46,2025-04-04,50735.34,debit,INR,Bajaj Finance,NEFT,-1737637.73,Financial Expenses::Loan EMI,
usr_8fca52e4,acc_sbi_2dfd63,TXNA6D0F5145EE5,2025-04-04,1843.97,debit,INR,BPCL Petrol,UPI,-1295673.88,Transportation::Fuel,airport drop
usr_8fca52e4,acc_hdfc_f6fde6,TXN190B32256542,2025-04-04,86720.19,debit,INR,Axis Charges,debit,-1688855.48,Financial Expenses::Bank Charges,annual premium
usr_8fca52e4,acc_hdfc_f6fde6,TXN80AFB9B80FE4,2025-04-05,86600.0,debit,INR,Landlord NEFT,NEFT,-1203891.94,Housing::Rent,monthly rent
usr_8fca52e4,acc_sbi_2dfd63,TXN5F09F736DFCA,2025-04-05,74164.85,debit,INR,Axis Charges,debit,-1408788.91,Financial Expenses::Bank Charges,due payment
usr_8fca52e4,acc_hdfc_b9f70e,TXN1D536571BA88,2025-04-05,25056.32,debit,INR,Indian Oil,UPI,-1505201.14,Transportation::Fuel,
usr_8fca52e4,acc_hdfc_f6fde6,TXN262975DF9316,2025-04-06,49300.0,debit,INR,SBI Home Loan,NEFT,-1290491.94,Financial Expenses::Loan EMI,monthly EMI
usr_8fca52e4,acc_yes_c9bf45,TXN998405BD37E9,2025-04-06,3454.89,debit,INR,ICICI Prudential,UPI,-1638524.83,Financial Expenses::Insurance Premium,
usr_8fca52e4,acc_hdfc_f6fde6,TXN9308A65C4529,2025-04-06,17448.23,debit,INR,Flipkart Books,UPI,-1475126.04,Shopping::Books & Stationery,anniversary
usr_8fca52e4,acc_hdfc_b9f70e,TXN43355E62E56C,2025-04-06,2727.17,debit,INR,DMart,UPI,-1502473.97,Food & Drinks::Groceries,weekly groceries
usr_8fca52e4,acc_yes_c9bf45,TXNDD74C25F3CD3,2025-04-06,41426.38,debit,INR,Landlord NEFT,NEFT,-1869505.65,Housing::Rent,quarterly maintenance
usr_8fca52e4,acc_indusind_4ef56f,TXN135FCECDD474,2025-04-07,15225.32,debit,INR,NPS Tier-2,NEFT,-1154524.38,Investments::PPF / NPS,lump sum
usr_8fca52e4,acc_sbi_2dfd63,TXN2FAE2744140B,2025-04-07,4620.01,debit,INR,Zomato,UPI,-1291053.87,Food & Drinks::Food Delivery,office snacks
usr_8fca52e4,acc_yes_c9bf45,TXN4099134090EF,2025-04-07,18205.93,debit,INR,Housing Society,NEFT,-1788373.07,Housing::Rent,monthly bill
usr_8fca52e4,acc_yes_c9bf45,TXN727A6B6A2372,2025-04-07,13632.81,debit,INR,HDFC ERGO,UPI,-1940559.92,Vehicle::Insurance,
usr_8fca52e4,acc_yes_c9bf45,TXN0EB4AAD00E0F,2025-04-08,15658.43,debit,INR,Post Office RD,NEFT,-1622866.4,Investments::RD,tax saving
usr_8fca52e4,acc_indusind_4ef56f,TXN8EF036AF2B34,2025-04-08,11798.98,debit,INR,SBI FD,NEFT,-1169749.7,Investments::Fixed Deposit,goal-based
usr_8fca52e4,acc_yes_c9bf45,TXNBE381A9E233F,2025-04-08,7314.49,debit,INR,Bajaj Finance,NEFT,-1641979.72,Financial Expenses::Loan EMI,
usr_8fca52e4,acc_sbi_2dfd63,TXNC9C5A4C81439,2025-04-08,30775.28,debit,INR,GST Portal,UPI,-1297517.85,Financial Expenses::Tax Payment,due payment
usr_8fca52e4,acc_yes_c9bf45,TXN7F7A10CE5DA6,2025-04-09,15591.94,debit,INR,Zerodha Coin,UPI,-1607274.46,Investments::Mutual Fund SIP,
usr_8fca52e4,acc_indusind_4ef56f,TXN0177106E0891,2025-04-10,299.0,debit,INR,Amazon Prime,card,-1139888.58,Life & Entertainment::Subscriptions,
usr_8fca52e4,acc_hdfc_f6fde6,TXN08921E395A6B,2025-04-10,499.0,debit,INR,Airtel,UPI,-1339791.94,Life & Entertainment::Subscriptions,
usr_8fca52e4,acc_indusind_4ef56f,TXNBA3C9D392AF4,2025-04-10,35184.77,debit,INR,Security Tip,cash,-1251028.88,Housing::Domestic Help,quarterly maintenance
usr_8fca52e4,acc_hdfc_b9f70e,TXNE12858CB4353,2025-04-10,7799.65,debit,INR,Simplilearn,card,-1494674.32,Life & Entertainment::Education,annual plan
usr_8fca52e4,acc_hdfc_b9f70e,TXNE6A03B7526C2,2025-04-10,59901.82,debit,INR,DMart,UPI,-1558091.74,Housing::Household Supplies,urgent repair
usr_8fca52e4,acc_indusind_4ef56f,TXND56BFEEC0BEB,2025-04-11,14244.26,debit,INR,SBI CC Bill,NEFT,-1334544.15,Financial Expenses::Credit Card Bill,due payment
usr_8fca52e4,acc_indusind_4ef56f,TXNB444525E0FE5,2025-04-11,62999.09,debit,INR,HDFC Bank Charges,debit,-1348788.41,Financial Expenses::Bank Charges,
usr_8fca52e4,acc_hdfc_f6fde6,TXNE30F5660D97B,2025-04-12,57738.81,debit,INR,BWSSB,UPI,-1412909.19,Housing::Utilities,
usr_8fca52e4,acc_sbi_2dfd63,TXN47623B832A78,2025-04-12,4458.03,debit,INR,Cafe Coffee Day,UPI,-1067577.23,Food & Drinks::Cafes & Coffee,
usr_8fca52e4,acc_hdfc_b9f70e,TXN3C5572D69874,2025-04-12,31786.95,debit,INR,BWSSB,UPI,-1246587.9,Housing::Utilities,quarterly maintenance
usr_8fca52e4,acc_sbi_2dfd63,TXNEB9119331900,2025-04-12,3715.29,debit,INR,FabIndia,UPI,-1287338.58,Shopping::Clothing & Apparel,urgent replacement
usr_8fca52e4,acc_hdfc_f6fde6,TXN7EA170104672,2025-04-12,59386.03,debit,INR,Advance Tax,NEFT,-1558969.6,Financial Expenses::Tax Payment,monthly EMI
usr_8fca52e4,acc_hdfc_b9f70e,TXN10F801838F12,2025-04-12,89578.93,debit,INR,Income Tax Portal,UPI,-1405095.39,Financial Expenses::Tax Payment,annual premium
usr_8fca52e4,acc_indusind_4ef56f,TXNCF7198A6E12B,2025-04-13,14336.8,debit,INR,Angel One,UPI,-1140187.58,Investments::Stock Purchase,monthly SIP
usr_8fca52e4,acc_indusind_4ef56f,TXN6B3007233639,2025-04-13,4001.83,debit,INR,Cafe Coffee Day,UPI,-1203426.61,Food & Drinks::Cafes & Coffee,
usr_8fca52e4,acc_hdfc_f6fde6,TXNA6E3A0E0BBD5,2025-04-13,68767.97,debit,INR,Axis Loan,NEFT,-1620087.51,Financial Expenses::Loan EMI,due payment
usr_8fca52e4,acc_sbi_2dfd63,TXNBA482A455152,2025-04-13,19872.12,debit,INR,Axis Loan,NEFT,-1388916.79,Financial Expenses::Loan EMI,due payment
usr_8fca52e4,acc_hdfc_f6fde6,TXND2A946687582,2025-04-13,3706.16,debit,INR,Electrician,cash,-1775575.67,Housing::Maintenance & Repairs,
usr_8fca52e4,acc_indusind_4ef56f,TXN598DF770459E,2025-04-14,2475.0,debit,INR,Jio Fiber,UPI,-1137413.58,Housing::Utilities,
usr_8fca52e4,acc_indusind_4ef56f,TXN8E7A5A9F8615,2025-04-14,43600.44,debit,INR,Max Life,UPI,-1207428.44,Financial Expenses::Insurance Premium,annual premium
usr_8fca52e4,acc_yes_c9bf45,TXN776B5AB58C98,2025-04-14,24785.93,debit,INR,Coursera,card,-1806579.0,Life & Entertainment::Education,family outing
usr_8fca52e4,acc_yes_c9bf45,TXN588C3C8EF017,2025-04-14,2397.68,debit,INR,Blinkit,UPI,-1938162.24,Food & Drinks::Food Delivery,weekly groceries
usr_8fca52e4,acc_indusind_4ef56f,TXN086D699707D4,2025-04-14,58034.82,debit,INR,Security Tip,cash,-1475304.11,Housing::Domestic Help,
usr_8fca52e4,acc_sbi_2dfd63,TXN76A2C8CF5561,2025-04-16,107788.38,debit,INR,Advance Tax,NEFT,-1072035.26,Financial Expenses::Tax Payment,annual premium
usr_8fca52e4,acc_hdfc_b9f70e,TXNB1D4D7261369,2025-04-17,4721.11,debit,INR,SBI Auto Loan,NEFT,-1109825.53,Vehicle::Vehicle EMI,accidental repair
usr_8fca52e4,acc_hdfc_b9f70e,TXN69298DA6CD29,2025-04-17,9563.32,debit,INR,Myntra,UPI,-1123070.75,Shopping::Clothing & Apparel,
usr_8fca52e4,acc_hdfc_f6fde6,TXN12EA5080DF17,2025-04-17,6715.4,debit,INR,IKEA,card,-1550542.43,Housing::Furniture,
usr_8fca52e4,acc_yes_c9bf45,TXN5932CF428918,2025-04-17,27230.21,debit,INR,Axis CC Bill,NEFT,-1910932.03,Financial Expenses::Credit Card Bill,
usr_8fca52e4,acc_sbi_2dfd63,TXN52B23C5A2F1C,2025-04-18,25313.34,debit,INR,Maid Salary,cash,-1570697.46,Housing::Domestic Help,urgent repair
usr_8fca52e4,acc_indusind_4ef56f,TXNFB287311C92A,2025-04-19,21877.93,debit,INR,LIC HFL,NEFT,-1181548.68,Financial Expenses::Loan EMI,
usr_8fca52e4,acc_yes_c9bf45,TXNA74066524CD9,2025-04-19,17790.05,debit,INR,BESCOM,UPI,-1851715.6,Housing::Utilities,
usr_8fca52e4,acc_hdfc_f6fde6,TXN16FCC5C5480F,2025-04-19,34881.18,debit,INR,DMart,UPI,-1779281.83,Housing::Household Supplies,quarterly maintenance
usr_8fca52e4,acc_sbi_2dfd63,TXNDDC468393ACE,2025-04-20,91522.41,debit,INR,Kotak Charges,debit,-1179823.64,Financial Expenses::Bank Charges,due payment
usr_8fca52e4,acc_hdfc_f6fde6,TXNC99C18870748,2025-04-20,1731.88,debit,INR,Blinkit,UPI,-1618355.63,Food & Drinks::Food Delivery,
usr_8fca52e4,acc_sbi_2dfd63,TXN90593B9C064A,2025-04-20,58631.29,debit,INR,HDFC Bank Charges,debit,-1330285.5,Financial Expenses::Bank Charges,monthly EMI
usr_8fca52e4,acc_sbi_2dfd63,TXN7844C963FB91,2025-04-22,15992.53,debit,INR,Income Tax Portal,UPI,-1271346.05,Financial Expenses::Tax Payment,monthly EMI
usr_8fca52e4,acc_indusind_4ef56f,TXND8D87120F38E,2025-04-22,1427.61,debit,INR,Hotstar,UPI,-1286213.65,Life & Entertainment::Subscriptions,family outing
usr_8fca52e4,acc_indusind_4ef56f,TXN06A79F791000,2025-04-22,32463.76,debit,INR,DMart,UPI,-1287641.26,Housing::Household Supplies,
usr_8fca52e4,acc_indusind_4ef56f,TXN57407DEEE83F,2025-04-22,63516.61,debit,INR,Advance Tax,NEFT,-1411787.5,Financial Expenses::Tax Payment,monthly EMI
usr_8fca52e4,acc_sbi_2dfd63,TXN30CB3E5FB7A3,2025-04-23,4844.24,debit,INR,MakeMyTrip,card,-1058948.68,Life & Entertainment::Travel & Hotels,
usr_8fca52e4,acc_hdfc_f6fde6,TXNEE30C777B16C,2025-04-23,72618.25,debit,INR,LIC Premium,UPI,-1340290.94,Financial Expenses::Insurance Premium,
usr_8fca52e4,acc_hdfc_f6fde6,TXNC033D75E4EE9,2025-04-23,11925.06,debit,INR,Pepperfry,UPI,-1538617.37,Housing::Furniture,quarterly maintenance
usr_8fca52e4,acc_indusind_4ef56f,TXN026F96A7F3EF,2025-04-24,6143.96,debit,INR,Flipkart,UPI,-1328400.19,Shopping::Online Shopping,anniversary
usr_8fca52e4,acc_hdfc_b9f70e,TXNCBFC7C787BF5,2025-04-25,3954.9,debit,INR,Zepto,UPI,-1114546.64,Food & Drinks::Groceries,office snacks
usr_8fca52e4,acc_hdfc_f6fde6,TXND5B14C3FC493,2025-04-25,4478.04,debit,INR,HDFC Bank Charges,debit,-1470648.0,Financial Expenses::Bank Charges,due payment
usr_8fca52e4,acc_indusind_4ef56f,TXN6170D27812C1,2025-04-25,16263.4,debit,INR,Reliance Digital,card,-1564191.68,Shopping::Electronics,gifting
usr_8fca52e4,acc_hdfc_f6fde6,TXN9C4043F377F3,2025-04-25,4964.33,debit,INR,FabIndia,UPI,-1827345.86,Shopping::Clothing & Apparel,anniversary
usr_8fca52e4,acc_hdfc_f6fde6,TXN08E4E80C0911,2025-04-26,13182.85,debit,INR,LIC Premium,UPI,-1814163.01,Financial Expenses::Insurance Premium,due payment
usr_8fca52e4,acc_hdfc_b9f70e,TXN42F1D8E7139F,2025-04-27,4569.21,debit,INR,BigBasket,UPI,-1118501.54,Food & Drinks::Groceries,birthday dinner
usr_8fca52e4,acc_yes_c9bf45,TXN2ADB7F628584,2025-04-27,20350.67,debit,INR,Jio Fiber,UPI,-1831364.93,Housing::Utilities,
usr_8fca52e4,acc_yes_c9bf45,TXNFE8FC1CD41C2,2025-04-27,40723.43,debit,INR,Airbnb,card,-1954192.73,Life & Entertainment::Travel & Hotels,
usr_8fca52e4,acc_yes_c9bf45,TXN4B2B1DBAD3C8,2025-04-28,88343.52,debit,INR,Max Life,UPI,-1649294.21,Financial Expenses::Insurance Premium,
usr_8fca52e4,acc_hdfc_b9f70e,TXN48F9E2F2BB72,2025-04-28,71523.08,debit,INR,Max Life,UPI,-1333572.31,Financial Expenses::Insurance Premium,annual premium
usr_8fca52e4,acc_hdfc_b9f70e,TXN66A9EDCD1720,2025-04-29,623.08,debit,INR,Local Bakery,cash,-1332949.23,Food & Drinks::Bakery & Snacks,weekly groceries
usr_8fca52e4,acc_indusind_4ef56f,TXN9CB843E1068A,2025-04-29,30852.75,debit,INR,Hotstar,UPI,-1533338.93,Life & Entertainment::Subscriptions,family outing
usr_8fca52e4,acc_hdfc_f6fde6,TXNB84AD76B6CFF,2025-04-30,14420.26,debit,INR,BWSSB,UPI,-1496692.7,Housing::Utilities,monthly bill
usr_8fca52e4,acc_hdfc_b9f70e,TXN69D29D668217,2025-04-30,54574.38,debit,INR,HDFC Bank Charges,debit,-1278374.85,Financial Expenses::Bank Charges,
usr_c5dc4c65,acc_ubi_3f0d38,TXN0A84758C8A0A,2025-01-01,26555.93,debit,INR,Flipkart Books,UPI,-130325.64,Shopping::Books & Stationery,planned buy
usr_c5dc4c65,acc_ubi_8f9dd1,TXN38DE99B0CF63,2025-01-01,11707.67,debit,INR,Airbnb,card,-482779.01,Life & Entertainment::Travel & Hotels,
usr_c5dc4c65,acc_ubi_8f9dd1,TXND433F99AFF30,2025-01-02,51300.0,debit,INR,NoBroker Rent,NEFT,75830.69,Housing::Rent,monthly rent
usr_c5dc4c65,acc_ubi_8f9dd1,TXN43F85904FA76,2025-01-02,34350.09,debit,INR,Maid Salary,cash,-494486.68,Housing::Domestic Help,monthly bill
usr_c5dc4c65,acc_paytm_408ce5,TXNF3718C8A1EF0,2025-01-03,207135.57,credit,INR,Employer NEFT,NEFT,115368.45,Income::Salary,part-time
usr_c5dc4c65,acc_ubi_3f0d38,TXNE58C275071E1,2025-01-03,23727.58,debit,INR,FNP Flowers,card,74240.18,Life & Entertainment::Gifting,
usr_c5dc4c65,acc_ubi_8f9dd1,TXN4446AC4AC158,2025-01-03,5117.86,debit,INR,KSRTC,UPI,-59006.5,Transportation::Metro & Bus,
usr_c5dc4c65,acc_paytm_408ce5,TXN3D041502C8DB,2025-01-03,6950.65,debit,INR,IKEA,card,-148944.96,Housing::Furniture,
usr_c5dc4c65,acc_ubi_8f9dd1,TXN455631684D74,2025-01-04,399.0,debit,INR,Jio Fiber,UPI,24530.69,Life & Entertainment::Subscriptions,
usr_c5dc4c65,acc_paytm_408ce5,TXNA8696643843A,2025-01-04,32457.55,debit,INR,Landlord NEFT,NEFT,308765.95,Housing::Rent,
usr_c5dc4c65,acc_ubi_3f0d38,TXN1F287F651C56,2025-01-04,30537.41,debit,INR,Toll Plaza,cash,50354.94,Transportation::Toll,office commute
usr_c5dc4c65,acc_hdfc_5a5f3d,TXNBF06B8D5C92C,2025-01-04,5399.07,debit,INR,HDFC ERGO,UPI,-84386.88,Vehicle::Insurance,tyre change
usr_c5dc4c65,acc_ubi_3f0d38,TXN8F62759860DE,2025-01-04,17902.65,debit,INR,Crossword,card,-17843.66,Shopping::Books & Stationery,
usr_c5dc4c65,acc_paytm_408ce5,TXNC09B1E4070C1,2025-01-06,28359.62,debit,INR,Toll Plaza,cash,-120585.34,Transportation::Toll,office commute
usr_c5dc4c65,acc_hdfc_5a5f3d,TXNF4D4EAF30BD2,2025-01-06,2489.92,debit,INR,H&M,card,-258390.83,Shopping::Clothing & Apparel,birthday gift
usr_c5dc4c65,acc_ubi_3f0d38,TXN9EBF80B9C464,2025-01-07,129.0,debit,INR,YouTube Premium,UPI,128434.9,Life & Entertainment::Subscriptions,
usr_c5dc4c65,acc_paytm_408ce5,TXNE18EB158ACC4,2025-01-07,6111.64,debit,INR,SBI RD,NEFT,322305.02,Investments::RD,
usr_c5dc4c65,acc_ubi_3f0d38,TXN724463ED700E,2025-01-07,30297.74,debit,INR,HDFC Auto Loan,NEFT,104537.92,Vehicle::Vehicle EMI,scheduled service
usr_c5dc4c65,acc_ubi_8f9dd1,TXN2B3146586D4B,2025-01-07,27799.02,debit,INR,Purplle,UPI,-31207.48,Shopping::Personal Care,
usr_c5dc4c65,acc_paytm_408ce5,TXN247DC112A2F0,2025-01-07,29851.51,debit,INR,Mall Parking,cash,261848.26,Transportation::Parking,weekend trip
usr_c5dc4c65,acc_ubi_8f9dd1,TXNCBB594F83B26,2025-01-07,35637.63,debit,INR,Landlord NEFT,NEFT,-200242.66,Housing::Rent,
usr_c5dc4c65,acc_ubi_8f9dd1,TXN632FCCD6E197,2025-01-07,27825.28,debit,INR,Amazon Books,UPI,-298885.9,Shopping::Books & Stationery,
usr_c5dc4c65,acc_ubi_3f0d38,TXNBB382A246F96,2025-01-08,299.0,debit,INR,Hotstar,UPI,128733.9,Life & Entertainment::Subscriptions,
usr_c5dc4c65,acc_hdfc_5a5f3d,TXN4A0D0FE967B5,2025-01-08,30240.1,debit,INR,Amazon Prime,card,-30748.91,Life & Entertainment::Subscriptions,trial membership
usr_c5dc4c65,acc_paytm_408ce5,TXNE625AF0C6D59,2025-01-08,14460.14,debit,INR,SBI Auto Loan,NEFT,276308.4,Vehicle::Vehicle EMI,scheduled service
usr_c5dc4c65,acc_hdfc_5a5f3d,TXNE5D993AEC95A,2025-01-08,2574.76,debit,INR,The Beer Cafe,card,-90779.31,Food & Drinks::Alcohol & Bars,birthday dinner
usr_c5dc4c65,acc_paytm_408ce5,TXNF2288FAC7ADF,2025-01-09,199.0,debit,INR,Netflix,card,322504.02,Life & Entertainment::Subscriptions,
usr_c5dc4c65,acc_paytm_408ce5,TXN7B09E5D7D74C,2025-01-09,111661.23,debit,INR,HDFC CC Bill,NEFT,-1240.15,Financial Expenses::Credit Card Bill,monthly EMI
usr_c5dc4c65,acc_ubi_8f9dd1,TXN1A9BF63C09E2,2025-01-10,7384.57,debit,INR,SBI FD,NEFT,24131.69,Investments::Fixed Deposit,lump sum
usr_c5dc4c65,acc_paytm_408ce5,TXND51476E6E507,2025-01-10,7427.43,debit,INR,NPS Tier-1,NEFT,316193.38,Investments::PPF / NPS,monthly SIP
usr_c5dc4c65,acc_ubi_3f0d38,TXN943F72805F46,2025-01-10,456.53,debit,INR,Local Restaurant,cash,-101401.87,Food & Drinks::Dining Out,office snacks
usr_c5dc4c65,acc_ubi_8f9dd1,TXN146E5F17F1EC,2025-01-10,3503.29,debit,INR,Monginis,cash,-528836.77,Food & Drinks::Bakery & Snacks,family dinner
usr_c5dc4c65,acc_ubi_8f9dd1,TXNB9D021B133F4,2025-01-10,3363.2,debit,INR,WB Cakes,UPI,-610267.76,Food & Drinks::Bakery & Snacks,team lunch
usr_c5dc4c65,acc_hdfc_5a5f3d,TXN703916B986DF,2025-01-11,30569.7,debit,INR,Local Garage,cash,-184647.87,Vehicle::Service & Repair,
usr_c5dc4c65,acc_ubi_8f9dd1,TXN8A74ABA9FB0E,2025-01-11,23201.92,debit,INR,Rapido,UPI,-362347.38,Transportation::Cab & Auto,weekend trip
usr_c5dc4c65,acc_hdfc_5a5f3d,TXN84A2BFC606D6,2025-01-12,1903.08,debit,INR,Adani Electricity,UPI,31289.84,Housing::Utilities,
usr_c5dc4c65,acc_hdfc_5a5f3d,TXND2B15AC024D3,2025-01-12,43340.6,debit,INR,LIC Premium,UPI,29386.76,Financial Expenses::Insurance Premium,monthly EMI
usr_c5dc4c65,acc_ubi_3f0d38,TXN3F71CC9D3EC7,2025-01-12,26985.78,debit,INR,Flipkart,UPI,-199750.04,Shopping::Online Shopping,
usr_c5dc4c65,acc_ubi_3f0d38,TXNF9F09B9D93CB,2025-01-12,28509.52,debit,INR,HDFC ERGO,UPI,-226735.82,Vehicle::Insurance,accidental repair
usr_c5dc4c65,acc_ubi_8f9dd1,TXN03E3E8A51B36,2025-01-13,26543.38,debit,INR,IndiGo,card,-235880.29,Transportation::Flight & Train,
usr_c5dc4c65,acc_hdfc_5a5f3d,TXN64CABB95636F,2025-01-13,4825.67,debit,INR,HDFC CC Bill,NEFT,-93354.07,Financial Expenses::Credit Card Bill,annual premium
usr_c5dc4c65,acc_hdfc_5a5f3d,TXNCAEBCCF8CBBC,2025-01-14,28956.76,debit,INR,Local Gym,cash,-215217.57,Life & Entertainment::Gym & Sports,movie night
usr_c5dc4c65,acc_ubi_3f0d38,TXN023A61769E1B,2025-01-14,3894.7,debit,INR,PVR Cinemas,card,-156881.57,Life & Entertainment::Movies & Events,
usr_c5dc4c65,acc_hdfc_5a5f3d,TXN88BED5C6D037,2025-01-15,16795.07,debit,INR,Carpenter,cash,-13953.84,Housing::Maintenance & Repairs,
usr_c5dc4c65,acc_hdfc_5a5f3d,TXN67AF45CECD41,2025-01-15,993.36,debit,INR,RTO Online,UPI,-89785.95,Vehicle::Registration & Tax,scheduled service
usr_c5dc4c65,acc_ubi_3f0d38,TXNCB021BD8BA1C,2025-01-15,6583.12,debit,INR,MakeMyTrip,card,-123742.52,Life & Entertainment::Travel & Hotels,family outing
usr_c5dc4c65,acc_ubi_8f9dd1,TXN4BF45A64E30E,2025-01-15,20197.04,debit,INR,Home Centre,card,-462581.97,Shopping::Home & Kitchen,gifting
usr_c5dc4c65,acc_paytm_408ce5,TXNBCDB5B268B8B,2025-01-15,8249.19,credit,INR,Amazon Refund,UPI,-155895.61,Income::Cashback & Refund,
usr_c5dc4c65,acc_paytm_408ce5,TXN023D90CA1E85,2025-01-16,22486.57,debit,INR,Amazon Electronics,UPI,199565.53,Shopping::Electronics,gifting
usr_c5dc4c65,acc_ubi_8f9dd1,TXN48B69D6FB2DF,2025-01-17,8520.44,debit,INR,ICICI Lombard,UPI,8961.26,Vehicle::Insurance,scheduled service
usr_c5dc4c65,acc_ubi_8f9dd1,TXNFE2DC0E5AF54,2025-01-17,549.52,debit,INR,BigBasket,UPI,-263694.62,Food & Drinks::Groceries,family dinner
usr_c5dc4c65,acc_ubi_3f0d38,TXNEE5234EB1E21,2025-01-18,157.66,debit,INR,Zomato Dine,UPI,50512.6,Food & Drinks::Dining Out,client dinner
usr_c5dc4c65,acc_hdfc_5a5f3d,TXN5C27D28D9E8E,2025-01-18,2721.3,debit,INR,MakeMyTrip,card,-101234.21,Life & Entertainment::Travel & Hotels,annual plan
usr_c5dc4c65,acc_hdfc_5a5f3d,TXNF5FBCEA7A024,2025-01-18,14695.16,debit,INR,Bosch Car Service,card,-139792.12,Vehicle::Service & Repair,tyre change
usr_c5dc4c65,acc_ubi_8f9dd1,TXN26379FB9A923,2025-01-19,7785.86,debit,INR,Max Life,UPI,16747.12,Financial Expenses::Insurance Premium,
usr_c5dc4c65,acc_ubi_3f0d38,TXNBBBE3ADE08C7,2025-01-20,23767.98,debit,INR,BPCL Petrol,UPI,128305.9,Transportation::Fuel,airport drop
usr_c5dc4c65,acc_ubi_3f0d38,TXN7371385906FA,2025-01-20,24785.98,debit,INR,Amazon Books,UPI,6942.32,Shopping::Books & Stationery,
usr_c5dc4c65,acc_paytm_408ce5,TXN160E51F589E5,2025-01-20,23618.52,debit,INR,New India Assurance,UPI,22378.37,Vehicle::Insurance,tyre change
usr_c5dc4c65,acc_ubi_8f9dd1,TXN9A6AB170E6B5,2025-01-20,35636.2,debit,INR,RTO Online,UPI,-326711.18,Vehicle::Registration & Tax,
usr_c5dc4c65,acc_ubi_8f9dd1,TXN18BD1E121755,2025-01-21,31648.3,debit,INR,Insider.in,UPI,440.82,Life & Entertainment::Movies & Events,
usr_c5dc4c65,acc_hdfc_5a5f3d,TXN247D6DBCDC2E,2025-01-21,1757.29,debit,INR,Toit Brewpub,card,-60989.01,Food & Drinks::Alcohol & Bars,office snacks
usr_c5dc4c65,acc_ubi_8f9dd1,TXN249DA89D669C,2025-01-21,77032.67,debit,INR,HDFC Home Loan,NEFT,-385549.3,Financial Expenses::Loan EMI,monthly EMI
usr_c5dc4c65,acc_ubi_3f0d38,TXNA9E917E8BE45,2025-01-22,12875.21,debit,INR,Big Bazaar,UPI,19817.53,Housing::Household Supplies,monthly bill
usr_c5dc4c65,acc_ubi_8f9dd1,TXND87C546AB1EB,2025-01-22,919.7,debit,INR,Wine Shop,cash,-262774.92,Food & Drinks::Alcohol & Bars,family dinner
usr_c5dc4c65,acc_ubi_3f0d38,TXN39765B4A9D04,2025-01-22,65655.56,debit,INR,Income Tax Portal,UPI,-35746.31,Financial Expenses::Tax Payment,monthly EMI
usr_c5dc4c65,acc_hdfc_5a5f3d,TXN1B009D0D1BFA,2025-01-22,30160.59,debit,INR,BookMyShow,UPI,-154487.28,Life & Entertainment::Movies & Events,trial membership
usr_c5dc4c65,acc_ubi_3f0d38,TXN5C25DAA139B2,2025-01-22,30799.88,debit,INR,Netflix,card,-168950.16,Life & Entertainment::Subscriptions,
usr_c5dc4c65,acc_hdfc_5a5f3d,TXN7E299EBCD263,2025-01-23,35836.61,debit,INR,Jio Fiber,UPI,-103955.51,Housing::Utilities,monthly bill
usr_c5dc4c65,acc_hdfc_5a5f3d,TXN6C19EA722DFC,2025-01-24,9375.44,debit,INR,SpiceJet,card,-244174.33,Transportation::Flight & Train,office commute
usr_c5dc4c65,acc_hdfc_5a5f3d,TXNCDA65FB01802,2025-01-24,4841.06,debit,INR,Housing Society,NEFT,-253549.77,Housing::Rent,
usr_c5dc4c65,acc_ubi_8f9dd1,TXN4173C3CFA12D,2025-01-25,28017.32,debit,INR,Insider.in,UPI,-64124.36,Life & Entertainment::Movies & Events,family outing
usr_c5dc4c65,acc_paytm_408ce5,TXN13732961A707,2025-01-25,32431.22,debit,INR,Bosch Car Service,card,231996.75,Vehicle::Service & Repair,scheduled service
usr_c5dc4c65,acc_paytm_408ce5,TXN9FF9CF60C741,2025-01-25,113452.16,debit,INR,Axis CC Bill,NEFT,177078.96,Financial Expenses::Credit Card Bill,
usr_c5dc4c65,acc_paytm_408ce5,TXNB39C7C10B2F1,2025-01-25,41248.43,debit,INR,Airtel,UPI,63626.8,Housing::Utilities,monthly bill
usr_c5dc4c65,acc_hdfc_5a5f3d,TXN7650302A8DFB,2025-01-25,3054.47,debit,INR,Zepto,UPI,-98179.74,Food & Drinks::Groceries,birthday dinner
usr_c5dc4c65,acc_ubi_3f0d38,TXN3B24D3DE19A9,2025-01-25,21884.12,debit,INR,Hotstar,UPI,-101858.4,Life & Entertainment::Subscriptions,date night
usr_c5dc4c65,acc_paytm_408ce5,TXN73A14481E596,2025-01-25,3925.54,debit,INR,Swiggy,UPI,-112901.38,Food & Drinks::Food Delivery,
usr_c5dc4c65,acc_ubi_3f0d38,TXN32FA3477873A,2025-01-25,8173.89,debit,INR,Kotak Auto Loan,NEFT,-160776.27,Vehicle::Vehicle EMI,scheduled service
usr_c5dc4c65,acc_ubi_8f9dd1,TXN5A1FF0D48131,2025-01-25,77927.7,debit,INR,HDFC Home Loan,NEFT,-532340.06,Financial Expenses::Loan EMI,
usr_c5dc4c65,acc_ubi_8f9dd1,TXN7E098FE74D38,2025-01-26,351.25,debit,INR,Dunzo,UPI,-262423.67,Food & Drinks::Food Delivery,weekly groceries
usr_c5dc4c65,acc_hdfc_5a5f3d,TXN47DC379498FD,2025-01-27,5746.34,debit,INR,ICICI Lombard,UPI,-260880.75,Vehicle::Insurance,scheduled service
usr_c5dc4c65,acc_ubi_8f9dd1,TXN3866601B93A4,2025-01-28,107703.84,debit,INR,Max Life,UPI,-92141.68,Financial Expenses::Insurance Premium,monthly EMI
usr_c5dc4c65,acc_ubi_3f0d38,TXN9C9FB7863809,2025-01-28,32157.73,debit,INR,Apple Music,card,-255245.34,Life & Entertainment::Subscriptions,movie night
usr_c5dc4c65,acc_ubi_8f9dd1,TXN9FA10828B6EC,2025-01-29,397.14,debit,INR,OYO,UPI,-199845.52,Life & Entertainment::Travel & Hotels,
usr_c5dc4c65,acc_hdfc_5a5f3d,TXNC76217035738,2025-01-30,21640.58,debit,INR,Purplle,UPI,-62746.3,Shopping::Personal Care,sale purchase
usr_c5dc4c65,acc_ubi_8f9dd1,TXNA7F472FDFC28,2025-01-30,34641.76,debit,INR,Urban Ladder,card,-264244.14,Housing::Furniture,
usr_c5dc4c65,acc_paytm_408ce5,TXN810D648080D9,2025-01-30,3758.42,debit,INR,Theobroma,card,-116826.92,Food & Drinks::Bakery & Snacks,
usr_c5dc4c65,acc_hdfc_5a5f3d,TXN76D9D3B2CF1E,2025-01-31,206675.16,credit,INR,Employer NEFT,NEFT,-266627.09,Income::Salary,part-time
usr_c5dc4c65,acc_hdfc_5a5f3d,TXN71DA6D643DCB,2025-01-31,20179.41,debit,INR,Jio Fiber,UPI,-382395.74,Housing::Utilities,quarterly maintenance
usr_c5dc4c65,acc_paytm_408ce5,TXN1A94D087DCF3,2025-02-01,19795.47,debit,INR,Amazon Electronics,UPI,-453955.01,Shopping::Electronics,sale purchase
usr_c5dc4c65,acc_paytm_408ce5,TXNFC81841245A4,2025-02-02,129.0,debit,INR,YouTube Premium,UPI,-198946.42,Life & Entertainment::Subscriptions,
usr_c5dc4c65,acc_ubi_8f9dd1,TXNFBA32616E6E9,2025-02-02,89938.84,debit,INR,Axis CC Bill,NEFT,-620238.05,Financial Expenses::Credit Card Bill,
usr_c5dc4c65,acc_hdfc_5a5f3d,TXNA2117BFB2F51,2025-02-02,17277.92,debit,INR,Airport Parking,card,-325377.13,Transportation::Parking,
usr_c5dc4c65,acc_hdfc_5a5f3d,TXN2D6E843B182F,2025-02-02,182.2,debit,INR,Theobroma,card,-345471.14,Food & Drinks::Bakery & Snacks,birthday dinner
usr_c5dc4c65,acc_ubi_3f0d38,TXN1A38E76FCEDC,2025-02-02,46568.3,debit,INR,DMart,UPI,-648651.01,Housing::Household Supplies,urgent repair
usr_c5dc4c65,acc_paytm_408ce5,TXN5D3E82DFB7C0,2025-02-03,51300.0,debit,INR,Landlord NEFT,NEFT,-147646.42,Housing::Rent,monthly rent
usr_c5dc4c65,acc_paytm_408ce5,TXNED5F22343260,2025-02-03,10172.19,debit,INR,New India Assurance,UPI,-313593.57,Vehicle::Insurance,scheduled service
usr_c5dc4c65,acc_ubi_8f9dd1,TXN95E179549132,2025-02-04,6109.09,debit,INR,SBI RD,NEFT,-614128.96,Investments::RD,emergency fund
usr_c5dc4c65,acc_hdfc_5a5f3d,TXN9742AE6355CC,2025-02-04,9094.6,debit,INR,Honda Service,card,-124479.94,Vehicle::Service & Repair,
usr_c5dc4c65,acc_paytm_408ce5,TXN4573D966FA84,2025-02-04,17172.69,debit,INR,Local Gift Shop,cash,-247183.98,Life & Entertainment::Gifting,family outing
usr_c5dc4c65,acc_ubi_3f0d38,TXN0292CF76E4A4,2025-02-04,1913.41,debit,INR,Westside,card,-523968.99,Shopping::Clothing & Apparel,anniversary
usr_c5dc4c65,acc_ubi_3f0d38,TXNC751FC023C07,2025-02-04,119442.13,debit,INR,Axis CC Bill,NEFT,-525882.4,Financial Expenses::Credit Card Bill,annual premium
usr_c5dc4c65,acc_ubi_3f0d38,TXNCD1D8D921F81,2025-02-04,2586.09,debit,INR,Zomato,UPI,-744129.64,Food & Drinks::Food Delivery,team lunch
usr_c5dc4c65,acc_hdfc_5a5f3d,TXN50E759B29231,2025-02-04,15820.12,debit,INR,BYJU'S,UPI,-404975.77,Life & Entertainment::Education,
usr_c5dc4c65,acc_hdfc_5a5f3d,TXNF81D21913341,2025-02-05,106413.55,debit,INR,Axis CC Bill,NEFT,-133574.54,Financial Expenses::Credit Card Bill,annual premium
usr_c5dc4c65,acc_hdfc_5a5f3d,TXN57A8F8CB4F02,2025-02-05,2816.09,debit,INR,Local Restaurant,cash,-342655.05,Food & Drinks::Dining Out,weekly groceries
usr_c5dc4c65,acc_paytm_408ce5,TXN15250FE5EFA0,2025-02-05,29589.01,debit,INR,Honda Service,card,-424366.0,Vehicle::Service & Repair,tyre change
usr_c5dc4c65,acc_hdfc_5a5f3d,TXN8762D087B405,2025-02-06,2644.64,debit,INR,Jio Fiber,UPI,-59951.93,Housing::Utilities,
usr_c5dc4c65,acc_paytm_408ce5,TXN3592D1764CC1,2025-02-06,21459.81,debit,INR,Ajio,UPI,-342450.74,Shopping::Clothing & Apparel,anniversary
usr_c5dc4c65,acc_hdfc_5a5f3d,TXN0F883260CBA5,2025-02-06,1878.01,debit,INR,Blinkit,UPI,-323499.12,Food & Drinks::Groceries,team lunch
usr_c5dc4c65,acc_ubi_8f9dd1,TXN5A904DB90A0E,2025-02-06,2488.16,debit,INR,MakeMyTrip,card,-894048.27,Life & Entertainment::Travel & Hotels,
usr_c5dc4c65,acc_hdfc_5a5f3d,TXN79892B9FC368,2025-02-07,399.0,debit,INR,Jio Fiber,UPI,-62596.57,Life & Entertainment::Subscriptions,
usr_c5dc4c65,acc_paytm_408ce5,TXN134BDC430758,2025-02-07,1508.17,debit,INR,Local Restaurant,cash,-236455.09,Food & Drinks::Dining Out,birthday dinner
usr_c5dc4c65,acc_hdfc_5a5f3d,TXN572E31E93F9C,2025-02-07,10719.63,debit,INR,Booking.com,card,-371676.11,Life & Entertainment::Travel & Hotels,family outing
usr_c5dc4c65,acc_paytm_408ce5,TXNAA30A5B905CF,2025-02-07,947.06,debit,INR,Social,card,-370942.25,Food & Drinks::Dining Out,office snacks
usr_c5dc4c65,acc_hdfc_5a5f3d,TXN7018A1D4BB58,2025-02-07,11160.01,debit,INR,Nykaa,UPI,-420795.89,Shopping::Online Shopping,sale purchase
usr_c5dc4c65,acc_ubi_3f0d38,TXN8E526CD0DBCB,2025-02-07,43875.26,debit,INR,Maid Salary,cash,-932637.76,Housing::Domestic Help,monthly bill
usr_c5dc4c65,acc_hdfc_5a5f3d,TXN2A482D16FAD0,2025-02-07,3622.54,debit,INR,Starbucks,card,-530040.23,Food & Drinks::Cafes & Coffee,client dinner
usr_c5dc4c65,acc_ubi_8f9dd1,TXNB998D77DD980,2025-02-08,299.0,debit,INR,Hotstar,UPI,-613630.96,Life & Entertainment::Subscriptions,
usr_c5dc4c65,acc_hdfc_5a5f3d,TXN1D1C27FDE32A,2025-02-08,7357.53,debit,INR,SBI FD,NEFT,-62995.57,Investments::Fixed Deposit,monthly SIP
usr_c5dc4c65,acc_paytm_408ce5,TXN39D0162FD0E9,2025-02-08,9220.72,debit,INR,Pepperfry,UPI,-237963.26,Shopping::Home & Kitchen,planned buy
usr_c5dc4c65,acc_paytm_408ce5,TXN63E4AB231A2D,2025-02-08,49236.9,debit,INR,NoBroker Rent,UPI,-264356.67,Housing::Rent,
usr_c5dc4c65,acc_hdfc_5a5f3d,TXNAD01028070E4,2025-02-08,20249.02,debit,INR,Pepperfry,UPI,-345653.34,Housing::Furniture,quarterly maintenance
usr_c5dc4c65,acc_hdfc_5a5f3d,TXN99DC3A9119E8,2025-02-09,26246.01,debit,INR,Bajaj Finance,NEFT,-98233.93,Financial Expenses::Loan EMI,
usr_c5dc4c65,acc_hdfc_5a5f3d,TXN9DC793157978,2025-02-09,54276.49,debit,INR,Landlord NEFT,NEFT,-239988.09,Housing::Rent,quarterly maintenance
usr_c5dc4c65,acc_hdfc_5a5f3d,TXNC0EC74B165AE,2025-02-09,2400.62,debit,INR,Flipkart Gift,UPI,-402575.15,Life & Entertainment::Gifting,annual plan
usr_c5dc4c65,acc_ubi_8f9dd1,TXN5E59818CCB22,2025-02-10,199.0,debit,INR,Netflix,card,-613929.96,Life & Entertainment::Subscriptions,
usr_c5dc4c65,acc_paytm_408ce5,TXNF2FC60FBAED3,2025-02-10,7489.81,debit,INR,NPS Tier-1,NEFT,-199075.42,Investments::PPF / NPS,
usr_c5dc4c65,acc_ubi_3f0d38,TXNCFE3E2FF9B89,2025-02-10,40420.96,debit,INR,SBI CC Bill,NEFT,-483548.03,Financial Expenses::Credit Card Bill,due payment
usr_c5dc4c65,acc_paytm_408ce5,TXNA0CD79D2B934,2025-02-11,18684.98,debit,INR,Purplle,UPI,-323765.76,Shopping::Personal Care,
usr_c5dc4c65,acc_ubi_3f0d38,TXN1AEFCD8E01BD,2025-02-11,34787.62,debit,INR,Pepperfry,UPI,-421020.64,Housing::Furniture,
usr_c5dc4c65,acc_ubi_3f0d38,TXN69AFE815EF78,2025-02-11,30566.06,debit,INR,Gold's Gym,UPI,-851349.48,Life & Entertainment::Gym & Sports,family outing
usr_c5dc4c65,acc_ubi_3f0d38,TXNDF2B89CD422E,2025-02-12,22501.29,debit,INR,Local Plumber,cash,-398519.35,Housing::Maintenance & Repairs,
usr_c5dc4c65,acc_ubi_3f0d38,TXN821404AE9213,2025-02-12,3326.48,debit,INR,Blinkit,UPI,-645324.53,Food & Drinks::Food Delivery,client dinner
usr_c5dc4c65,acc_ubi_3f0d38,TXNF220D5C4026F,2025-02-12,1092.77,debit,INR,Haldiram's,UPI,-881915.54,Food & Drinks::Dining Out,family dinner
usr_c5dc4c65,acc_ubi_3f0d38,TXN111CE162CD2F,2025-02-13,48996.45,debit,INR,LIC Premium,UPI,-289018.05,Financial Expenses::Insurance Premium,
usr_c5dc4c65,acc_paytm_408ce5,TXNEE7FD9920771,2025-02-13,39674.41,debit,INR,Landlord NEFT,NEFT,-382834.19,Housing::Rent,
usr_c5dc4c65,acc_ubi_8f9dd1,TXN5CEAFE3707DA,2025-02-14,17182.78,debit,INR,Insider.in,UPI,-767579.52,Life & Entertainment::Movies & Events,
usr_c5dc4c65,acc_ubi_8f9dd1,TXND751BB168703,2025-02-14,695.82,debit,INR,The Beer Cafe,card,-896536.43,Food & Drinks::Alcohol & Bars,team lunch
usr_c5dc4c65,acc_ubi_8f9dd1,TXNE90C3F7009C2,2025-02-14,1517.94,debit,INR,Blinkit,UPI,-908079.06,Food & Drinks::Food Delivery,
usr_c5dc4c65,acc_paytm_408ce5,TXN5532FF6F74F0,2025-02-15,1410.37,debit,INR,LIC Premium,UPI,-206565.23,Financial Expenses::Insurance Premium,
usr_c5dc4c65,acc_paytm_408ce5,TXN9AC10687ABAC,2025-02-15,4900.15,debit,INR,Maruti Service,card,-207975.6,Vehicle::Service & Repair,accidental repair
usr_c5dc4c65,acc_ubi_3f0d38,TXN70EBC347DF0F,2025-02-15,30159.26,debit,INR,BEST,UPI,-902478.5,Transportation::Metro & Bus,
usr_c5dc4c65,acc_ubi_8f9dd1,TXNC09BE04586E3,2025-02-16,10846.81,debit,INR,HDFC Auto Loan,NEFT,-897232.25,Vehicle::Vehicle EMI,scheduled service
usr_c5dc4c65,acc_ubi_8f9dd1,TXNEAC1790F3DAD,2025-02-17,3324.3,debit,INR,Hotstar,UPI,-784762.3,Life & Entertainment::Subscriptions,
usr_c5dc4c65,acc_ubi_3f0d38,TXN4251596219AD,2025-02-18,9370.23,debit,INR,SBI CC Bill,NEFT,-389149.12,Financial Expenses::Credit Card Bill,
usr_c5dc4c65,acc_paytm_408ce5,TXN33F33B443EEA,2025-02-18,3481.1,debit,INR,YouTube Premium,UPI,-367461.15,Life & Entertainment::Subscriptions,
usr_c5dc4c65,acc_hdfc_5a5f3d,TXN9214F84BF8BB,2025-02-19,25231.81,debit,INR,Gold's Gym,UPI,-73002.12,Life & Entertainment::Gym & Sports,
usr_c5dc4c65,acc_ubi_8f9dd1,TXNFD6D011E7947,2025-02-19,29730.38,debit,INR,Airtel,UPI,-710176.89,Housing::Utilities,quarterly maintenance
usr_c5dc4c65,acc_paytm_408ce5,TXND8AFFF8B9904,2025-02-19,10944.88,debit,INR,New India Assurance,UPI,-371889.31,Vehicle::Insurance,tyre change
usr_c5dc4c65,acc_ubi_3f0d38,TXN2641AEE56CCD,2025-02-19,28100.7,debit,INR,Decathlon,card,-716028.94,Life & Entertainment::Gym & Sports,movie night
usr_c5dc4c65,acc_ubi_8f9dd1,TXNE76ACED836BF,2025-02-19,1947.49,debit,INR,Chaayos,UPI,-909597.0,Food & Drinks::Cafes & Coffee,office snacks
usr_c5dc4c65,acc_ubi_3f0d38,TXN3280BD9EB6D5,2025-02-19,507.56,debit,INR,FNP Flowers,card,-850841.92,Life & Entertainment::Gifting,movie night
usr_c5dc4c65,acc_hdfc_5a5f3d,TXN36337C8967BB,2025-02-20,2649.02,debit,INR,JioMart,UPI,-70353.1,Food & Drinks::Groceries,weekend treat
usr_c5dc4c65,acc_paytm_408ce5,TXNC1FB7EF83CC6,2025-02-20,3550.6,debit,INR,The Beer Cafe,card,-363910.55,Food & Drinks::Alcohol & Bars,birthday dinner
usr_c5dc4c65,acc_ubi_8f9dd1,TXN1B1210832F76,2025-02-20,46100.44,debit,INR,NoBroker Rent,UPI,-847947.83,Housing::Rent,quarterly maintenance
usr_c5dc4c65,acc_ubi_3f0d38,TXNA47EB452404B,2025-02-20,27739.77,debit,INR,HDFC ERGO,UPI,-455808.26,Vehicle::Insurance,accidental repair
usr_c5dc4c65,acc_paytm_408ce5,TXN4F4A7D979B93,2025-02-21,23579.34,debit,INR,Kotak Auto Loan,NEFT,-212875.75,Vehicle::Vehicle EMI,
usr_c5dc4c65,acc_hdfc_5a5f3d,TXN8747AE022689,2025-02-21,29234.54,debit,INR,Gold's Gym,UPI,-294264.58,Life & Entertainment::Gym & Sports,trial membership
usr_c5dc4c65,acc_ubi_3f0d38,TXN6C4B3601A791,2025-02-21,20809.63,debit,INR,Westside,card,-695219.31,Shopping::Clothing & Apparel,
usr_c5dc4c65,acc_ubi_3f0d38,TXN7DAC5156FFDD,2025-02-21,19470.19,debit,INR,Spotify,UPI,-883008.31,Life & Entertainment::Subscriptions,movie night
usr_c5dc4c65,acc_paytm_408ce5,TXN14E0DA203805,2025-02-22,1857.4,debit,INR,Theobroma,card,-422508.6,Food & Drinks::Bakery & Snacks,family dinner
usr_c5dc4c65,acc_ubi_3f0d38,TXN4A32D15A2CBB,2025-02-23,1614.98,debit,INR,Cafe Coffee Day,UPI,-287403.07,Food & Drinks::Cafes & Coffee,team lunch
usr_c5dc4c65,acc_ubi_8f9dd1,TXNA7B4F7015C6F,2025-02-23,26459.38,debit,INR,OYO,UPI,-911544.49,Life & Entertainment::Travel & Hotels,date night
usr_c5dc4c65,acc_hdfc_5a5f3d,TXN3C13BC1BA5F6,2025-02-24,5773.75,debit,INR,Pepperfry,UPI,-365902.36,Shopping::Home & Kitchen,urgent replacement
usr_c5dc4c65,acc_ubi_3f0d38,TXN61850EA16FC1,2025-02-25,19120.85,debit,INR,MakeMyTrip,card,-338014.5,Life & Entertainment::Travel & Hotels,annual plan
usr_c5dc4c65,acc_ubi_3f0d38,TXN9737D1BBB39D,2025-02-25,104126.19,debit,INR,HDFC Bank Charges,debit,-746715.73,Financial Expenses::Bank Charges,annual premium
usr_c5dc4c65,acc_ubi_8f9dd1,TXN4DCCEA292FC9,2025-02-27,3276.47,debit,INR,Wine Shop,cash,-938003.87,Food & Drinks::Alcohol & Bars,
usr_c5dc4c65,acc_ubi_8f9dd1,TXNDDF4CA0DA72D,2025-02-27,25362.59,debit,INR,Amazon Electronics,UPI,-941280.34,Shopping::Electronics,
usr_c5dc4c65,acc_ubi_8f9dd1,TXN65482AC9E84C,2025-02-27,1335.76,credit,INR,GPay Cashback,NEFT,-966642.93,Income::Freelance,
usr_c5dc4c65,acc_ubi_3f0d38,TXN244D9BACE2BF,2025-02-28,32013.77,debit,INR,Urban Ladder,card,-357135.35,Housing::Furniture,
usr_c5dc4c65,acc_ubi_8f9dd1,TXN0B2A48FE8BB6,2025-02-28,59861.23,debit,INR,Amazon,UPI,-788086.6,Housing::Household Supplies,urgent repair
usr_c5dc4c65,acc_hdfc_5a5f3d,TXN9A877293A34B,2025-02-28,98084.33,debit,INR,SBI Charges,debit,-431955.9,Financial Expenses::Bank Charges,
usr_c5dc4c65,acc_ubi_8f9dd1,TXNC6D8623DE5E7,2025-03-01,27672.25,debit,INR,Zara,card,-739907.27,Shopping::Clothing & Apparel,urgent replacement
usr_c5dc4c65,acc_ubi_8f9dd1,TXNEB2B4F93E7F6,2025-03-02,10686.5,debit,INR,Chemist Warehouse,cash,-1415565.31,Shopping::Personal Care,planned buy
usr_c5dc4c65,acc_paytm_408ce5,TXN0C08C473A80A,2025-03-03,214472.69,credit,INR,Employer NEFT,NEFT,-473750.48,Income::Salary,referral bonus
usr_c5dc4c65,acc_hdfc_5a5f3d,TXND22525933AA8,2025-03-03,17109.27,debit,INR,RTO Online,UPI,-618176.36,Vehicle::Registration & Tax,
usr_c5dc4c65,acc_ubi_8f9dd1,TXN70B992969514,2025-03-03,11662.71,debit,INR,ICICI Lombard,UPI,-1190025.83,Vehicle::Insurance,
usr_c5dc4c65,acc_ubi_3f0d38,TXN4BC4A628CB3C,2025-03-03,16723.83,debit,INR,Air India,card,-1115570.45,Transportation::Flight & Train,office commute
usr_c5dc4c65,acc_ubi_8f9dd1,TXN7568B3123FEF,2025-03-04,10050.79,debit,INR,Crossword,card,-1131666.6,Shopping::Books & Stationery,anniversary
usr_c5dc4c65,acc_paytm_408ce5,TXN0275E8BAE2B5,2025-03-04,621.66,debit,INR,Flipkart Books,UPI,-348347.67,Shopping::Books & Stationery,anniversary
usr_c5dc4c65,acc_hdfc_5a5f3d,TXND35E0B70EE5B,2025-03-04,51427.26,debit,INR,Advance Tax,NEFT,-759778.16,Financial Expenses::Tax Payment,
usr_c5dc4c65,acc_hdfc_5a5f3d,TXNA419C0214B4C,2025-03-04,17696.81,debit,INR,Cult.fit,UPI,-879781.65,Life & Entertainment::Gym & Sports,annual plan
usr_c5dc4c65,acc_paytm_408ce5,TXNB0E976576E80,2025-03-05,12761.93,debit,INR,Flipkart Books,UPI,-335585.74,Shopping::Books & Stationery,anniversary
usr_c5dc4c65,acc_ubi_8f9dd1,TXND28A71062093,2025-03-05,211.03,debit,INR,BigBasket,UPI,-1201688.54,Food & Drinks::Groceries,weekend treat
usr_c5dc4c65,acc_ubi_3f0d38,TXN97DE0151E435,2025-03-06,51300.0,debit,INR,Housing Society,NEFT,-976513.02,Housing::Rent,monthly rent
usr_c5dc4c65,acc_hdfc_5a5f3d,TXN185DBADF2D88,2025-03-06,11273.42,debit,INR,Urban Ladder,card,-635285.63,Housing::Furniture,monthly bill
usr_c5dc4c65,acc_hdfc_5a5f3d,TXN77466C4C5852,2025-03-06,7466.43,debit,INR,Amazon,UPI,-931951.44,Shopping::Online Shopping,
usr_c5dc4c65,acc_hdfc_5a5f3d,TXNE1D6792EBBB5,2025-03-07,25988.43,debit,INR,Maid Salary,cash,-541578.93,Housing::Domestic Help,
usr_c5dc4c65,acc_ubi_8f9dd1,TXN47D6BBDD8ADE,2025-03-07,59792.64,debit,INR,Maid Salary,cash,-1065531.8,Housing::Domestic Help,
usr_c5dc4c65,acc_ubi_3f0d38,TXNBB28E0BA9D39,2025-03-07,650.7,debit,INR,Toit Brewpub,card,-1052162.84,Food & Drinks::Alcohol & Bars,family dinner
usr_c5dc4c65,acc_ubi_3f0d38,TXN12A33759BA7C,2025-03-07,18865.11,debit,INR,Apollo Pharmacy,UPI,-1082194.98,Shopping::Personal Care,
usr_c5dc4c65,acc_ubi_8f9dd1,TXNADF902346933,2025-03-07,42470.53,debit,INR,NoBroker Rent,UPI,-1204626.3,Housing::Rent,quarterly maintenance
usr_c5dc4c65,acc_ubi_8f9dd1,TXN5C1C66F1D196,2025-03-08,5921.32,debit,INR,SBI RD,NEFT,-965307.17,Investments::RD,lump sum
usr_c5dc4c65,acc_ubi_8f9dd1,TXN9EB96AC9DDDE,2025-03-08,210.88,debit,INR,WB Cakes,UPI,-1189814.95,Food & Drinks::Bakery & Snacks,team lunch
usr_c5dc4c65,acc_paytm_408ce5,TXN7C53B2565689,2025-03-08,38144.66,debit,INR,Income Tax Portal,UPI,-428319.37,Financial Expenses::Tax Payment,due payment
usr_c5dc4c65,acc_paytm_408ce5,TXN6E6A6D6C3804,2025-03-09,399.0,debit,INR,Jio Fiber,UPI,-259277.79,Life & Entertainment::Subscriptions,
usr_c5dc4c65,acc_hdfc_5a5f3d,TXNAD96692628BC,2025-03-09,2275.6,debit,INR,Flipkart Books,UPI,-567567.36,Shopping::Books & Stationery,anniversary
usr_c5dc4c65,acc_ubi_3f0d38,TXN6E622270EAD6,2025-03-09,15846.39,debit,INR,Airtel,UPI,-1036316.45,Housing::Utilities,
usr_c5dc4c65,acc_hdfc_5a5f3d,TXNCFD5F405E78E,2025-03-10,129.0,debit,INR,YouTube Premium,UPI,-533861.77,Life & Entertainment::Subscriptions,
usr_c5dc4c65,acc_paytm_408ce5,TXN81092D589D4A,2025-03-10,6398.85,debit,INR,Local Gym,cash,-466464.03,Life & Entertainment::Gym & Sports,annual plan
usr_c5dc4c65,acc_ubi_3f0d38,TXNF8D6B9055D9F,2025-03-10,1036.26,debit,INR,Blinkit,UPI,-1298261.85,Food & Drinks::Food Delivery,client dinner
usr_c5dc4c65,acc_hdfc_5a5f3d,TXN50D5FE1F0110,2025-03-10,35721.53,debit,INR,Maruti Service,card,-952083.25,Vehicle::Service & Repair,scheduled service
usr_c5dc4c65,acc_hdfc_5a5f3d,TXNE977C1CE56E0,2025-03-10,25480.02,debit,INR,HDFC CC Bill,NEFT,-1025548.88,Financial Expenses::Credit Card Bill,
usr_c5dc4c65,acc_ubi_3f0d38,TXN4AA0B4DE931A,2025-03-11,1130.39,debit,INR,Airtel,UPI,-1027813.02,Housing::Utilities,
usr_c5dc4c65,acc_hdfc_5a5f3d,TXN2DCFDDCE9469,2025-03-11,7588.16,debit,INR,NPS Tier-1,NEFT,-533990.77,Investments::PPF / NPS,tax saving
usr_c5dc4c65,acc_ubi_3f0d38,TXNA583766CAC4B,2025-03-11,620.71,debit,INR,Simplilearn,card,-1114949.74,Life & Entertainment::Education,
usr_c5dc4c65,acc_ubi_3f0d38,TXNB1BF4AF11DDA,2025-03-12,299.0,debit,INR,Hotstar,UPI,-1028943.41,Life & Entertainment::Subscriptions,
usr_c5dc4c65,acc_hdfc_5a5f3d,TXNE1E12CEA7D2B,2025-03-12,199.0,debit,INR,Netflix,card,-533662.77,Life & Entertainment::Subscriptions,
usr_c5dc4c65,acc_ubi_3f0d38,TXNE0B6769F8358,2025-03-12,7074.04,debit,INR,SBI FD,NEFT,-1029242.41,Investments::Fixed Deposit,
usr_c5dc4c65,acc_paytm_408ce5,TXN6B39C72FFCEC,2025-03-12,4219.44,debit,INR,SBI Auto Loan,NEFT,-331366.3,Vehicle::Vehicle EMI,accidental repair
usr_c5dc4c65,acc_ubi_8f9dd1,TXNCC225FD7D1CC,2025-03-12,21515.99,debit,INR,Vahan Portal,UPI,-1168298.96,Vehicle::Registration & Tax,tyre change
usr_c5dc4c65,acc_paytm_408ce5,TXN662D2CC74B05,2025-03-12,34365.76,debit,INR,Maid Salary,cash,-393953.61,Housing::Domestic Help,
usr_c5dc4c65,acc_ubi_3f0d38,TXN16F3BB033935,2025-03-12,118896.38,debit,INR,HDFC CC Bill,NEFT,-1179365.47,Financial Expenses::Credit Card Bill,
usr_c5dc4c65,acc_ubi_8f9dd1,TXNCE52CF9D18E0,2025-03-12,16185.49,debit,INR,Shell,card,-1383556.77,Transportation::Fuel,
usr_c5dc4c65,acc_ubi_8f9dd1,TXN4BE0D069A977,2025-03-13,2726.73,debit,INR,Barbeque Nation,card,-1201899.57,Food & Drinks::Dining Out,birthday dinner
usr_c5dc4c65,acc_ubi_8f9dd1,TXNEFFB48B0EF87,2025-03-13,23894.74,debit,INR,Cult.fit,UPI,-1264154.67,Life & Entertainment::Gym & Sports,
usr_c5dc4c65,acc_paytm_408ce5,TXN3EC192C6F445,2025-03-15,44984.28,debit,INR,UrbanClap,UPI,-348969.33,Housing::Maintenance & Repairs,monthly bill
usr_c5dc4c65,acc_ubi_8f9dd1,TXN63A644A1969C,2025-03-16,6342.16,debit,INR,Urban Ladder,card,-1125324.44,Shopping::Home & Kitchen,gifting
usr_c5dc4c65,acc_ubi_3f0d38,TXND31CFB688B5D,2025-03-16,47071.19,debit,INR,Kotak Charges,debit,-1132294.28,Financial Expenses::Bank Charges,annual premium
usr_c5dc4c65,acc_ubi_3f0d38,TXN70B57529BF88,2025-03-16,15291.91,debit,INR,Local Bookshop,cash,-1299298.11,Shopping::Books & Stationery,anniversary
usr_c5dc4c65,acc_ubi_3f0d38,TXN9C6066613682,2025-03-16,648.68,debit,INR,Zomato Dine,UPI,-1318026.59,Food & Drinks::Dining Out,
usr_c5dc4c65,acc_ubi_8f9dd1,TXNA20963B2B049,2025-03-17,10350.53,debit,INR,Meesho,UPI,-971228.49,Shopping::Online Shopping,
usr_c5dc4c65,acc_ubi_3f0d38,TXN1E5F1040159A,2025-03-17,29381.44,debit,INR,Urban Ladder,card,-1052813.54,Housing::Furniture,
usr_c5dc4c65,acc_ubi_8f9dd1,TXNE2F1A76DD22B,2025-03-17,17057.84,debit,INR,Pepperfry,UPI,-1247096.83,Shopping::Home & Kitchen,urgent replacement
usr_c5dc4c65,acc_ubi_8f9dd1,TXN33AF53730E65,2025-03-17,6627.26,debit,INR,Local Gym,cash,-1288049.41,Life & Entertainment::Gym & Sports,date night
usr_c5dc4c65,acc_ubi_8f9dd1,TXN677B9061D894,2025-03-18,2279.87,debit,INR,DMart,UPI,-981579.02,Food & Drinks::Groceries,weekend treat
usr_c5dc4c65,acc_ubi_8f9dd1,TXNA50755217D45,2025-03-18,64751.6,debit,INR,ICICI CC Bill,NEFT,-983858.89,Financial Expenses::Credit Card Bill,annual premium
usr_c5dc4c65,acc_ubi_3f0d38,TXN347C029E25C9,2025-03-18,13889.65,debit,INR,Mall Parking,cash,-1101060.09,Transportation::Parking,office commute
usr_c5dc4c65,acc_ubi_8f9dd1,TXN1CA23821A3F1,2025-03-18,55424.78,debit,INR,BWSSB,UPI,-1324205.45,Housing::Utilities,
usr_c5dc4c65,acc_hdfc_5a5f3d,TXND8AA01EFFC8D,2025-03-18,37744.1,debit,INR,Axis Loan,NEFT,-987804.78,Financial Expenses::Loan EMI,
usr_c5dc4c65,acc_ubi_8f9dd1,TXN5C2915FE8EB8,2025-03-19,16921.31,debit,INR,HDFC ERGO,UPI,-1048610.49,Vehicle::Insurance,accidental repair
usr_c5dc4c65,acc_ubi_8f9dd1,TXN9AE041C1BFFE,2025-03-19,9671.2,debit,INR,Purplle,UPI,-1399742.26,Shopping::Personal Care,urgent replacement
usr_c5dc4c65,acc_hdfc_5a5f3d,TXNC743A33B613F,2025-03-20,25915.3,debit,INR,Landlord NEFT,NEFT,-733862.86,Housing::Rent,
usr_c5dc4c65,acc_hdfc_5a5f3d,TXN70A440A7E3B1,2025-03-21,27315.64,debit,INR,BESCOM,UPI,-683048.86,Housing::Utilities,
usr_c5dc4c65,acc_hdfc_5a5f3d,TXN9F8F70B6EFDC,2025-03-21,11061.41,debit,INR,Insider.in,UPI,-811205.42,Life & Entertainment::Movies & Events,
usr_c5dc4c65,acc_ubi_8f9dd1,TXN33650F1E8F32,2025-03-22,26581.57,debit,INR,IndiGo,card,-1141717.39,Transportation::Flight & Train,weekend trip
usr_c5dc4c65,acc_paytm_408ce5,TXN3E33C7CB90E0,2025-03-22,5250.76,debit,INR,Cook Salary,cash,-472862.88,Housing::Domestic Help,urgent repair
usr_c5dc4c65,acc_hdfc_5a5f3d,TXN1D0014EE797E,2025-03-22,34472.98,debit,INR,Honda Service,card,-897478.46,Vehicle::Service & Repair,tyre change
usr_c5dc4c65,acc_ubi_8f9dd1,TXNA77C43B2219B,2025-03-22,29528.78,debit,INR,Udemy,card,-1294676.67,Life & Entertainment::Education,
usr_c5dc4c65,acc_ubi_8f9dd1,TXN969D29316C23,2025-03-24,6151.85,debit,INR,Crossword,card,-1409413.46,Shopping::Books & Stationery,gifting
usr_c5dc4c65,acc_hdfc_5a5f3d,TXN5260DAFE503E,2025-03-25,19332.39,debit,INR,Reliance Digital,card,-595003.86,Shopping::Electronics,
usr_c5dc4c65,acc_hdfc_5a5f3d,TXN73F6C1543536,2025-03-25,57514.82,debit,INR,Cook Salary,cash,-822266.83,Housing::Domestic Help,quarterly maintenance
usr_c5dc4c65,acc_hdfc_5a5f3d,TXNBED04167C38C,2025-03-26,18765.08,debit,INR,Nykaa,UPI,-646559.05,Shopping::Personal Care,urgent replacement
usr_c5dc4c65,acc_ubi_3f0d38,TXN6974D8E8416A,2025-03-26,3436.57,debit,INR,H&M,card,-1314590.02,Shopping::Clothing & Apparel,gifting
usr_c5dc4c65,acc_paytm_408ce5,TXN88A150297A1E,2025-03-26,6296.91,debit,INR,Local Store,cash,-502547.56,Housing::Household Supplies,
usr_c5dc4c65,acc_hdfc_5a5f3d,TXN576DC9871804,2025-03-26,12665.38,debit,INR,UrbanClap,UPI,-939417.87,Housing::Maintenance & Repairs,quarterly maintenance
usr_c5dc4c65,acc_paytm_408ce5,TXN795820883D59,2025-03-27,17471.22,debit,INR,Income Tax Portal,UPI,-283687.62,Financial Expenses::Tax Payment,monthly EMI
usr_c5dc4c65,acc_hdfc_5a5f3d,TXNAAFF2108C83C,2025-03-27,1351.2,debit,INR,Apollo Pharmacy,UPI,-593652.66,Shopping::Personal Care,anniversary
usr_c5dc4c65,acc_hdfc_5a5f3d,TXN954A94A02EB4,2025-03-27,17724.73,debit,INR,Cult.fit,UPI,-665324.13,Life & Entertainment::Gym & Sports,
usr_c5dc4c65,acc_paytm_408ce5,TXNBDA09FFDE522,2025-03-28,24010.83,debit,INR,PVR Cinemas,card,-259676.79,Life & Entertainment::Movies & Events,trial membership
usr_c5dc4c65,acc_hdfc_5a5f3d,TXN638759D960F6,2025-03-29,17439.01,debit,INR,Chemist Warehouse,cash,-576213.65,Shopping::Personal Care,anniversary
usr_c5dc4c65,acc_hdfc_5a5f3d,TXNDB6D7B50EF64,2025-03-29,23498.36,debit,INR,New India Assurance,UPI,-710364.5,Vehicle::Insurance,accidental repair
usr_c5dc4c65,acc_hdfc_5a5f3d,TXN4BCBF0EE08E7,2025-03-30,3840.11,debit,INR,Zepto,UPI,-614336.25,Food & Drinks::Groceries,
usr_c5dc4c65,acc_paytm_408ce5,TXNBD953845D9A2,2025-03-30,18475.39,debit,INR,PVR Cinemas,card,-478113.64,Life & Entertainment::Movies & Events,annual plan
usr_c5dc4c65,acc_ubi_8f9dd1,TXNA587D030FE7D,2025-03-30,3926.54,debit,INR,Chaayos,UPI,-1379630.23,Food & Drinks::Cafes & Coffee,weekend treat
usr_c5dc4c65,acc_hdfc_5a5f3d,TXN53FBB66A1C82,2025-03-31,6370.69,debit,INR,Unacademy,UPI,-569842.96,Life & Entertainment::Education,
usr_c5dc4c65,acc_paytm_408ce5,TXN1AE1D451B2B0,2025-03-31,30207.46,debit,INR,HDFC ERGO,UPI,-301158.84,Vehicle::Insurance,
usr_c5dc4c65,acc_paytm_408ce5,TXN84BA16110691,2025-03-31,5958.53,debit,INR,Toll Plaza,cash,-496589.03,Transportation::Toll,client visit
usr_c5dc4c65,acc_hdfc_5a5f3d,TXN1C0B33F8514F,2025-04-01,51300.0,debit,INR,NoBroker Rent,NEFT,-1051028.9,Housing::Rent,monthly rent
usr_c5dc4c65,acc_ubi_3f0d38,TXN90ED1F82817D,2025-04-02,129.0,debit,INR,YouTube Premium,UPI,-1102760.45,Life & Entertainment::Subscriptions,
usr_c5dc4c65,acc_hdfc_5a5f3d,TXN563A0CBE2AC7,2025-04-02,399.0,debit,INR,Jio Fiber,UPI,-1102328.9,Life & Entertainment::Subscriptions,
usr_c5dc4c65,acc_ubi_3f0d38,TXNBACE0B542734,2025-04-02,25639.95,debit,INR,INOX,UPI,-1153861.95,Life & Entertainment::Movies & Events,annual plan
usr_c5dc4c65,acc_ubi_3f0d38,TXNDB91BEBE4741,2025-04-03,216213.82,credit,INR,Employer NEFT,NEFT,-1318675.27,Income::Salary,referral bonus
usr_c5dc4c65,acc_ubi_3f0d38,TXN5D70E5D1670E,2025-04-03,21457.12,debit,INR,Cult.fit,UPI,-1126722.47,Life & Entertainment::Gym & Sports,
usr_c5dc4c65,acc_paytm_408ce5,TXN95073E8CACCE,2025-04-03,600.1,debit,INR,Zomato Dine,UPI,-572467.89,Food & Drinks::Dining Out,
usr_c5dc4c65,acc_hdfc_5a5f3d,TXN5B095F02D4A8,2025-04-03,4520.58,debit,INR,Cook Salary,cash,-1132091.23,Housing::Domestic Help,monthly bill
usr_c5dc4c65,acc_ubi_3f0d38,TXN6CBA3CEDF901,2025-04-03,843.18,debit,INR,Local Restaurant,cash,-1225379.07,Food & Drinks::Dining Out,office snacks
usr_c5dc4c65,acc_paytm_408ce5,TXNE5675C5F8F24,2025-04-04,21410.99,debit,INR,RTO Online,UPI,-539256.19,Vehicle::Registration & Tax,tyre change
usr_c5dc4c65,acc_hdfc_5a5f3d,TXNB61A1B3B7F78,2025-04-04,28741.02,debit,INR,IndiGo,card,-1139823.4,Transportation::Flight & Train,
usr_c5dc4c65,acc_ubi_8f9dd1,TXN31DA8E0BC1C4,2025-04-04,31160.82,debit,INR,Cook Salary,cash,-1599590.6,Housing::Domestic Help,
usr_c5dc4c65,acc_paytm_408ce5,TXNAB9F0DD43BD2,2025-04-05,1492.24,debit,INR,Dunzo,UPI,-596262.35,Food & Drinks::Food Delivery,post-gym meal
usr_c5dc4c65,acc_ubi_3f0d38,TXN3E36BA510D02,2025-04-05,29185.82,debit,INR,Amazon,UPI,-1226222.25,Housing::Household Supplies,urgent repair
usr_c5dc4c65,acc_ubi_3f0d38,TXN0EA101E2EB1B,2025-04-05,21338.47,debit,INR,Airbnb,card,-1278603.13,Life & Entertainment::Travel & Hotels,trial membership
usr_c5dc4c65,acc_ubi_8f9dd1,TXNADFB13A1362A,2025-04-05,14305.58,debit,INR,Spotify,UPI,-1725715.68,Life & Entertainment::Subscriptions,family outing
usr_c5dc4c65,acc_paytm_408ce5,TXN9B48892EF163,2025-04-06,11800.71,debit,INR,Security Tip,cash,-560667.18,Housing::Domestic Help,quarterly maintenance
usr_c5dc4c65,acc_ubi_3f0d38,TXN2025F847F2C4,2025-04-06,25832.89,debit,INR,Bosch Car Service,card,-1199546.18,Vehicle::Service & Repair,
usr_c5dc4c65,acc_ubi_8f9dd1,TXN7FD3D1B47BFC,2025-04-06,15010.91,debit,INR,Vahan Portal,UPI,-1672813.44,Vehicle::Registration & Tax,
usr_c5dc4c65,acc_hdfc_5a5f3d,TXN3DD8B7C21A1D,2025-04-06,96820.29,debit,INR,Axis CC Bill,NEFT,-1342750.98,Financial Expenses::Credit Card Bill,
usr_c5dc4c65,acc_paytm_408ce5,TXNE41654A6A977,2025-04-07,2384.51,debit,INR,ACT Broadband,UPI,-508844.47,Housing::Utilities,
usr_c5dc4c65,acc_paytm_408ce5,TXN784BBF2C6243,2025-04-07,6280.65,debit,INR,SBI RD,NEFT,-511228.98,Investments::RD,lump sum
usr_c5dc4c65,acc_ubi_8f9dd1,TXN5D896B58291F,2025-04-08,199.0,debit,INR,Netflix,card,-1426251.81,Life & Entertainment::Subscriptions,
usr_c5dc4c65,acc_ubi_3f0d38,TXN0D3B07E6A64F,2025-04-08,16144.42,debit,INR,H&M,card,-1110578.05,Shopping::Clothing & Apparel,gifting
usr_c5dc4c65,acc_hdfc_5a5f3d,TXNC7207C295ED7,2025-04-08,24031.54,debit,INR,Vahan Portal,UPI,-1108059.69,Vehicle::Registration & Tax,
usr_c5dc4c65,acc_ubi_3f0d38,TXNE476F0FD4F84,2025-04-08,9438.52,debit,INR,Local Garage,cash,-1179501.9,Vehicle::Service & Repair,scheduled service
usr_c5dc4c65,acc_paytm_408ce5,TXN6010BCE50AD0,2025-04-08,39404.92,debit,INR,Unacademy,UPI,-707457.13,Life & Entertainment::Education,
usr_c5dc4c65,acc_paytm_408ce5,TXN78E4326B2C09,2025-04-08,1679.05,debit,INR,Local Restaurant,cash,-786550.69,Food & Drinks::Dining Out,
usr_c5dc4c65,acc_ubi_8f9dd1,TXN3BFBEC357BFE,2025-04-08,17700.08,debit,INR,Housing Society,NEFT,-1630751.42,Housing::Rent,
usr_c5dc4c65,acc_ubi_8f9dd1,TXND6127D415DDD,2025-04-09,2096.96,debit,INR,ICICI Prudential,UPI,-1433595.43,Financial Expenses::Insurance Premium,
usr_c5dc4c65,acc_paytm_408ce5,TXN53C4A233DD2D,2025-04-09,23194.36,debit,INR,DMart,UPI,-573067.99,Housing::Household Supplies,quarterly maintenance
usr_c5dc4c65,acc_ubi_3f0d38,TXN8B03A13471F5,2025-04-09,11453.67,debit,INR,Security Tip,cash,-1255408.07,Housing::Domestic Help,monthly bill
usr_c5dc4c65,acc_hdfc_5a5f3d,TXN4C56563DC1A2,2025-04-09,32084.33,debit,INR,Airbnb,card,-1244534.37,Life & Entertainment::Travel & Hotels,movie night
usr_c5dc4c65,acc_hdfc_5a5f3d,TXNF5AD4A55C39B,2025-04-09,8211.74,debit,INR,Local Gift Shop,cash,-1299859.31,Life & Entertainment::Gifting,
usr_c5dc4c65,acc_ubi_3f0d38,TXN8AAC4EA5AA70,2025-04-10,299.0,debit,INR,Hotstar,UPI,-1102461.45,Life & Entertainment::Subscriptions,
usr_c5dc4c65,acc_ubi_8f9dd1,TXN94E50EC2BF5E,2025-04-10,7144.62,debit,INR,SBI FD,NEFT,-1426450.81,Investments::Fixed Deposit,goal-based
usr_c5dc4c65,acc_ubi_3f0d38,TXN46FB59720AD1,2025-04-11,7688.6,debit,INR,NPS Tier-1,NEFT,-1102889.45,Investments::PPF / NPS,emergency fund
usr_c5dc4c65,acc_ubi_8f9dd1,TXN8F6538CAD876,2025-04-11,2814.29,debit,INR,Local Garage,cash,-1513059.78,Vehicle::Service & Repair,scheduled service
usr_c5dc4c65,acc_hdfc_5a5f3d,TXN718DF72BF66A,2025-04-11,7094.62,debit,INR,Local Gym,cash,-1313374.67,Life & Entertainment::Gym & Sports,trial membership
usr_c5dc4c65,acc_ubi_3f0d38,TXN282E39EF3D3D,2025-04-12,10605.76,debit,INR,H&M,card,-1188940.42,Shopping::Clothing & Apparel,urgent replacement
usr_c5dc4c65,acc_paytm_408ce5,TXN2FFA878B5840,2025-04-13,25462.96,debit,INR,Auto,cash,-888460.58,Transportation::Cab & Auto,
usr_c5dc4c65,acc_ubi_8f9dd1,TXN286FF9D0CD0C,2025-04-14,43756.64,debit,INR,BESCOM,UPI,-1435692.39,Housing::Utilities,quarterly maintenance
usr_c5dc4c65,acc_ubi_3f0d38,TXN693BF095527C,2025-04-14,13085.05,debit,INR,Landlord NEFT,NEFT,-1302360.19,Housing::Rent,urgent repair
usr_c5dc4c65,acc_paytm_408ce5,TXN66DBE2D93847,2025-04-14,1851.89,debit,INR,DMart,UPI,-834348.9,Food & Drinks::Groceries,
usr_c5dc4c65,acc_paytm_408ce5,TXN74626EB25F7D,2025-04-15,16444.65,debit,INR,Tata Power,UPI,-817904.25,Housing::Utilities,monthly bill
usr_c5dc4c65,acc_ubi_8f9dd1,TXNF0B8F9F8B56D,2025-04-16,13028.81,debit,INR,IKEA,card,-1498996.46,Shopping::Home & Kitchen,gifting
usr_c5dc4c65,acc_ubi_8f9dd1,TXN35536F9A88C4,2025-04-17,11253.47,debit,INR,Crossword,card,-1487742.99,Shopping::Books & Stationery,sale purchase
usr_c5dc4c65,acc_ubi_3f0d38,TXN79D799876B47,2025-04-17,2418.59,debit,INR,Flipkart Books,UPI,-1299941.6,Shopping::Books & Stationery,gifting
usr_c5dc4c65,acc_hdfc_5a5f3d,TXN1438AE9A3A68,2025-04-18,2777.71,debit,INR,Third Wave Coffee,card,-1102727.9,Food & Drinks::Cafes & Coffee,weekend treat
usr_c5dc4c65,acc_ubi_8f9dd1,TXN5A63CF16DA07,2025-04-18,19952.74,debit,INR,SBI Auto Loan,NEFT,-1688087.1,Vehicle::Vehicle EMI,tyre change
usr_c5dc4c65,acc_ubi_3f0d38,TXNC9CE00EE51D2,2025-04-18,43855.11,debit,INR,Simplilearn,card,-1315445.24,Life & Entertainment::Education,trial membership
usr_c5dc4c65,acc_paytm_408ce5,TXN1F1F9AAE35D9,2025-04-18,2184.03,debit,INR,The Beer Cafe,card,-886276.55,Food & Drinks::Alcohol & Bars,weekly groceries
usr_c5dc4c65,acc_ubi_3f0d38,TXN5BF696572A86,2025-04-18,40146.86,debit,INR,Goibibo,UPI,-1418214.31,Life & Entertainment::Travel & Hotels,movie night
usr_c5dc4c65,acc_hdfc_5a5f3d,TXN1A1CD3CA61E0,2025-04-19,22281.69,debit,INR,BMTC,UPI,-1320469.29,Transportation::Metro & Bus,
usr_c5dc4c65,acc_paytm_408ce5,TXNB01AF211B2E7,2025-04-20,26597.18,debit,INR,Housing Society,NEFT,-759953.51,Housing::Rent,urgent repair
usr_c5dc4c65,acc_hdfc_5a5f3d,TXN20629E762A8F,2025-04-20,720.48,debit,INR,Blue Tokai,UPI,-1299138.83,Food & Drinks::Cafes & Coffee,weekly groceries
usr_c5dc4c65,acc_hdfc_5a5f3d,TXN63210409D437,2025-04-20,5303.62,debit,INR,Meesho,UPI,-1308071.05,Shopping::Online Shopping,anniversary
usr_c5dc4c65,acc_ubi_3f0d38,TXN4B6B00EE5CFD,2025-04-20,45306.57,debit,INR,Amazon Prime,card,-1369641.98,Life & Entertainment::Subscriptions,movie night
usr_c5dc4c65,acc_hdfc_5a5f3d,TXN85FDF109DDCE,2025-04-20,4377.67,debit,INR,Starbucks,card,-1439571.27,Food & Drinks::Cafes & Coffee,birthday dinner
usr_c5dc4c65,acc_paytm_408ce5,TXNCFF771AD3A04,2025-04-21,103849.4,debit,INR,ICICI Prudential,UPI,-603607.73,Financial Expenses::Insurance Premium,
usr_c5dc4c65,acc_paytm_408ce5,TXN73B10A4EA5D3,2025-04-21,29674.51,debit,INR,Amazon Prime,card,-788229.74,Life & Entertainment::Subscriptions,movie night
usr_c5dc4c65,acc_ubi_8f9dd1,TXND5BCB169EE1A,2025-04-22,24361.94,debit,INR,Amazon,UPI,-1648451.5,Housing::Household Supplies,quarterly maintenance
usr_c5dc4c65,acc_ubi_3f0d38,TXNB8F2EB56DC43,2025-04-22,10341.63,debit,INR,HDFC Auto Loan,NEFT,-1359300.35,Vehicle::Vehicle EMI,tyre change
usr_c5dc4c65,acc_hdfc_5a5f3d,TXND180C56A7AE6,2025-04-23,3211.59,debit,INR,Swiggy,UPI,-1136611.81,Food & Drinks::Food Delivery,post-gym meal
usr_c5dc4c65,acc_ubi_8f9dd1,TXN53F6B802C830,2025-04-23,5477.55,debit,INR,Crossword,card,-1537353.42,Shopping::Books & Stationery,planned buy
usr_c5dc4c65,acc_ubi_8f9dd1,TXN560DEB783E52,2025-04-23,55566.9,debit,INR,Axis Loan,NEFT,-1544023.7,Financial Expenses::Loan EMI,monthly EMI
usr_c5dc4c65,acc_ubi_8f9dd1,TXNEDB9938DF44D,2025-04-23,1337.01,debit,INR,Barbeque Nation,card,-1708039.84,Food & Drinks::Dining Out,
usr_c5dc4c65,acc_ubi_3f0d38,TXN0FD39691B08E,2025-04-24,3716.27,debit,INR,Vahan Portal,UPI,-1266861.74,Vehicle::Registration & Tax,tyre change
usr_c5dc4c65,acc_hdfc_5a5f3d,TXN37B76799927E,2025-04-24,22520.13,debit,INR,Axis Charges,debit,-1276618.7,Financial Expenses::Bank Charges,due payment
usr_c5dc4c65,acc_paytm_408ce5,TXNEF9981F9AC92,2025-04-24,50075.76,debit,INR,Jio Fiber,UPI,-836200.79,Housing::Utilities,urgent repair
usr_c5dc4c65,acc_paytm_408ce5,TXNFC5D5E50E282,2025-04-25,21746.56,debit,INR,Local Gift Shop,cash,-517509.63,Life & Entertainment::Gifting,movie night
usr_c5dc4c65,acc_hdfc_5a5f3d,TXN93F7A95715AF,2025-04-25,2554.08,debit,INR,Uber,UPI,-1105505.61,Transportation::Cab & Auto,weekend trip
usr_c5dc4c65,acc_ubi_8f9dd1,TXND4D452A2A66F,2025-04-25,21479.35,debit,INR,Insider.in,UPI,-1515874.07,Life & Entertainment::Movies & Events,
usr_c5dc4c65,acc_ubi_8f9dd1,TXN4B8118583DC8,2025-04-25,1192.73,debit,INR,Dunzo,UPI,-1542830.97,Food & Drinks::Food Delivery,
usr_c5dc4c65,acc_hdfc_5a5f3d,TXNF982A33A41DC,2025-04-26,26100.46,debit,INR,Rapido,UPI,-1168564.42,Transportation::Cab & Auto,client visit
usr_c5dc4c65,acc_ubi_3f0d38,TXNAC573396B0BD,2025-04-26,8025.12,debit,INR,IKEA,card,-1270578.01,Shopping::Home & Kitchen,planned buy
usr_c5dc4c65,acc_hdfc_5a5f3d,TXN2EF3BEC78250,2025-04-27,49869.49,debit,INR,Big Bazaar,UPI,-1194664.88,Housing::Household Supplies,urgent repair
usr_c5dc4c65,acc_ubi_8f9dd1,TXN9EA6BD20D30F,2025-04-27,16338.83,debit,INR,Shell,card,-1709376.85,Transportation::Fuel,office commute
usr_c5dc4c65,acc_paytm_408ce5,TXNE6B25F977D70,2025-04-28,5853.14,debit,INR,Landlord NEFT,NEFT,-597754.59,Housing::Rent,quarterly maintenance
usr_c5dc4c65,acc_paytm_408ce5,TXNF80FD2C49FBB,2025-04-28,13091.46,debit,INR,Security Tip,cash,-746862.05,Housing::Domestic Help,urgent repair
usr_c5dc4c65,acc_ubi_8f9dd1,TXN97BA3A58755D,2025-04-29,1034.51,debit,INR,Nykaa,UPI,-1512025.27,Shopping::Online Shopping,anniversary
usr_c5dc4c65,acc_ubi_8f9dd1,TXNB80A891F9B6C,2025-04-29,262.75,debit,INR,Starbucks,card,-1687824.35,Food & Drinks::Cafes & Coffee,client dinner
usr_c5dc4c65,acc_ubi_8f9dd1,TXN47806FBC6A1B,2025-04-30,8293.96,debit,INR,Nykaa,UPI,-1479449.03,Shopping::Personal Care,sale purchase
usr_c5dc4c65,acc_ubi_3f0d38,TXN66DA42A1BE1F,2025-04-30,5682.36,debit,INR,Reliance Digital,card,-1148179.59,Shopping::Electronics,gifting
usr_c5dc4c65,acc_ubi_3f0d38,TXN4D66BC5C9389,2025-04-30,3265.76,debit,INR,Local Bakery,cash,-1414948.55,Food & Drinks::Bakery & Snacks,birthday dinner
usr_c5dc4c65,acc_hdfc_5a5f3d,TXNAC8698CD0A56,2025-04-30,11618.96,debit,INR,BYJU'S,UPI,-1443948.94,Life & Entertainment::Education,
usr_c635838d,acc_sbi_d48d33,TXN3C21CE1A5178,2025-01-01,44801.9,credit,INR,Employer NEFT,NEFT,134973.93,Income::Salary,
usr_c635838d,acc_sbi_d48d33,TXN8AB39BB86B36,2025-01-02,843.94,debit,INR,Dunzo,UPI,85318.24,Food & Drinks::Food Delivery,
usr_c635838d,acc_sbi_d48d33,TXN1D521CDF9A27,2025-01-03,1634.94,debit,INR,Blue Tokai,UPI,84474.3,Food & Drinks::Cafes & Coffee,
usr_c635838d,acc_sbi_51a34b,TXNC72DF62A9B07,2025-01-04,14900.0,debit,INR,Housing Society,NEFT,40491.48,Housing::Rent,monthly rent
usr_c635838d,acc_sbi_51a34b,TXNFC02F56979F0,2025-01-05,6100.0,debit,INR,Axis Loan,NEFT,25591.48,Financial Expenses::Loan EMI,monthly EMI
usr_c635838d,acc_sbi_d48d33,TXNB0AF183631E3,2025-01-05,2169.55,debit,INR,Zomato,UPI,82839.36,Food & Drinks::Food Delivery,
usr_c635838d,acc_sbi_d48d33,TXNE0CCB5918CD2,2025-01-05,13806.65,debit,INR,Flipkart Books,UPI,56125.3,Shopping::Books & Stationery,
usr_c635838d,acc_yes_d78b2e,TXNBC087612769A,2025-01-06,119.0,debit,INR,Spotify,UPI,30388.83,Life & Entertainment::Subscriptions,
usr_c635838d,acc_sbi_d48d33,TXNB8503F36063C,2025-01-06,16324.1,debit,INR,Toll Plaza,cash,177747.45,Transportation::Toll,airport drop
usr_c635838d,acc_sbi_51a34b,TXN1E5DD2275F5A,2025-01-07,129.0,debit,INR,YouTube Premium,UPI,19192.48,Life & Entertainment::Subscriptions,
usr_c635838d,acc_yes_d78b2e,TXNAB317499147A,2025-01-07,299.0,debit,INR,Hotstar,UPI,30687.83,Life & Entertainment::Subscriptions,
usr_c635838d,acc_yes_d78b2e,TXNBE94D2DE965D,2025-01-07,1978.6,debit,INR,HDFC FD,NEFT,30269.83,Investments::Fixed Deposit,lump sum
usr_c635838d,acc_yes_d78b2e,TXNC5B634900EC9,2025-01-07,2452.74,debit,INR,Angel One,UPI,28291.23,Investments::Stock Purchase,emergency fund
usr_c635838d,acc_sbi_51a34b,TXND18C78A8B2B1,2025-01-08,33137.32,debit,INR,DMart,UPI,-76989.34,Housing::Household Supplies,
usr_c635838d,acc_yes_d78b2e,TXN1C30516B2B15,2025-01-10,2283.76,debit,INR,Jio Fiber,UPI,32971.59,Housing::Utilities,
usr_c635838d,acc_sbi_d48d33,TXN314537A68894,2025-01-10,2028.38,debit,INR,Zomato Dine,UPI,179775.83,Food & Drinks::Dining Out,
usr_c635838d,acc_sbi_51a34b,TXN1A7D8BF4A25F,2025-01-11,299.0,debit,INR,Amazon Prime,card,19491.48,Life & Entertainment::Subscriptions,
usr_c635838d,acc_sbi_d48d33,TXN8B11FF1A75BA,2025-01-12,18443.81,debit,INR,Security Tip,cash,74569.11,Housing::Domestic Help,quarterly maintenance
usr_c635838d,acc_sbi_51a34b,TXNB5472DB7B000,2025-01-13,19570.91,debit,INR,Axis CC Bill,NEFT,19063.48,Financial Expenses::Credit Card Bill,
usr_c635838d,acc_yes_d78b2e,TXNB7353AD2FB18,2025-01-13,26282.63,debit,INR,Cook Salary,cash,-27063.81,Housing::Domestic Help,
usr_c635838d,acc_yes_d78b2e,TXN4ABE021D7E78,2025-01-16,47397.83,debit,INR,Advance Tax,NEFT,25838.49,Financial Expenses::Tax Payment,
usr_c635838d,acc_sbi_d48d33,TXN4E25D0649201,2025-01-17,6909.73,debit,INR,KSRTC,UPI,154385.25,Transportation::Metro & Bus,
usr_c635838d,acc_sbi_d48d33,TXN75116F46E04B,2025-01-17,12741.01,debit,INR,Maid Salary,cash,133011.17,Housing::Domestic Help,quarterly maintenance
usr_c635838d,acc_sbi_d48d33,TXN9276F478B194,2025-01-17,18941.24,debit,INR,Security Tip,cash,104259.48,Housing::Domestic Help,
usr_c635838d,acc_sbi_51a34b,TXN1E4A012C48A7,2025-01-17,1868.64,debit,INR,JioMart,UPI,-73906.19,Food & Drinks::Groceries,
usr_c635838d,acc_yes_d78b2e,TXN735E643A9192,2025-01-18,5504.47,debit,INR,Local Bookshop,cash,-21559.34,Shopping::Books & Stationery,
usr_c635838d,acc_sbi_51a34b,TXN5C557002A5BD,2025-01-18,417.78,debit,INR,Local Bakery,cash,-76571.56,Food & Drinks::Bakery & Snacks,family dinner
usr_c635838d,acc_sbi_51a34b,TXN5CB409E588A0,2025-01-19,58455.95,debit,INR,Bajaj Finance,NEFT,-15450.24,Financial Expenses::Loan EMI,
usr_c635838d,acc_sbi_51a34b,TXNB759979A0AA4,2025-01-22,796.73,debit,INR,Monginis,cash,-75774.83,Food & Drinks::Bakery & Snacks,post-gym meal
usr_c635838d,acc_sbi_d48d33,TXN935AA247FDD1,2025-01-24,7038.1,debit,INR,BPCL Petrol,UPI,161423.35,Transportation::Fuel,weekend trip
usr_c635838d,acc_sbi_d48d33,TXN3DA9CED777C3,2025-01-24,16010.68,debit,INR,Meesho,UPI,120270.16,Shopping::Online Shopping,
usr_c635838d,acc_sbi_d48d33,TXN94B02BC03B08,2025-01-24,1122.73,credit,INR,GPay Cashback,UPI,42318.65,Income::Bonus,
usr_c635838d,acc_sbi_d48d33,TXN18CC866FEA84,2025-01-25,14464.35,debit,INR,Apple Music,card,147475.52,Life & Entertainment::Subscriptions,
usr_c635838d,acc_sbi_51a34b,TXNC4CB46650807,2025-01-25,14942.81,debit,INR,InDrive,UPI,-507.43,Transportation::Cab & Auto,client visit
usr_c635838d,acc_sbi_d48d33,TXN81A2C1733E28,2025-01-25,6100.7,debit,INR,Purplle,UPI,80669.81,Shopping::Personal Care,birthday gift
usr_c635838d,acc_sbi_51a34b,TXNDDF2BEEB2CFC,2025-01-27,2927.93,debit,INR,Air India,card,-110126.66,Transportation::Flight & Train,
usr_c635838d,acc_sbi_d48d33,TXN966428A04FA1,2025-02-01,44665.24,credit,INR,Employer NEFT,NEFT,43441.38,Income::Salary,
usr_c635838d,acc_yes_d78b2e,TXN29D39E938EB9,2025-02-01,119.0,debit,INR,Spotify,UPI,-53645.44,Life & Entertainment::Subscriptions,
usr_c635838d,acc_sbi_51a34b,TXNF02D84F8F844,2025-02-01,31671.01,debit,INR,UrbanClap,UPI,-152998.1,Housing::Maintenance & Repairs,
usr_c635838d,acc_sbi_d48d33,TXN262ECA8A7788,2025-02-01,1768.33,debit,INR,Third Wave Coffee,card,12329.93,Food & Drinks::Cafes & Coffee,post-gym meal
usr_c635838d,acc_sbi_51a34b,TXN62851EA4CEE0,2025-02-01,2120.15,debit,INR,Barbeque Nation,card,-252302.19,Food & Drinks::Dining Out,post-gym meal
usr_c635838d,acc_yes_d78b2e,TXNC24352888F6C,2025-02-02,299.0,debit,INR,Amazon Prime,card,-53346.44,Life & Entertainment::Subscriptions,
usr_c635838d,acc_sbi_51a34b,TXN05C938230A0C,2025-02-02,299.0,debit,INR,Hotstar,UPI,-136565.0,Life & Entertainment::Subscriptions,
usr_c635838d,acc_sbi_51a34b,TXN500F503D7B5E,2025-02-02,19152.53,debit,INR,Maid Salary,cash,-319835.84,Housing::Domestic Help,
usr_c635838d,acc_sbi_51a34b,TXN1442CF98F2E2,2025-02-03,14900.0,debit,INR,Housing Society,NEFT,-113054.59,Housing::Rent,monthly rent
usr_c635838d,acc_sbi_d48d33,TXND4973F19896D,2025-02-04,2465.06,debit,INR,Angel One,UPI,86022.39,Investments::Stock Purchase,
usr_c635838d,acc_sbi_51a34b,TXN2A4FF14646BE,2025-02-05,6100.0,debit,INR,Bajaj Finance,NEFT,-127954.59,Financial Expenses::Loan EMI,monthly EMI
usr_c635838d,acc_sbi_51a34b,TXN2A986377E624,2025-02-05,26694.52,debit,INR,Security Tip,cash,-293141.32,Housing::Domestic Help,quarterly maintenance
usr_c635838d,acc_sbi_d48d33,TXN291A3A15A5D9,2025-02-06,1955.23,debit,INR,HDFC FD,NEFT,87977.62,Investments::Fixed Deposit,emergency fund
usr_c635838d,acc_sbi_51a34b,TXN735C002C1864,2025-02-07,1645.83,debit,INR,Dunzo,UPI,-184669.11,Food & Drinks::Food Delivery,office snacks
usr_c635838d,acc_sbi_51a34b,TXN885AF1D33811,2025-02-07,2063.38,debit,INR,Haldiram's,UPI,-230927.16,Food & Drinks::Dining Out,
usr_c635838d,acc_sbi_d48d33,TXN371B272DAF71,2025-02-08,8040.99,debit,INR,SBI Life,UPI,83557.33,Financial Expenses::Insurance Premium,
usr_c635838d,acc_yes_d78b2e,TXN80DE00F4ADB2,2025-02-08,21157.35,debit,INR,Electrician,cash,-113136.69,Housing::Maintenance & Repairs,quarterly maintenance
usr_c635838d,acc_sbi_51a34b,TXNA43FF0DC1248,2025-02-09,1838.36,debit,INR,Blue Tokai,UPI,-254422.34,Food & Drinks::Cafes & Coffee,
usr_c635838d,acc_sbi_d48d33,TXN7FFB427FF7C9,2025-02-10,129.0,debit,INR,YouTube Premium,UPI,88106.62,Life & Entertainment::Subscriptions,
usr_c635838d,acc_sbi_51a34b,TXN3E122D3657AF,2025-02-10,27229.95,debit,INR,ICICI CC Bill,NEFT,-265911.37,Financial Expenses::Credit Card Bill,
usr_c635838d,acc_sbi_51a34b,TXN51B096F5CAE0,2025-02-11,9650.67,debit,INR,Security Tip,cash,-256260.7,Housing::Domestic Help,
usr_c635838d,acc_yes_d78b2e,TXNC8BFE4E6C465,2025-02-11,1855.99,credit,INR,Client Transfer,NEFT,-135330.34,Income::Freelance,
usr_c635838d,acc_sbi_d48d33,TXNC58BEEACD9C8,2025-02-13,32443.09,debit,INR,Security Tip,cash,75516.34,Housing::Domestic Help,urgent repair
usr_c635838d,acc_sbi_d48d33,TXNE4F90ED7CF55,2025-02-13,12359.84,debit,INR,Decathlon,card,24958.23,Life & Entertainment::Gym & Sports,
usr_c635838d,acc_yes_d78b2e,TXN047520875D5F,2025-02-14,8873.06,debit,INR,Vistara,card,-90227.71,Transportation::Flight & Train,office commute
usr_c635838d,acc_sbi_d48d33,TXNB48D093E959F,2025-02-14,1457.34,debit,INR,Social,card,10561.6,Food & Drinks::Dining Out,birthday dinner
usr_c635838d,acc_sbi_51a34b,TXN7DAA8F5CFA6D,2025-02-15,2510.41,debit,INR,Tata Power,UPI,-134054.59,Housing::Utilities,
usr_c635838d,acc_sbi_51a34b,TXN4D2460698295,2025-02-17,19311.65,debit,INR,Cook Salary,cash,-232990.54,Housing::Domestic Help,quarterly maintenance
usr_c635838d,acc_sbi_51a34b,TXND6261D23B054,2025-02-18,873.9,debit,INR,Vijay Sales,card,-186314.94,Shopping::Electronics,urgent replacement
usr_c635838d,acc_yes_d78b2e,TXNE3E432A0169E,2025-02-18,7306.68,debit,INR,Zara,card,-105830.01,Shopping::Clothing & Apparel,birthday gift
usr_c635838d,acc_sbi_51a34b,TXNE13C87E2244A,2025-02-19,16134.1,debit,INR,Nykaa,UPI,-136864.0,Shopping::Personal Care,anniversary
usr_c635838d,acc_yes_d78b2e,TXNE739768A9E21,2025-02-20,17385.95,debit,INR,BMTC,UPI,-72841.76,Transportation::Metro & Bus,office commute
usr_c635838d,acc_sbi_51a34b,TXNC4FD2EEB0262,2025-02-22,29312.39,debit,INR,Urban Ladder,card,-201614.77,Housing::Furniture,monthly bill
usr_c635838d,acc_yes_d78b2e,TXNE9472CD0624D,2025-02-22,1036.3,debit,INR,Dunzo,UPI,-134294.04,Food & Drinks::Food Delivery,
usr_c635838d,acc_sbi_d48d33,TXN70C4298B176C,2025-02-24,18115.02,debit,INR,Landlord NEFT,NEFT,43073.25,Housing::Rent,
usr_c635838d,acc_yes_d78b2e,TXNF85A89928C79,2025-02-24,17098.41,debit,INR,HDFC Auto Loan,NEFT,-53764.44,Vehicle::Vehicle EMI,scheduled service
usr_c635838d,acc_sbi_d48d33,TXNDE0038A849CB,2025-02-28,268.46,debit,INR,Starbucks,card,12598.39,Food & Drinks::Cafes & Coffee,client dinner
usr_c635838d,acc_sbi_d48d33,TXN32629D8073DE,2025-02-28,32766.97,debit,INR,DMart,UPI,9104.26,Housing::Household Supplies,quarterly maintenance
usr_c635838d,acc_sbi_51a34b,TXN5E04ECC93B52,2025-03-01,14425.93,debit,INR,Mall Parking,cash,-187188.84,Transportation::Parking,
usr_c635838d,acc_yes_d78b2e,TXND4C3B0970845,2025-03-01,1978.91,debit,INR,Airport Parking,card,-70862.85,Transportation::Parking,airport drop
usr_c635838d,acc_yes_d78b2e,TXN61A4E478676E,2025-03-01,6729.24,debit,INR,InDrive,UPI,-99100.77,Transportation::Cab & Auto,weekend trip
usr_c635838d,acc_sbi_51a34b,TXNBB300B2BE697,2025-03-02,45145.14,credit,INR,Employer NEFT,NEFT,-338988.37,Income::Salary,project completion
usr_c635838d,acc_sbi_51a34b,TXN1930A684031E,2025-03-02,1034.57,debit,INR,Wine Shop,cash,-341536.63,Food & Drinks::Alcohol & Bars,birthday dinner
usr_c635838d,acc_sbi_51a34b,TXNB49042B2135E,2025-03-03,13889.44,debit,INR,Indian Oil,UPI,-307590.74,Transportation::Fuel,office commute
usr_c635838d,acc_yes_d78b2e,TXN0F5CD3BD460E,2025-03-04,14900.0,debit,INR,NoBroker Rent,NEFT,-133474.35,Housing::Rent,monthly rent
usr_c635838d,acc_sbi_51a34b,TXN65A06ED59F44,2025-03-04,19965.87,debit,INR,Local Plumber,cash,-321570.76,Housing::Maintenance & Repairs,monthly bill
usr_c635838d,acc_sbi_51a34b,TXNC6B35107BF9B,2025-03-05,6100.0,debit,INR,SBI Home Loan,NEFT,-293843.23,Financial Expenses::Loan EMI,monthly EMI
usr_c635838d,acc_sbi_51a34b,TXNCAC19E317CAF,2025-03-07,299.0,debit,INR,Amazon Prime,card,-299943.23,Life & Entertainment::Subscriptions,
usr_c635838d,acc_sbi_51a34b,TXNA13E741D651E,2025-03-07,2475.81,debit,INR,Angel One,UPI,-302813.12,Investments::Stock Purchase,emergency fund
usr_c635838d,acc_sbi_51a34b,TXNDD00E4963F96,2025-03-07,2301.81,debit,INR,Wine Shop,cash,-305288.93,Food & Drinks::Alcohol & Bars,weekend treat
usr_c635838d,acc_sbi_d48d33,TXND9AD862064F8,2025-03-07,22940.17,debit,INR,NoBroker Rent,UPI,-49272.85,Housing::Rent,urgent repair
usr_c635838d,acc_sbi_51a34b,TXNDF058A09BD26,2025-03-08,2023.89,debit,INR,HDFC FD,NEFT,-300789.23,Investments::Fixed Deposit,
usr_c635838d,acc_sbi_d48d33,TXNFE069817BBC6,2025-03-08,7941.86,debit,INR,Myntra,UPI,-144085.33,Shopping::Clothing & Apparel,birthday gift
usr_c635838d,acc_sbi_51a34b,TXN1CF6FF42C6F6,2025-03-10,129.0,debit,INR,YouTube Premium,UPI,-300242.23,Life & Entertainment::Subscriptions,
usr_c635838d,acc_sbi_51a34b,TXN02DF96410FA5,2025-03-11,299.0,debit,INR,Hotstar,UPI,-300371.23,Life & Entertainment::Subscriptions,
usr_c635838d,acc_sbi_51a34b,TXN6A5EC650434F,2025-03-11,119.0,debit,INR,Spotify,UPI,-300670.23,Life & Entertainment::Subscriptions,
usr_c635838d,acc_sbi_d48d33,TXN4F4AC9944D86,2025-03-12,2344.11,debit,INR,Tata Power,UPI,-23662.71,Housing::Utilities,
usr_c635838d,acc_yes_d78b2e,TXNAFC4E5770E09,2025-03-13,10888.03,debit,INR,NoBroker Rent,UPI,-165981.92,Housing::Rent,
usr_c635838d,acc_yes_d78b2e,TXN672845EC475A,2025-03-13,2327.21,debit,INR,Theobroma,card,-210317.23,Food & Drinks::Bakery & Snacks,family dinner
usr_c635838d,acc_yes_d78b2e,TXN3544F2635D0C,2025-03-16,11244.2,debit,INR,Decathlon,card,-199073.03,Life & Entertainment::Gym & Sports,
usr_c635838d,acc_yes_d78b2e,TXNF6422A2FAE5F,2025-03-18,10521.25,debit,INR,Carpenter,cash,-155460.67,Housing::Maintenance & Repairs,
usr_c635838d,acc_sbi_51a34b,TXN6153A4E0A129,2025-03-18,28380.64,debit,INR,Local Plumber,cash,-342571.2,Housing::Maintenance & Repairs,monthly bill
usr_c635838d,acc_sbi_d48d33,TXNEC4EB26E79F6,2025-03-19,201.38,debit,INR,Haldiram's,UPI,-130703.5,Food & Drinks::Dining Out,birthday dinner
usr_c635838d,acc_yes_d78b2e,TXN9C7E3E397C13,2025-03-19,18718.75,debit,INR,Carpenter,cash,-176869.95,Housing::Maintenance & Repairs,
usr_c635838d,acc_yes_d78b2e,TXN236BBA5712BB,2025-03-20,1453.47,debit,INR,Apollo Pharmacy,UPI,-197619.56,Shopping::Personal Care,planned buy
usr_c635838d,acc_sbi_d48d33,TXN61E3634597A9,2025-03-21,28623.88,debit,INR,Pepperfry,UPI,-99784.7,Housing::Furniture,
usr_c635838d,acc_sbi_d48d33,TXNBBDD3C30F109,2025-03-21,2416.67,debit,INR,Pepperfry,UPI,-130904.88,Housing::Furniture,
usr_c635838d,acc_yes_d78b2e,TXN589DA0245167,2025-03-24,7086.32,debit,INR,Kotak Auto Loan,NEFT,-148374.35,Vehicle::Vehicle EMI,scheduled service
usr_c635838d,acc_yes_d78b2e,TXN2B1E5D8E5DE8,2025-03-24,2030.86,debit,INR,Nykaa,UPI,-195588.7,Shopping::Online Shopping,
usr_c635838d,acc_sbi_51a34b,TXNDD6A7213F2ED,2025-03-25,90.58,debit,INR,Local Bakery,cash,-321480.18,Food & Drinks::Bakery & Snacks,client dinner
usr_c635838d,acc_sbi_51a34b,TXN5833CD3EF71A,2025-03-25,1340.87,debit,INR,Dunzo,UPI,-372190.07,Food & Drinks::Food Delivery,
usr_c635838d,acc_sbi_d48d33,TXNDDCC20918650,2025-03-27,21460.97,debit,INR,Big Bazaar,UPI,-26006.82,Housing::Household Supplies,quarterly maintenance
usr_c635838d,acc_sbi_d48d33,TXN6C3F3780DDC3,2025-03-27,1805.06,debit,INR,Zomato Dine,UPI,-47467.79,Food & Drinks::Dining Out,family dinner
usr_c635838d,acc_sbi_d48d33,TXNAAB2CF0A7E01,2025-03-27,2294.92,debit,INR,Blinkit,UPI,-128408.58,Food & Drinks::Food Delivery,
usr_c635838d,acc_sbi_d48d33,TXN8421DDE0B16A,2025-03-30,27571.68,debit,INR,Cook Salary,cash,-72213.02,Housing::Domestic Help,
usr_c635838d,acc_sbi_51a34b,TXN695902B256E5,2025-03-31,1238.23,debit,INR,TASMAC,cash,-370951.84,Food & Drinks::Alcohol & Bars,
usr_c635838d,acc_sbi_d48d33,TXNA7B1DC4E1AB1,2025-03-31,10763.78,debit,INR,Landlord NEFT,NEFT,-133321.55,Housing::Rent,monthly bill
usr_c635838d,acc_sbi_51a34b,TXN90B42BFAF5DB,2025-03-31,6623.49,debit,INR,Vahan Portal,UPI,-373530.94,Vehicle::Registration & Tax,tyre change
usr_c635838d,acc_yes_d78b2e,TXNB1DA71B37C91,2025-04-01,44663.36,credit,INR,Employer NEFT,NEFT,-212644.44,Income::Salary,project completion
usr_c635838d,acc_sbi_d48d33,TXN826CBCE93138,2025-04-02,14900.0,debit,INR,NoBroker Rent,NEFT,-152027.19,Housing::Rent,monthly rent
usr_c635838d,acc_sbi_d48d33,TXNB27C707E8630,2025-04-02,119.0,debit,INR,Spotify,UPI,-173326.19,Life & Entertainment::Subscriptions,
usr_c635838d,acc_sbi_d48d33,TXNF6955D40148D,2025-04-03,299.0,debit,INR,Amazon Prime,card,-173027.19,Life & Entertainment::Subscriptions,
usr_c635838d,acc_yes_d78b2e,TXNCD97CA9AEAF0,2025-04-03,429.93,debit,INR,Toit Brewpub,card,-232864.07,Food & Drinks::Alcohol & Bars,family dinner
usr_c635838d,acc_sbi_d48d33,TXNED9F435ABF1E,2025-04-04,6100.0,debit,INR,SBI Home Loan,NEFT,-166927.19,Financial Expenses::Loan EMI,monthly EMI
usr_c635838d,acc_sbi_d48d33,TXN638E178CD39A,2025-04-04,151.2,debit,INR,Blinkit,UPI,-173445.19,Food & Drinks::Food Delivery,weekend treat
usr_c635838d,acc_sbi_51a34b,TXNCB5E5A979D52,2025-04-05,28727.01,debit,INR,IKEA,card,-414649.21,Housing::Furniture,
usr_c635838d,acc_yes_d78b2e,TXN9F396FEABA67,2025-04-06,768.85,debit,INR,BESCOM,UPI,-167981.08,Housing::Utilities,
usr_c635838d,acc_yes_d78b2e,TXN35A0D177452F,2025-04-06,2519.22,debit,INR,Angel One,UPI,-169048.93,Investments::Stock Purchase,
usr_c635838d,acc_sbi_51a34b,TXNC15115B465AE,2025-04-06,1615.36,debit,INR,Local Restaurant,cash,-383405.55,Food & Drinks::Dining Out,team lunch
usr_c635838d,acc_yes_d78b2e,TXNE729D425D8DA,2025-04-06,19332.9,debit,INR,FASTag NHAI,IMPS,-202223.57,Transportation::Toll,
usr_c635838d,acc_sbi_51a34b,TXND34199F5F741,2025-04-07,129.0,debit,INR,YouTube Premium,UPI,-380154.43,Life & Entertainment::Subscriptions,
usr_c635838d,acc_sbi_51a34b,TXNF4E1BB04B94C,2025-04-07,1945.38,debit,INR,HDFC FD,NEFT,-380283.43,Investments::Fixed Deposit,monthly SIP
usr_c635838d,acc_yes_d78b2e,TXN860246E35719,2025-04-09,299.0,debit,INR,Hotstar,UPI,-168749.93,Life & Entertainment::Subscriptions,
usr_c635838d,acc_sbi_51a34b,TXN412055C09795,2025-04-10,14101.46,debit,INR,Kotak Auto Loan,NEFT,-391656.65,Vehicle::Vehicle EMI,accidental repair
usr_c635838d,acc_sbi_d48d33,TXNC5EA0257E914,2025-04-11,11675.69,debit,INR,Apple Music,card,-173596.39,Life & Entertainment::Subscriptions,date night
usr_c635838d,acc_sbi_51a34b,TXNF24C4801FF9B,2025-04-11,6635.74,debit,INR,Amazon Books,UPI,-385020.91,Shopping::Books & Stationery,birthday gift
usr_c635838d,acc_sbi_d48d33,TXN0D43B2BE9612,2025-04-14,503.82,credit,INR,PhonePe Reward,NEFT,-214089.42,Income::Cashback & Refund,
usr_c635838d,acc_sbi_51a34b,TXNA4CAE4224CDE,2025-04-16,1176.74,debit,INR,Wine Shop,cash,-382228.81,Food & Drinks::Alcohol & Bars,
usr_c635838d,acc_sbi_51a34b,TXN39A1BE9ED038,2025-04-17,8891.1,debit,INR,LIC Premium,UPI,-405758.11,Financial Expenses::Insurance Premium,
usr_c635838d,acc_yes_d78b2e,TXN4B867F04FB9C,2025-04-19,28532.93,debit,INR,INOX,UPI,-171568.15,Life & Entertainment::Movies & Events,
usr_c635838d,acc_sbi_d48d33,TXN3F955EDF7106,2025-04-21,21881.2,debit,INR,Local Gift Shop,cash,-185272.08,Life & Entertainment::Gifting,trial membership
usr_c635838d,acc_yes_d78b2e,TXN71EB1D24FA81,2025-04-21,2122.49,debit,INR,Social,card,-200101.08,Food & Drinks::Dining Out,weekend treat
usr_c635838d,acc_sbi_51a34b,TXN939CA9B3A1B6,2025-04-24,12552.19,debit,INR,NoBroker Rent,UPI,-443376.22,Housing::Rent,
usr_c635838d,acc_yes_d78b2e,TXNAE3E6ED6C1D6,2025-04-25,11159.54,debit,INR,Netflix,card,-221704.53,Life & Entertainment::Subscriptions,family outing
usr_c635838d,acc_sbi_d48d33,TXN2892E3B6C53F,2025-04-25,6936.14,debit,INR,Amazon Gift,UPI,-207153.28,Life & Entertainment::Gifting,
usr_c635838d,acc_yes_d78b2e,TXNECFE59589770,2025-04-28,10364.31,debit,INR,Mumbai Metro,UPI,-233294.0,Transportation::Metro & Bus,client visit
usr_c635838d,acc_yes_d78b2e,TXN5DF9AD933CDC,2025-04-29,148.06,debit,INR,WB Cakes,UPI,-221556.47,Food & Drinks::Bakery & Snacks,family dinner
usr_d848cc24,acc_kotak_d5a666,TXN5C711DDEC1DA,2025-01-01,26683.26,debit,INR,Max Life,UPI,-103605.87,Financial Expenses::Insurance Premium,
usr_d848cc24,acc_kotak_d5a666,TXN129B15D2D345,2025-01-01,1686.49,debit,INR,Toit Brewpub,card,-161373.76,Food & Drinks::Alcohol & Bars,family dinner
usr_d848cc24,acc_pnb_fc7d98,TXN9B205ADF65CC,2025-01-02,30156.04,credit,INR,Employer NEFT,NEFT,111830.9,Income::Salary,monthly salary
usr_d848cc24,acc_pnb_fc7d98,TXN34392E3600A1,2025-01-02,199.0,debit,INR,Netflix,card,133586.94,Life & Entertainment::Subscriptions,
usr_d848cc24,acc_kotak_d5a666,TXNDFC8C96A3B64,2025-01-02,1569.68,debit,INR,Third Wave Coffee,card,-44041.09,Food & Drinks::Cafes & Coffee,
usr_d848cc24,acc_kotak_d5a666,TXNE68DF94EC49C,2025-01-02,8290.53,debit,INR,Home Centre,card,-70433.78,Shopping::Home & Kitchen,birthday gift
usr_d848cc24,acc_kotak_d5a666,TXNB2D474125431,2025-01-02,1507.03,debit,INR,Barbeque Nation,card,-156647.6,Food & Drinks::Dining Out,
usr_d848cc24,acc_kotak_d5a666,TXN6A09B39786BD,2025-01-03,1051.81,debit,INR,Blinkit,UPI,-141846.58,Food & Drinks::Food Delivery,weekly groceries
usr_d848cc24,acc_pnb_fc7d98,TXN6614A37AC94C,2025-01-04,5400.0,debit,INR,NoBroker Rent,NEFT,141986.94,Housing::Rent,monthly rent
usr_d848cc24,acc_kotak_d5a666,TXN4E847C01CD56,2025-01-04,119.0,debit,INR,Spotify,UPI,27376.32,Life & Entertainment::Subscriptions,
usr_d848cc24,acc_kotak_d5a666,TXN545C473A368B,2025-01-04,12571.0,debit,INR,IndiGo,card,26958.32,Transportation::Flight & Train,
usr_d848cc24,acc_kotak_d5a666,TXNCDE8CEA75B26,2025-01-04,9756.94,debit,INR,BookMyShow,UPI,-93848.93,Life & Entertainment::Movies & Events,family outing
usr_d848cc24,acc_kotak_d5a666,TXN3CD5414DF3FB,2025-01-05,299.0,debit,INR,Amazon Prime,card,27257.32,Life & Entertainment::Subscriptions,
usr_d848cc24,acc_pnb_fc7d98,TXN5ABFF053078A,2025-01-06,3000.0,debit,INR,SBI Home Loan,NEFT,136586.94,Financial Expenses::Loan EMI,monthly EMI
usr_d848cc24,acc_kotak_d5a666,TXN7C20A7088CC3,2025-01-06,17129.84,debit,INR,UrbanClap,UPI,-53303.94,Housing::Maintenance & Repairs,
usr_d848cc24,acc_pnb_fc7d98,TXN04A436B3BD28,2025-01-06,20673.87,debit,INR,IKEA,card,77595.89,Housing::Furniture,urgent repair
usr_d848cc24,acc_kotak_d5a666,TXNEBF6E2681827,2025-01-07,211.41,debit,INR,Local Restaurant,cash,-45610.77,Food & Drinks::Dining Out,
usr_d848cc24,acc_pnb_fc7d98,TXN1000116421D9,2025-01-07,10908.14,debit,INR,FASTag NHAI,IMPS,52040.56,Transportation::Toll,
usr_d848cc24,acc_kotak_d5a666,TXN16320E06EEFB,2025-01-08,404.89,debit,INR,Theobroma,card,-152908.04,Food & Drinks::Bakery & Snacks,birthday dinner
usr_d848cc24,acc_pnb_fc7d98,TXNB9132E5F07AC,2025-01-10,597.23,debit,INR,Post Office RD,NEFT,133387.94,Investments::RD,goal-based
usr_d848cc24,acc_kotak_d5a666,TXN8AEDE5FF56FB,2025-01-12,1473.11,debit,INR,Barbeque Nation,card,-130289.13,Food & Drinks::Dining Out,post-gym meal
usr_d848cc24,acc_kotak_d5a666,TXNAB0F4DACE159,2025-01-14,346.56,debit,INR,Wine Shop,cash,-9544.43,Food & Drinks::Alcohol & Bars,post-gym meal
usr_d848cc24,acc_kotak_d5a666,TXNF86BB37663B8,2025-01-14,373.74,debit,INR,Zepto,UPI,-16953.55,Food & Drinks::Groceries,weekend treat
usr_d848cc24,acc_kotak_d5a666,TXN08C44D18B558,2025-01-14,11382.27,debit,INR,SpiceJet,card,-24713.78,Transportation::Flight & Train,
usr_d848cc24,acc_pnb_fc7d98,TXN79DB97D67C84,2025-01-14,6525.44,debit,INR,NoBroker Rent,UPI,86182.73,Housing::Rent,
usr_d848cc24,acc_pnb_fc7d98,TXND2C974975BFF,2025-01-15,1512.7,debit,INR,Toit Brewpub,card,79657.29,Food & Drinks::Alcohol & Bars,weekly groceries
usr_d848cc24,acc_kotak_d5a666,TXN29662097A60B,2025-01-16,391.67,debit,INR,Jio Fiber,UPI,27767.99,Housing::Utilities,
usr_d848cc24,acc_kotak_d5a666,TXN8179D23C18C3,2025-01-16,723.24,debit,INR,Zomato,UPI,-17327.29,Food & Drinks::Food Delivery,
usr_d848cc24,acc_kotak_d5a666,TXNF6F8BEE70A90,2025-01-16,5205.4,debit,INR,SpiceJet,card,-19508.38,Transportation::Flight & Train,airport drop
usr_d848cc24,acc_pnb_fc7d98,TXNBDC615371402,2025-01-16,10045.61,debit,INR,Vijay Sales,card,96228.34,Shopping::Electronics,birthday gift
usr_d848cc24,acc_pnb_fc7d98,TXN6B2D0210C973,2025-01-16,1385.45,debit,INR,WB Cakes,UPI,56922.02,Food & Drinks::Bakery & Snacks,family dinner
usr_d848cc24,acc_pnb_fc7d98,TXN5B957100A2EA,2025-01-18,6602.29,debit,INR,ICICI Prudential,UPI,132790.71,Financial Expenses::Insurance Premium,
usr_d848cc24,acc_kotak_d5a666,TXN65769CC0D079,2025-01-18,2584.37,debit,INR,Amazon Books,UPI,-9890.99,Shopping::Books & Stationery,gifting
usr_d848cc24,acc_kotak_d5a666,TXN588221FD4A17,2025-01-18,3019.79,debit,INR,Simplilearn,card,-45822.18,Life & Entertainment::Education,
usr_d848cc24,acc_kotak_d5a666,TXN01A12AB87ABB,2025-01-18,4461.97,debit,INR,Decathlon,card,-48841.97,Life & Entertainment::Gym & Sports,
usr_d848cc24,acc_kotak_d5a666,TXNAFEA2C6FE0AE,2025-01-19,109.16,debit,INR,JioMart,UPI,-153638.53,Food & Drinks::Groceries,
usr_d848cc24,acc_pnb_fc7d98,TXN23F6546AF679,2025-01-22,548.7,debit,INR,Wine Shop,cash,78144.59,Food & Drinks::Alcohol & Bars,weekend treat
usr_d848cc24,acc_kotak_d5a666,TXND978B9D23472,2025-01-23,1457.85,debit,INR,Air India,card,-18050.53,Transportation::Flight & Train,office commute
usr_d848cc24,acc_pnb_fc7d98,TXNCD9BBB940A55,2025-01-23,1367.96,debit,INR,Third Wave Coffee,card,100486.22,Food & Drinks::Cafes & Coffee,
usr_d848cc24,acc_kotak_d5a666,TXN2733F1FC9077,2025-01-23,10084.34,debit,INR,BEST,UPI,-131762.24,Transportation::Metro & Bus,
usr_d848cc24,acc_kotak_d5a666,TXNA1C2258C25CC,2025-01-23,1982.77,debit,INR,Nykaa,UPI,-158154.63,Shopping::Personal Care,
usr_d848cc24,acc_kotak_d5a666,TXN52DF4B6477D3,2025-01-24,4478.19,debit,INR,Vahan Portal,UPI,-12475.36,Vehicle::Registration & Tax,
usr_d848cc24,acc_pnb_fc7d98,TXN8391175EAA69,2025-01-24,175.32,debit,INR,Blinkit,UPI,126188.42,Food & Drinks::Food Delivery,weekend treat
usr_d848cc24,acc_kotak_d5a666,TXN868C6579DE90,2025-01-24,10009.65,debit,INR,Chemist Warehouse,cash,-142898.39,Shopping::Personal Care,birthday gift
usr_d848cc24,acc_kotak_d5a666,TXN9D3F82DC5B9E,2025-01-24,325.6,debit,INR,BigBasket,UPI,-153312.93,Food & Drinks::Groceries,birthday dinner
usr_d848cc24,acc_pnb_fc7d98,TXN47566CB78784,2025-01-25,10017.64,debit,INR,Landlord NEFT,NEFT,110503.86,Housing::Rent,
usr_d848cc24,acc_kotak_d5a666,TXNFEB188A02BE4,2025-01-26,23931.75,debit,INR,Housing Society,NEFT,14387.32,Housing::Rent,
usr_d848cc24,acc_pnb_fc7d98,TXN4187C8F66C65,2025-01-26,2282.3,debit,INR,Pepperfry,UPI,99118.26,Shopping::Home & Kitchen,gifting
usr_d848cc24,acc_kotak_d5a666,TXN60FB1CDBA856,2025-01-26,1236.36,debit,INR,Swiggy,UPI,-160137.4,Food & Drinks::Food Delivery,
usr_d848cc24,acc_pnb_fc7d98,TXN5973E7912E2B,2025-01-27,607.62,debit,INR,Swiggy,UPI,96835.96,Food & Drinks::Food Delivery,weekly groceries
usr_d848cc24,acc_kotak_d5a666,TXN63EF3D426ACB,2025-01-27,2899.91,debit,INR,SBI Auto Loan,NEFT,-153747.69,Vehicle::Vehicle EMI,
usr_d848cc24,acc_pnb_fc7d98,TXN6EF5C56717E9,2025-01-27,13731.62,debit,INR,Airport Parking,card,41132.42,Transportation::Parking,office commute
usr_d848cc24,acc_kotak_d5a666,TXN00BA8E9AA067,2025-01-28,15124.62,debit,INR,Amazon,UPI,-78724.31,Housing::Household Supplies,
usr_d848cc24,acc_pnb_fc7d98,TXN709D25996705,2025-01-28,3496.01,debit,INR,Mamaearth,UPI,55536.57,Shopping::Personal Care,gifting
usr_d848cc24,acc_pnb_fc7d98,TXN42C75B9659AE,2025-01-29,15509.24,debit,INR,Big Bazaar,UPI,126013.1,Housing::Household Supplies,quarterly maintenance
usr_d848cc24,acc_kotak_d5a666,TXN9ED93E488CC8,2025-01-29,7945.04,debit,INR,Purplle,UPI,-36096.05,Shopping::Personal Care,
usr_d848cc24,acc_pnb_fc7d98,TXN097DC34B267D,2025-02-01,29350.22,credit,INR,Employer NEFT,NEFT,27400.8,Income::Salary,
usr_d848cc24,acc_pnb_fc7d98,TXND7A489A5B04E,2025-02-01,9407.79,debit,INR,Cook Salary,cash,23930.46,Housing::Domestic Help,
usr_d848cc24,acc_pnb_fc7d98,TXN072A5E6EE3A5,2025-02-02,299.0,debit,INR,Amazon Prime,card,51351.02,Life & Entertainment::Subscriptions,
usr_d848cc24,acc_pnb_fc7d98,TXNFCFCEC34CA85,2025-02-03,5400.0,debit,INR,Housing Society,NEFT,56751.02,Housing::Rent,monthly rent
usr_d848cc24,acc_kotak_d5a666,TXND5AAE6FDC695,2025-02-03,3000.0,debit,INR,SBI Home Loan,NEFT,-163060.25,Financial Expenses::Loan EMI,monthly EMI
usr_d848cc24,acc_kotak_d5a666,TXN6E9A12EA467F,2025-02-04,199.0,debit,INR,Netflix,card,-168203.35,Life & Entertainment::Subscriptions,
usr_d848cc24,acc_kotak_d5a666,TXN549CF29F1D8A,2025-02-04,6251.92,debit,INR,Vahan Portal,UPI,-202573.75,Vehicle::Registration & Tax,
usr_d848cc24,acc_pnb_fc7d98,TXN3AA039EC706F,2025-02-04,613.88,debit,INR,Zomato Dine,UPI,-22274.38,Food & Drinks::Dining Out,weekly groceries
usr_d848cc24,acc_kotak_d5a666,TXN5059E23DF140,2025-02-05,119.0,debit,INR,Spotify,UPI,-168084.35,Life & Entertainment::Subscriptions,
usr_d848cc24,acc_pnb_fc7d98,TXNA7A200973115,2025-02-05,4148.33,debit,INR,Urban Ladder,card,-42002.31,Housing::Furniture,monthly bill
usr_d848cc24,acc_kotak_d5a666,TXN3D91799274B7,2025-02-06,6151.57,debit,INR,Maid Salary,cash,-168402.35,Housing::Domestic Help,quarterly maintenance
usr_d848cc24,acc_kotak_d5a666,TXN381334B77A0E,2025-02-06,1870.01,debit,INR,Urban Ladder,card,-200703.74,Housing::Furniture,
usr_d848cc24,acc_kotak_d5a666,TXN769DB9CE2C6F,2025-02-06,1555.63,debit,INR,Cafe Coffee Day,UPI,-269960.82,Food & Drinks::Cafes & Coffee,post-gym meal
usr_d848cc24,acc_kotak_d5a666,TXN79B8865DA67F,2025-02-07,2024.1,debit,INR,BWSSB,UPI,-166060.25,Housing::Utilities,
usr_d848cc24,acc_pnb_fc7d98,TXN250B64C56E8B,2025-02-08,9091.33,debit,INR,Croma,card,-32910.98,Shopping::Electronics,sale purchase
usr_d848cc24,acc_kotak_d5a666,TXN0BE718C178FB,2025-02-08,21556.35,debit,INR,BWSSB,UPI,-234180.68,Housing::Utilities,
usr_d848cc24,acc_kotak_d5a666,TXN47408F036302,2025-02-08,4182.76,debit,INR,Pepperfry,UPI,-320430.2,Shopping::Home & Kitchen,planned buy
usr_d848cc24,acc_pnb_fc7d98,TXN385D2442DC64,2025-02-09,600.46,debit,INR,Post Office RD,NEFT,51052.02,Investments::RD,emergency fund
usr_d848cc24,acc_kotak_d5a666,TXN17F0A3087FE7,2025-02-09,12299.48,debit,INR,Cook Salary,cash,-174553.92,Housing::Domestic Help,
usr_d848cc24,acc_pnb_fc7d98,TXNC5A516C06653,2025-02-12,8095.68,debit,INR,HDFC Life,UPI,50451.56,Financial Expenses::Insurance Premium,
usr_d848cc24,acc_kotak_d5a666,TXNF580550B8BEE,2025-02-14,13850.34,debit,INR,New India Assurance,UPI,-186853.4,Vehicle::Insurance,tyre change
usr_d848cc24,acc_kotak_d5a666,TXNC3F5A1D33FB5,2025-02-14,7660.73,debit,INR,BESCOM,UPI,-324612.96,Housing::Utilities,
usr_d848cc24,acc_kotak_d5a666,TXN06F2EF22407A,2025-02-15,1552.73,debit,INR,Blinkit,UPI,-268408.09,Food & Drinks::Food Delivery,birthday dinner
usr_d848cc24,acc_kotak_d5a666,TXNCF41F70C22A4,2025-02-15,17856.29,debit,INR,Amazon,UPI,-271516.45,Housing::Household Supplies,
usr_d848cc24,acc_pnb_fc7d98,TXN85173FFE2FE3,2025-02-16,1540.68,debit,INR,DMart,UPI,2403.43,Food & Drinks::Groceries,client dinner
usr_d848cc24,acc_kotak_d5a666,TXNF82081D4628B,2025-02-16,6419.22,debit,INR,GST Portal,UPI,-226620.86,Financial Expenses::Tax Payment,
usr_d848cc24,acc_pnb_fc7d98,TXN54004B1CFE3A,2025-02-17,5522.55,debit,INR,Westside,card,42355.88,Shopping::Clothing & Apparel,planned buy
usr_d848cc24,acc_pnb_fc7d98,TXN65DA09DE45FF,2025-02-17,1194.06,debit,INR,Reliance Fresh,UPI,25124.52,Food & Drinks::Groceries,birthday dinner
usr_d848cc24,acc_pnb_fc7d98,TXN4D814E19B440,2025-02-18,11708.81,debit,INR,Kotak Auto Loan,NEFT,36833.33,Vehicle::Vehicle EMI,
usr_d848cc24,acc_pnb_fc7d98,TXNADF9F82530A5,2025-02-18,661.22,debit,INR,WB Cakes,UPI,14522.67,Food & Drinks::Bakery & Snacks,family dinner
usr_d848cc24,acc_kotak_d5a666,TXN5EAEAA0FD53D,2025-02-19,17795.19,debit,INR,Pepperfry,UPI,-208825.67,Housing::Furniture,quarterly maintenance
usr_d848cc24,acc_kotak_d5a666,TXN8546D66F6DBC,2025-02-19,1140.6,debit,INR,Toit Brewpub,card,-233040.08,Food & Drinks::Alcohol & Bars,client dinner
usr_d848cc24,acc_pnb_fc7d98,TXN231280B0E6A8,2025-02-20,23137.13,debit,INR,NoBroker Rent,UPI,862.75,Housing::Rent,monthly bill
usr_d848cc24,acc_pnb_fc7d98,TXN5224906E4039,2025-02-21,930.35,debit,INR,Dunzo,UPI,3333.78,Food & Drinks::Food Delivery,family dinner
usr_d848cc24,acc_kotak_d5a666,TXN5E93D957C6D6,2025-02-21,6322.4,debit,INR,New India Assurance,UPI,-314107.8,Vehicle::Insurance,tyre change
usr_d848cc24,acc_pnb_fc7d98,TXN9FC7BEF9BFF0,2025-02-22,6306.01,debit,INR,Crossword,card,13861.45,Shopping::Books & Stationery,birthday gift
usr_d848cc24,acc_kotak_d5a666,TXN350D61E02B4F,2025-02-22,12671.06,debit,INR,BESCOM,UPI,-255737.03,Housing::Utilities,
usr_d848cc24,acc_pnb_fc7d98,TXNE209165D7C92,2025-02-26,10022.72,debit,INR,Crossword,card,-22888.26,Shopping::Books & Stationery,
usr_d848cc24,acc_pnb_fc7d98,TXN51FCB54F7882,2025-02-26,1375.21,debit,INR,DMRC,UPI,-46150.64,Transportation::Metro & Bus,office commute
usr_d848cc24,acc_pnb_fc7d98,TXNB76D688ED752,2025-02-26,12988.86,debit,INR,Kotak Auto Loan,NEFT,-47525.85,Vehicle::Vehicle EMI,
usr_d848cc24,acc_kotak_d5a666,TXN0B1FE8F839DD,2025-02-27,24735.06,debit,INR,Electrician,cash,-289372.74,Housing::Maintenance & Repairs,
usr_d848cc24,acc_pnb_fc7d98,TXN79D78A7C5AA7,2025-02-28,4221.66,debit,INR,Uber,UPI,7555.44,Transportation::Cab & Auto,
usr_d848cc24,acc_kotak_d5a666,TXNBAD2A10A3408,2025-03-03,5400.0,debit,INR,NoBroker Rent,NEFT,-332273.69,Housing::Rent,monthly rent
usr_d848cc24,acc_kotak_d5a666,TXN7C8A90D9AAB4,2025-03-03,12594.16,debit,INR,FASTag NHAI,IMPS,-427889.28,Transportation::Toll,client visit
usr_d848cc24,acc_pnb_fc7d98,TXN7423606BE1CB,2025-03-03,9097.04,debit,INR,FASTag NHAI,IMPS,-138521.04,Transportation::Toll,airport drop
usr_d848cc24,acc_pnb_fc7d98,TXN6C03CC901FE7,2025-03-04,29137.27,credit,INR,Employer NEFT,NEFT,-60514.71,Income::Salary,
usr_d848cc24,acc_pnb_fc7d98,TXN5540FD08165D,2025-03-04,11032.23,debit,INR,Airtel,UPI,-43011.89,Housing::Utilities,
usr_d848cc24,acc_pnb_fc7d98,TXNCD89A6173EDD,2025-03-07,3000.0,debit,INR,Bajaj Finance,NEFT,-31377.44,Financial Expenses::Loan EMI,monthly EMI
usr_d848cc24,acc_kotak_d5a666,TXNA5FC37588E45,2025-03-07,119.0,debit,INR,Spotify,UPI,-340268.4,Life & Entertainment::Subscriptions,
usr_d848cc24,acc_kotak_d5a666,TXNDC7927FF138C,2025-03-07,1244.04,debit,INR,Croma,card,-395444.49,Shopping::Electronics,anniversary
usr_d848cc24,acc_kotak_d5a666,TXN2FC4418B6EB1,2025-03-07,19277.78,debit,INR,NoBroker Rent,UPI,-404488.33,Housing::Rent,
usr_d848cc24,acc_kotak_d5a666,TXNB15B45ADC6F9,2025-03-08,23915.57,debit,INR,Pepperfry,UPI,-340885.4,Housing::Furniture,monthly bill
usr_d848cc24,acc_kotak_d5a666,TXN294A530AC49C,2025-03-08,1142.22,debit,INR,Blinkit,UPI,-442635.23,Food & Drinks::Food Delivery,team lunch
usr_d848cc24,acc_pnb_fc7d98,TXNEE1B577434E7,2025-03-08,9418.63,debit,INR,Vistara,card,-129102.41,Transportation::Flight & Train,office commute
usr_d848cc24,acc_kotak_d5a666,TXN23C27DA8AC7E,2025-03-09,640.67,debit,INR,Vijay Sales,card,-367553.99,Shopping::Electronics,
usr_d848cc24,acc_pnb_fc7d98,TXN7A6791324FDE,2025-03-10,6620.66,debit,INR,Amazon,UPI,-54044.12,Housing::Household Supplies,quarterly maintenance
usr_d848cc24,acc_kotak_d5a666,TXN494F94CEAD76,2025-03-11,199.0,debit,INR,Netflix,card,-340686.4,Life & Entertainment::Subscriptions,
usr_d848cc24,acc_pnb_fc7d98,TXNC4882BAA06E8,2025-03-11,24631.58,debit,INR,Maid Salary,cash,-69702.04,Housing::Domestic Help,urgent repair
usr_d848cc24,acc_kotak_d5a666,TXND43AFF9C90EA,2025-03-11,4123.17,debit,INR,Ola,UPI,-423766.11,Transportation::Cab & Auto,client visit
usr_d848cc24,acc_kotak_d5a666,TXN6A0EA9229FB5,2025-03-11,12146.11,debit,INR,Toll Plaza,cash,-443777.45,Transportation::Toll,client visit
usr_d848cc24,acc_kotak_d5a666,TXN251AFD4B76A8,2025-03-12,299.0,debit,INR,Amazon Prime,card,-340387.4,Life & Entertainment::Subscriptions,
usr_d848cc24,acc_pnb_fc7d98,TXN63ECE1D745F7,2025-03-13,597.09,debit,INR,Post Office RD,NEFT,-34377.44,Investments::RD,goal-based
usr_d848cc24,acc_kotak_d5a666,TXND8DBA5231874,2025-03-14,767.26,debit,INR,Blinkit,UPI,-467179.12,Food & Drinks::Food Delivery,team lunch
usr_d848cc24,acc_kotak_d5a666,TXN34B00537A837,2025-03-15,2753.02,debit,INR,Flipkart,UPI,-364800.97,Shopping::Online Shopping,anniversary
usr_d848cc24,acc_kotak_d5a666,TXN0256F460E35C,2025-03-17,2594.71,debit,INR,BWSSB,UPI,-337673.69,Housing::Utilities,
usr_d848cc24,acc_kotak_d5a666,TXN3DBB692ABDDB,2025-03-18,3419.28,debit,INR,RTO Online,UPI,-467946.38,Vehicle::Registration & Tax,accidental repair
usr_d848cc24,acc_pnb_fc7d98,TXND3F02E114DA2,2025-03-22,9037.26,debit,INR,IKEA,card,-60664.78,Housing::Furniture,urgent repair
usr_d848cc24,acc_pnb_fc7d98,TXN25583B218DFF,2025-03-22,12314.96,debit,INR,DMRC,UPI,-115417.7,Transportation::Metro & Bus,
usr_d848cc24,acc_kotak_d5a666,TXN9D92A7DF550A,2025-03-22,11255.56,debit,INR,Security Tip,cash,-455923.56,Housing::Domestic Help,urgent repair
usr_d848cc24,acc_pnb_fc7d98,TXN31037BAB5F72,2025-03-23,8037.36,debit,INR,Home Centre,card,-34974.53,Shopping::Home & Kitchen,
usr_d848cc24,acc_pnb_fc7d98,TXN1AB6A8EAEADA,2025-03-23,134.56,debit,INR,TASMAC,cash,-127732.66,Food & Drinks::Alcohol & Bars,
usr_d848cc24,acc_pnb_fc7d98,TXN49D622FD20A9,2025-03-23,10539.76,debit,INR,Pepperfry,UPI,-159402.19,Housing::Furniture,quarterly maintenance
usr_d848cc24,acc_kotak_d5a666,TXN929C3186C503,2025-03-27,1445.49,debit,INR,Reliance Fresh,UPI,-401151.69,Food & Drinks::Groceries,team lunch
usr_d848cc24,acc_kotak_d5a666,TXNB6FE11440CBF,2025-03-29,4463.16,debit,INR,Decathlon,card,-396688.53,Life & Entertainment::Gym & Sports,movie night
usr_d848cc24,acc_kotak_d5a666,TXN3E84C04A5225,2025-03-29,1891.15,debit,INR,Cook Salary,cash,-402597.18,Housing::Domestic Help,
usr_d848cc24,acc_kotak_d5a666,TXN57EF90F6CFC9,2025-03-29,2151.79,debit,INR,Airport Parking,card,-440483.44,Transportation::Parking,
usr_d848cc24,acc_pnb_fc7d98,TXN320B56366663,2025-03-29,11784.11,debit,INR,MakeMyTrip,card,-147618.08,Life & Entertainment::Travel & Hotels,
usr_d848cc24,acc_kotak_d5a666,TXNCB063FCE4A82,2025-03-30,27249.83,debit,INR,BWSSB,UPI,-368194.66,Housing::Utilities,quarterly maintenance
usr_d848cc24,acc_pnb_fc7d98,TXN4688103946D8,2025-03-30,10252.38,debit,INR,Security Tip,cash,-105165.32,Housing::Domestic Help,quarterly maintenance
usr_d848cc24,acc_pnb_fc7d98,TXN95D3904933E9,2025-03-30,1235.19,debit,INR,Starbucks,card,-127867.22,Food & Drinks::Cafes & Coffee,
usr_d848cc24,acc_pnb_fc7d98,TXN4A72C16EDB94,2025-03-31,10831.7,debit,INR,BBMP Parking,UPI,-94333.62,Transportation::Parking,office commute
usr_d848cc24,acc_kotak_d5a666,TXNE68AE28642A5,2025-04-01,870.85,debit,INR,Vistara,card,-513947.47,Transportation::Flight & Train,
usr_d848cc24,acc_kotak_d5a666,TXN3A6C0D7DB61A,2025-04-01,2131.09,debit,INR,Reliance Fresh,UPI,-597803.5,Food & Drinks::Groceries,post-gym meal
usr_d848cc24,acc_kotak_d5a666,TXN1297F63B359E,2025-04-02,29587.54,credit,INR,Employer NEFT,NEFT,-471365.66,Income::Salary,monthly salary
usr_d848cc24,acc_pnb_fc7d98,TXN17C8396A754B,2025-04-02,5400.0,debit,INR,NoBroker Rent,NEFT,-169941.95,Housing::Rent,monthly rent
usr_d848cc24,acc_kotak_d5a666,TXN51160BA89C94,2025-04-02,21671.34,debit,INR,Gold's Gym,UPI,-491408.77,Life & Entertainment::Gym & Sports,
usr_d848cc24,acc_kotak_d5a666,TXNDD9DD0CFBC97,2025-04-03,1505.15,debit,INR,Social,card,-451495.63,Food & Drinks::Dining Out,
usr_d848cc24,acc_kotak_d5a666,TXNF9B013F000F4,2025-04-03,1461.88,debit,INR,Cafe Coffee Day,UPI,-524560.9,Food & Drinks::Cafes & Coffee,weekend treat
usr_d848cc24,acc_kotak_d5a666,TXN784C0D6BA674,2025-04-03,14925.63,debit,INR,Carpenter,cash,-577064.37,Housing::Maintenance & Repairs,
usr_d848cc24,acc_kotak_d5a666,TXNBCE3926CDCA1,2025-04-03,5222.99,debit,INR,Honda Service,card,-591990.0,Vehicle::Service & Repair,accidental repair
usr_d848cc24,acc_pnb_fc7d98,TXN153547383898,2025-04-05,3000.0,debit,INR,SBI Home Loan,NEFT,-175341.95,Financial Expenses::Loan EMI,monthly EMI
usr_d848cc24,acc_pnb_fc7d98,TXN0BE7DAEE7530,2025-04-05,119.0,debit,INR,Spotify,UPI,-178341.95,Life & Entertainment::Subscriptions,
usr_d848cc24,acc_pnb_fc7d98,TXN5E1AD941B969,2025-04-05,4939.45,debit,INR,H&M,card,-262940.34,Shopping::Clothing & Apparel,anniversary
usr_d848cc24,acc_kotak_d5a666,TXN7F7FC7C76943,2025-04-06,299.0,debit,INR,Amazon Prime,card,-442390.96,Life & Entertainment::Subscriptions,
usr_d848cc24,acc_pnb_fc7d98,TXN8B2FA74E346F,2025-04-06,12072.9,debit,INR,Local Plumber,cash,-291697.5,Housing::Maintenance & Repairs,quarterly maintenance
usr_d848cc24,acc_kotak_d5a666,TXN94BEF37E2D66,2025-04-06,4252.65,debit,INR,Landlord NEFT,NEFT,-528230.96,Housing::Rent,
usr_d848cc24,acc_pnb_fc7d98,TXN8D65E61AFD3F,2025-04-06,2108.0,debit,INR,WB Cakes,UPI,-337745.03,Food & Drinks::Bakery & Snacks,family dinner
usr_d848cc24,acc_kotak_d5a666,TXN4F86CE6D8768,2025-04-07,867.36,debit,INR,Starbucks,card,-513080.11,Food & Drinks::Cafes & Coffee,office snacks
usr_d848cc24,acc_pnb_fc7d98,TXN88B67B9E5FED,2025-04-08,2941.62,debit,INR,FNP Flowers,card,-186736.28,Life & Entertainment::Gifting,date night
usr_d848cc24,acc_kotak_d5a666,TXN062A349A4F98,2025-04-08,32413.7,debit,INR,Income Tax Portal,UPI,-609313.66,Financial Expenses::Tax Payment,monthly EMI
usr_d848cc24,acc_kotak_d5a666,TXN8C7FD943AA9C,2025-04-09,612.84,debit,INR,Adani Electricity,UPI,-441778.12,Housing::Utilities,
usr_d848cc24,acc_pnb_fc7d98,TXNA3B0A98F00CD,2025-04-09,199.0,debit,INR,Netflix,card,-178460.95,Life & Entertainment::Subscriptions,
usr_d848cc24,acc_pnb_fc7d98,TXN8A19DC0A05EE,2025-04-10,13176.78,debit,INR,Maid Salary,cash,-222171.31,Housing::Domestic Help,quarterly maintenance
usr_d848cc24,acc_pnb_fc7d98,TXN5BE22209CF38,2025-04-10,1391.04,debit,INR,WB Cakes,UPI,-284588.74,Food & Drinks::Bakery & Snacks,office snacks
usr_d848cc24,acc_pnb_fc7d98,TXN273423F6A60C,2025-04-10,13963.21,debit,INR,FASTag NHAI,IMPS,-323151.96,Transportation::Toll,client visit
usr_d848cc24,acc_kotak_d5a666,TXNAD61D4B9C3CD,2025-04-11,606.81,debit,INR,Post Office RD,NEFT,-442689.96,Investments::RD,tax saving
usr_d848cc24,acc_kotak_d5a666,TXN352FA4DD071F,2025-04-11,6419.16,debit,INR,Flipkart Books,UPI,-514818.32,Shopping::Books & Stationery,
usr_d848cc24,acc_pnb_fc7d98,TXNAD8185C7B469,2025-04-12,8076.33,debit,INR,FASTag NHAI,IMPS,-178659.95,Transportation::Toll,
usr_d848cc24,acc_pnb_fc7d98,TXN93BF735741A0,2025-04-12,1400.38,debit,INR,Cafe Coffee Day,UPI,-303770.4,Food & Drinks::Cafes & Coffee,client dinner
usr_d848cc24,acc_kotak_d5a666,TXN1F4503A77646,2025-04-12,25946.79,debit,INR,Maid Salary,cash,-551117.58,Housing::Domestic Help,urgent repair
usr_d848cc24,acc_pnb_fc7d98,TXNB59E3D0B3EFB,2025-04-12,629.86,debit,INR,Monginis,cash,-337115.17,Food & Drinks::Bakery & Snacks,birthday dinner
usr_d848cc24,acc_pnb_fc7d98,TXN90E81D929386,2025-04-13,16466.38,debit,INR,New India Assurance,UPI,-267879.79,Vehicle::Insurance,accidental repair
usr_d848cc24,acc_pnb_fc7d98,TXN62BC0A2BDB90,2025-04-13,3699.56,debit,INR,Chemist Warehouse,cash,-287997.94,Shopping::Personal Care,urgent replacement
usr_d848cc24,acc_kotak_d5a666,TXN59E019ADA93F,2025-04-14,3323.42,debit,INR,BESCOM,UPI,-521237.48,Housing::Utilities,urgent repair
usr_d848cc24,acc_pnb_fc7d98,TXN76943E4E1F93,2025-04-14,8456.63,debit,INR,InDrive,UPI,-305170.78,Transportation::Cab & Auto,office commute
usr_d848cc24,acc_pnb_fc7d98,TXN8C216A7B6338,2025-04-16,9524.55,debit,INR,IKEA,card,-313627.41,Housing::Furniture,
usr_d848cc24,acc_pnb_fc7d98,TXN4858FE4C7D7B,2025-04-17,32493.41,debit,INR,Kotak Charges,debit,-189677.9,Financial Expenses::Bank Charges,
usr_d848cc24,acc_kotak_d5a666,TXNAD19A0745D11,2025-04-19,1004.49,debit,INR,Third Wave Coffee,card,-526022.78,Food & Drinks::Cafes & Coffee,weekly groceries
usr_d848cc24,acc_kotak_d5a666,TXND4C97402453A,2025-04-19,9379.07,debit,INR,Vahan Portal,UPI,-599934.59,Vehicle::Registration & Tax,accidental repair
usr_d848cc24,acc_kotak_d5a666,TXN352502F860DE,2025-04-20,1309.93,debit,INR,SBI Life,UPI,-443296.77,Financial Expenses::Insurance Premium,
usr_d848cc24,acc_kotak_d5a666,TXNB67C37032AB2,2025-04-21,2124.25,debit,INR,Haldiram's,UPI,-477825.1,Food & Drinks::Dining Out,
usr_d848cc24,acc_kotak_d5a666,TXNED49A6D4E098,2025-04-22,6888.93,debit,INR,Landlord NEFT,NEFT,-444606.7,Housing::Rent,quarterly maintenance
usr_d848cc24,acc_pnb_fc7d98,TXN339BA56E4BEA,2025-04-22,2018.16,debit,INR,Local Bakery,cash,-285979.78,Food & Drinks::Bakery & Snacks,weekend treat
usr_d848cc24,acc_kotak_d5a666,TXNF7A31C9E4445,2025-04-22,1203.69,debit,INR,Haldiram's,UPI,-527027.27,Food & Drinks::Dining Out,office snacks
usr_d848cc24,acc_kotak_d5a666,TXN4D8EBADDD42D,2025-04-23,4982.82,debit,INR,Reliance Digital,card,-479949.35,Shopping::Electronics,planned buy
usr_d848cc24,acc_pnb_fc7d98,TXN07F743EA996D,2025-04-24,1781.87,debit,INR,Dunzo,UPI,-346612.98,Food & Drinks::Food Delivery,
usr_d848cc24,acc_pnb_fc7d98,TXNB03F1B8AB069,2025-04-25,6555.62,debit,INR,Flipkart Books,UPI,-256384.72,Shopping::Books & Stationery,
usr_d848cc24,acc_kotak_d5a666,TXN8367AE3D0E9E,2025-04-25,6057.74,debit,INR,Mumbai Metro,UPI,-485351.03,Transportation::Metro & Bus,office commute
usr_d848cc24,acc_kotak_d5a666,TXNF5C0ECFD8E66,2025-04-25,590.51,debit,INR,Toit Brewpub,card,-597212.99,Food & Drinks::Alcohol & Bars,weekend treat
usr_d848cc24,acc_pnb_fc7d98,TXN77EE5CDA0661,2025-04-26,242.57,debit,INR,IKEA,card,-284346.17,Shopping::Home & Kitchen,gifting
usr_d848cc24,acc_kotak_d5a666,TXNF821D872F18D,2025-04-26,18633.97,debit,INR,NoBroker Rent,UPI,-532483.61,Housing::Rent,urgent repair
usr_d848cc24,acc_pnb_fc7d98,TXN91BCF6D7367C,2025-04-26,313.7,credit,INR,Client Transfer,UPI,-348394.85,Income::Bonus,
usr_d848cc24,acc_kotak_d5a666,TXNFA616230BE55,2025-04-27,24824.32,debit,INR,Tata Power,UPI,-453000.78,Housing::Utilities,quarterly maintenance
usr_d848cc24,acc_pnb_fc7d98,TXN67C9C3916C5F,2025-04-27,21036.63,debit,INR,Axis CC Bill,NEFT,-235348.09,Financial Expenses::Credit Card Bill,annual premium
usr_d848cc24,acc_pnb_fc7d98,TXNCCCCB23BA52A,2025-04-27,6759.95,debit,INR,Westside,card,-339853.03,Shopping::Clothing & Apparel,
usr_d848cc24,acc_kotak_d5a666,TXN1A83AC66A131,2025-04-28,418.86,debit,INR,Vijay Sales,card,-484932.17,Shopping::Electronics,
usr_e5f82f62,acc_yes_4b9c92,TXND45BEA6387A6,2025-01-01,13000.0,debit,INR,Housing Society,NEFT,177930.61,Housing::Rent,monthly rent
usr_e5f82f62,acc_yes_4b9c92,TXN2CA261A6AD68,2025-01-01,11096.14,debit,INR,Income Tax Portal,UPI,155199.76,Financial Expenses::Tax Payment,annual premium
usr_e5f82f62,acc_paytm_b973be,TXNF20430C22A07,2025-01-01,1698.78,debit,INR,Chaayos,UPI,80525.74,Food & Drinks::Cafes & Coffee,
usr_e5f82f62,acc_paytm_b973be,TXNAF4FCDBB1192,2025-01-01,6004.45,debit,INR,Urban Ladder,card,61852.76,Housing::Furniture,quarterly maintenance
usr_e5f82f62,acc_yes_4b9c92,TXN05E61B6FB028,2025-01-02,42371.5,credit,INR,Employer NEFT,NEFT,135559.11,Income::Salary,part-time
usr_e5f82f62,acc_yes_4b9c92,TXN6103D12D096E,2025-01-03,4683.54,debit,INR,BPCL Petrol,UPI,26020.2,Transportation::Fuel,
usr_e5f82f62,acc_paytm_b973be,TXN63ABD692F4A1,2025-01-05,4700.0,debit,INR,Bajaj Finance,NEFT,100711.89,Financial Expenses::Loan EMI,monthly EMI
usr_e5f82f62,acc_yes_4b9c92,TXN58E313D7037A,2025-01-05,3388.24,debit,INR,Axis MF,NEFT,164085.05,Investments::Mutual Fund SIP,lump sum
usr_e5f82f62,acc_paytm_b973be,TXN5DC7E90218DF,2025-01-05,114.22,debit,INR,Social,card,80639.96,Food & Drinks::Dining Out,
usr_e5f82f62,acc_yes_4b9c92,TXNBACC41BFCBFC,2025-01-06,129.0,debit,INR,YouTube Premium,UPI,164333.05,Life & Entertainment::Subscriptions,
usr_e5f82f62,acc_paytm_b973be,TXN5C42FB8EC240,2025-01-06,1718.74,debit,INR,Third Wave Coffee,card,28859.76,Food & Drinks::Cafes & Coffee,office snacks
usr_e5f82f62,acc_yes_4b9c92,TXNE530CCAC2193,2025-01-07,119.0,debit,INR,Spotify,UPI,164204.05,Life & Entertainment::Subscriptions,
usr_e5f82f62,acc_yes_4b9c92,TXNDFF257B23CF3,2025-01-07,522.47,debit,INR,Chaayos,UPI,21336.66,Food & Drinks::Cafes & Coffee,client dinner
usr_e5f82f62,acc_yes_4b9c92,TXNC391416A0469,2025-01-08,6444.69,debit,INR,Security Tip,cash,49518.06,Housing::Domestic Help,monthly bill
usr_e5f82f62,acc_yes_4b9c92,TXN3A1B5AB11C76,2025-01-10,17708.79,debit,INR,Booking.com,card,136515.82,Life & Entertainment::Travel & Hotels,family outing
usr_e5f82f62,acc_yes_4b9c92,TXNF0E1E7566AE1,2025-01-12,597.56,debit,INR,Adani Electricity,UPI,164930.61,Housing::Utilities,
usr_e5f82f62,acc_yes_4b9c92,TXNBF8198321F2C,2025-01-13,1247.32,debit,INR,DMart,UPI,85438.84,Food & Drinks::Groceries,office snacks
usr_e5f82f62,acc_paytm_b973be,TXN1DE3B0291A22,2025-01-16,14687.36,debit,INR,NoBroker Rent,UPI,96011.89,Housing::Rent,
usr_e5f82f62,acc_paytm_b973be,TXN7B2344DAE7AE,2025-01-16,16974.2,debit,INR,PVR Cinemas,card,78826.96,Life & Entertainment::Movies & Events,annual plan
usr_e5f82f62,acc_yes_4b9c92,TXNF242FAC87288,2025-01-18,5497.05,debit,INR,LIC Premium,UPI,160696.81,Financial Expenses::Insurance Premium,
usr_e5f82f62,acc_yes_4b9c92,TXN38A620BF23FD,2025-01-18,34673.46,debit,INR,ICICI Prudential,UPI,84191.52,Financial Expenses::Insurance Premium,due payment
usr_e5f82f62,acc_yes_4b9c92,TXN3D74D4FB5CCB,2025-01-18,2693.22,credit,INR,PhonePe Reward,NEFT,20814.19,Income::Cashback & Refund,
usr_e5f82f62,acc_yes_4b9c92,TXN6F460AF21ED8,2025-01-22,30761.02,debit,INR,Big Bazaar,UPI,117809.59,Housing::Household Supplies,
usr_e5f82f62,acc_yes_4b9c92,TXN6A23FDE7B77D,2025-01-22,17053.17,debit,INR,IRCTC,UPI,43073.37,Transportation::Flight & Train,client visit
usr_e5f82f62,acc_paytm_b973be,TXNB496893FC04D,2025-01-23,12748.26,debit,INR,FNP Flowers,card,27141.02,Life & Entertainment::Gifting,
usr_e5f82f62,acc_paytm_b973be,TXN98633DF94C8F,2025-01-24,26714.18,debit,INR,Urban Ladder,card,55848.31,Housing::Furniture,
usr_e5f82f62,acc_paytm_b973be,TXNF1C249B8F1F7,2025-01-26,274.37,debit,INR,Swiggy,UPI,29134.13,Food & Drinks::Food Delivery,office snacks
usr_e5f82f62,acc_paytm_b973be,TXNC7FD30F19091,2025-01-27,684.57,debit,INR,Westside,card,81324.53,Shopping::Clothing & Apparel,
usr_e5f82f62,acc_yes_4b9c92,TXN9F5D8E59AE58,2025-01-28,7587.8,debit,INR,HDFC ERGO,UPI,144103.62,Vehicle::Insurance,
usr_e5f82f62,acc_yes_4b9c92,TXN8DE95065E769,2025-01-29,997.44,debit,INR,Toit Brewpub,card,118807.03,Food & Drinks::Alcohol & Bars,
usr_e5f82f62,acc_yes_4b9c92,TXN2CF34EE2A038,2025-01-29,1609.73,debit,INR,Swiggy,UPI,87048.57,Food & Drinks::Food Delivery,birthday dinner
usr_e5f82f62,acc_paytm_b973be,TXN0AA2E2B5B256,2025-02-01,24977.71,debit,INR,Adani Electricity,UPI,-152779.72,Housing::Utilities,
usr_e5f82f62,acc_paytm_b973be,TXN5C47A1AA425F,2025-02-02,42459.72,credit,INR,Employer NEFT,NEFT,14392.76,Income::Salary,
usr_e5f82f62,acc_paytm_b973be,TXNC11B00E35C72,2025-02-02,13000.0,debit,INR,NoBroker Rent,NEFT,56852.48,Housing::Rent,monthly rent
usr_e5f82f62,acc_yes_4b9c92,TXN0FDD3C4E1A1F,2025-02-02,613.4,debit,INR,BigBasket,UPI,21356.31,Food & Drinks::Groceries,client dinner
usr_e5f82f62,acc_paytm_b973be,TXN4DDE8D1009CA,2025-02-02,36952.97,debit,INR,SBI Charges,debit,-99787.19,Financial Expenses::Bank Charges,annual premium
usr_e5f82f62,acc_paytm_b973be,TXNB409B08138A8,2025-02-02,14412.85,debit,INR,Udemy,card,-138366.87,Life & Entertainment::Education,annual plan
usr_e5f82f62,acc_yes_4b9c92,TXN7D94C57D2A71,2025-02-02,5518.67,debit,INR,Mall Parking,cash,-57380.63,Transportation::Parking,
usr_e5f82f62,acc_paytm_b973be,TXNC1FA6C1DCB2D,2025-02-03,119.0,debit,INR,Spotify,UPI,39023.48,Life & Entertainment::Subscriptions,
usr_e5f82f62,acc_paytm_b973be,TXN744FE5A68DFC,2025-02-04,3253.72,debit,INR,Axis MF,NEFT,38904.48,Investments::Mutual Fund SIP,
usr_e5f82f62,acc_yes_4b9c92,TXN2682C5530009,2025-02-04,16456.41,debit,INR,FASTag NHAI,IMPS,2891.3,Transportation::Toll,office commute
usr_e5f82f62,acc_paytm_b973be,TXNF4B0114C05D1,2025-02-04,1310.09,debit,INR,Toit Brewpub,card,-178135.24,Food & Drinks::Alcohol & Bars,
usr_e5f82f62,acc_paytm_b973be,TXN0CC3479B7339,2025-02-05,4700.0,debit,INR,SBI Home Loan,NEFT,43852.48,Financial Expenses::Loan EMI,monthly EMI
usr_e5f82f62,acc_yes_4b9c92,TXN254112481C47,2025-02-06,666.25,debit,INR,BWSSB,UPI,23507.41,Housing::Utilities,
usr_e5f82f62,acc_yes_4b9c92,TXNFAE4CAF73C8B,2025-02-07,2350.13,debit,INR,Mall Parking,cash,20742.91,Transportation::Parking,airport drop
usr_e5f82f62,acc_paytm_b973be,TXNE460A6D4A6C5,2025-02-08,129.0,debit,INR,YouTube Premium,UPI,39152.48,Life & Entertainment::Subscriptions,
usr_e5f82f62,acc_yes_4b9c92,TXNFB7BE8A5C497,2025-02-08,9582.84,debit,INR,Nykaa,UPI,-13565.11,Shopping::Online Shopping,anniversary
usr_e5f82f62,acc_yes_4b9c92,TXNDA3702C38DB9,2025-02-09,5472.28,debit,INR,Housing Society,NEFT,-41615.76,Housing::Rent,
usr_e5f82f62,acc_yes_4b9c92,TXNAA00B17B56A8,2025-02-09,10232.73,debit,INR,Flipkart Gift,UPI,-62899.3,Life & Entertainment::Gifting,family outing
usr_e5f82f62,acc_paytm_b973be,TXN7F93405C2294,2025-02-11,10107.77,debit,INR,Goibibo,UPI,-68183.63,Life & Entertainment::Travel & Hotels,date night
usr_e5f82f62,acc_yes_4b9c92,TXNE42E48CF9868,2025-02-12,1484.85,debit,INR,Security Tip,cash,22841.16,Housing::Domestic Help,monthly bill
usr_e5f82f62,acc_paytm_b973be,TXN943B649F1C88,2025-02-12,975.13,debit,INR,Barbeque Nation,card,-35632.98,Food & Drinks::Dining Out,team lunch
usr_e5f82f62,acc_paytm_b973be,TXNF520DA823EFB,2025-02-12,101.0,debit,INR,Zomato,UPI,-178034.24,Food & Drinks::Food Delivery,office snacks
usr_e5f82f62,acc_yes_4b9c92,TXN6CE09FED5047,2025-02-13,1206.3,debit,INR,Toit Brewpub,card,-23147.95,Food & Drinks::Alcohol & Bars,
usr_e5f82f62,acc_paytm_b973be,TXNDCD185FD0009,2025-02-17,5753.2,debit,INR,SBI Life,UPI,35650.76,Financial Expenses::Insurance Premium,
usr_e5f82f62,acc_paytm_b973be,TXNB3B4E6E699F0,2025-02-18,65530.54,debit,INR,Axis Charges,debit,29897.56,Financial Expenses::Bank Charges,
usr_e5f82f62,acc_yes_4b9c92,TXN7113FA090484,2025-02-18,15501.48,debit,INR,Amazon,UPI,18392.78,Shopping::Online Shopping,urgent replacement
usr_e5f82f62,acc_paytm_b973be,TXNE297B0954740,2025-02-18,858.29,debit,INR,DMart,UPI,-136740.16,Food & Drinks::Groceries,office snacks
usr_e5f82f62,acc_paytm_b973be,TXN25DDB5015DD8,2025-02-19,21495.79,debit,INR,Local Plumber,cash,-78291.4,Housing::Maintenance & Repairs,
usr_e5f82f62,acc_paytm_b973be,TXN46FC8AC5539B,2025-02-19,276.81,debit,INR,Wine Shop,cash,-177757.43,Food & Drinks::Alcohol & Bars,team lunch
usr_e5f82f62,acc_yes_4b9c92,TXN9CF19C6E7CFD,2025-02-22,17261.51,debit,INR,BESCOM,UPI,-24354.25,Housing::Utilities,urgent repair
usr_e5f82f62,acc_yes_4b9c92,TXNEE0326010901,2025-02-23,2534.36,credit,INR,Amazon Refund,UPI,-73132.03,Income::Cashback & Refund,
usr_e5f82f62,acc_paytm_b973be,TXN4E0B78476FD7,2025-02-25,768.42,debit,INR,Barbeque Nation,card,-137598.45,Food & Drinks::Dining Out,office snacks
usr_e5f82f62,acc_paytm_b973be,TXNBF5B1B05FE16,2025-02-28,31575.52,debit,INR,ICICI CC Bill,NEFT,-36608.11,Financial Expenses::Credit Card Bill,
usr_e5f82f62,acc_yes_4b9c92,TXN3EB3DD145E81,2025-03-01,10292.59,debit,INR,Flipkart Books,UPI,-47088.04,Shopping::Books & Stationery,planned buy
usr_e5f82f62,acc_yes_4b9c92,TXNAF475460F7A3,2025-03-02,43013.27,credit,INR,Employer NEFT,NEFT,-70597.67,Income::Salary,referral bonus
usr_e5f82f62,acc_yes_4b9c92,TXN2C46EC57509E,2025-03-03,119.0,debit,INR,Spotify,UPI,-32413.4,Life & Entertainment::Subscriptions,
usr_e5f82f62,acc_paytm_b973be,TXNC77C559B1144,2025-03-03,6241.09,debit,INR,Electrician,cash,-212024.08,Housing::Maintenance & Repairs,urgent repair
usr_e5f82f62,acc_yes_4b9c92,TXN333814CDED55,2025-03-04,4700.0,debit,INR,HDFC Home Loan,NEFT,-27584.4,Financial Expenses::Loan EMI,monthly EMI
usr_e5f82f62,acc_paytm_b973be,TXN0B7D7037E751,2025-03-05,7149.9,debit,INR,Axis Charges,debit,-195057.2,Financial Expenses::Bank Charges,
usr_e5f82f62,acc_paytm_b973be,TXN4995238A1E7B,2025-03-06,13000.0,debit,INR,Landlord NEFT,NEFT,-179445.33,Housing::Rent,monthly rent
usr_e5f82f62,acc_paytm_b973be,TXNF2E8066D4F69,2025-03-06,1449.69,debit,INR,The Beer Cafe,card,-231793.23,Food & Drinks::Alcohol & Bars,
usr_e5f82f62,acc_yes_4b9c92,TXN2B33ACB8387C,2025-03-07,3257.13,debit,INR,Axis MF,NEFT,-32532.4,Investments::Mutual Fund SIP,emergency fund
usr_e5f82f62,acc_yes_4b9c92,TXNC376F6E1C505,2025-03-07,45802.32,debit,INR,Bajaj Finance,NEFT,-35789.53,Financial Expenses::Loan EMI,due payment
usr_e5f82f62,acc_yes_4b9c92,TXN5FA01BBE254F,2025-03-07,7943.34,debit,INR,Pepperfry,UPI,-270259.28,Housing::Furniture,urgent repair
usr_e5f82f62,acc_yes_4b9c92,TXNB51D90A8F6F3,2025-03-08,27666.68,debit,INR,NoBroker Rent,UPI,-115168.46,Housing::Rent,
usr_e5f82f62,acc_paytm_b973be,TXNFFB5F9200C04,2025-03-09,239.99,debit,INR,Barbeque Nation,card,-202207.1,Food & Drinks::Dining Out,
usr_e5f82f62,acc_paytm_b973be,TXN90CCD44CC41F,2025-03-10,2040.8,debit,INR,BWSSB,UPI,-192445.33,Housing::Utilities,
usr_e5f82f62,acc_yes_4b9c92,TXN2F76040C4AAB,2025-03-10,1845.13,debit,INR,Wine Shop,cash,-112464.31,Food & Drinks::Alcohol & Bars,
usr_e5f82f62,acc_paytm_b973be,TXN8208817CB6A9,2025-03-10,9576.99,debit,INR,BookMyShow,UPI,-202447.09,Life & Entertainment::Movies & Events,trial membership
usr_e5f82f62,acc_yes_4b9c92,TXNB8A1C7920661,2025-03-11,11037.21,debit,INR,HDFC ERGO,UPI,-221198.15,Vehicle::Insurance,tyre change
usr_e5f82f62,acc_yes_4b9c92,TXN0073D91B3D0F,2025-03-12,129.0,debit,INR,YouTube Premium,UPI,-32284.4,Life & Entertainment::Subscriptions,
usr_e5f82f62,acc_yes_4b9c92,TXND152B6D42AA8,2025-03-12,4489.82,debit,INR,Mamaearth,UPI,-142835.14,Shopping::Personal Care,planned buy
usr_e5f82f62,acc_paytm_b973be,TXN4C72C8A84B14,2025-03-12,4149.07,debit,INR,Toll Plaza,cash,-218265.17,Transportation::Toll,
usr_e5f82f62,acc_yes_4b9c92,TXN8676DD18E5FD,2025-03-12,17196.05,debit,INR,Big Bazaar,UPI,-253063.23,Housing::Household Supplies,
usr_e5f82f62,acc_paytm_b973be,TXN0DA30B903DBD,2025-03-14,1346.99,credit,INR,Amazon Refund,NEFT,-248446.6,Income::Freelance,
usr_e5f82f62,acc_yes_4b9c92,TXN74C3D411D690,2025-03-16,6552.64,debit,INR,Apollo Pharmacy,UPI,-214645.51,Shopping::Personal Care,urgent replacement
usr_e5f82f62,acc_yes_4b9c92,TXN226BA5B7FC1F,2025-03-17,17392.93,debit,INR,Tata Power,UPI,-232235.36,Housing::Utilities,
usr_e5f82f62,acc_paytm_b973be,TXNA696CC338C0E,2025-03-18,1367.57,debit,INR,Blinkit,UPI,-222414.24,Food & Drinks::Groceries,team lunch
usr_e5f82f62,acc_yes_4b9c92,TXN1BB9E2E63D15,2025-03-20,859.02,debit,INR,WB Cakes,UPI,-114309.44,Food & Drinks::Bakery & Snacks,client dinner
usr_e5f82f62,acc_yes_4b9c92,TXNC89073D5CD15,2025-03-21,21388.79,debit,INR,Udemy,card,-177498.85,Life & Entertainment::Education,date night
usr_e5f82f62,acc_yes_4b9c92,TXNAEB4FDBDC0B1,2025-03-22,30173.89,debit,INR,Tata Power,UPI,-147324.96,Housing::Utilities,monthly bill
usr_e5f82f62,acc_yes_4b9c92,TXNB9EAF6D57163,2025-03-23,2583.64,debit,INR,Ajio,UPI,-250479.59,Shopping::Clothing & Apparel,anniversary
usr_e5f82f62,acc_yes_4b9c92,TXN424898048695,2025-03-25,851.3,debit,INR,Zomato,UPI,-249628.29,Food & Drinks::Food Delivery,birthday dinner
usr_e5f82f62,acc_paytm_b973be,TXN353DCB9BAD15,2025-03-25,6736.66,debit,INR,Maid Salary,cash,-233242.92,Housing::Domestic Help,
usr_e5f82f62,acc_yes_4b9c92,TXNC612AF2C2F7E,2025-03-26,516.99,debit,INR,BigBasket,UPI,-198887.64,Food & Drinks::Groceries,weekend treat
usr_e5f82f62,acc_yes_4b9c92,TXN134EBA479CA1,2025-03-27,12067.89,debit,INR,Local Gym,cash,-199404.63,Life & Entertainment::Gym & Sports,
usr_e5f82f62,acc_paytm_b973be,TXN6A1D1F24F911,2025-03-28,8011.42,debit,INR,Housing Society,NEFT,-223781.81,Housing::Rent,
usr_e5f82f62,acc_paytm_b973be,TXN4049807D80DD,2025-03-30,571.07,debit,INR,Third Wave Coffee,card,-194486.13,Food & Drinks::Cafes & Coffee,weekly groceries
usr_e5f82f62,acc_yes_4b9c92,TXN7423CE8AFEC1,2025-03-30,3172.99,debit,INR,OYO,UPI,-211472.52,Life & Entertainment::Travel & Hotels,
usr_e5f82f62,acc_yes_4b9c92,TXN6D50D219DD36,2025-03-31,30872.46,debit,INR,Local Plumber,cash,-81591.85,Housing::Maintenance & Repairs,
usr_e5f82f62,acc_paytm_b973be,TXNC1CCF8D17F9C,2025-03-31,8467.02,debit,INR,Housing Society,NEFT,-239979.58,Housing::Rent,
usr_e5f82f62,acc_paytm_b973be,TXN032F59AF4130,2025-04-01,13000.0,debit,INR,Landlord NEFT,NEFT,-247099.61,Housing::Rent,monthly rent
usr_e5f82f62,acc_yes_4b9c92,TXNB7C843EB4386,2025-04-02,41812.83,credit,INR,Employer NEFT,NEFT,-278202.62,Income::Salary,
usr_e5f82f62,acc_yes_4b9c92,TXN84BD339C08F6,2025-04-02,139.61,debit,INR,Starbucks,card,-265339.49,Food & Drinks::Cafes & Coffee,weekend treat
usr_e5f82f62,acc_paytm_b973be,TXN296B45448C4F,2025-04-03,129.0,debit,INR,YouTube Premium,UPI,-260099.61,Life & Entertainment::Subscriptions,
usr_e5f82f62,acc_yes_4b9c92,TXNE001D1B2CFEC,2025-04-04,4700.0,debit,INR,SBI Home Loan,NEFT,-236389.79,Financial Expenses::Loan EMI,monthly EMI
usr_e5f82f62,acc_paytm_b973be,TXN494A7C3EDCE0,2025-04-04,10949.71,debit,INR,IKEA,card,-263029.98,Housing::Furniture,
usr_e5f82f62,acc_paytm_b973be,TXNCF9561A62531,2025-04-04,2328.76,debit,INR,Swiggy,UPI,-389790.21,Food & Drinks::Food Delivery,weekend treat
usr_e5f82f62,acc_paytm_b973be,TXN65E84A735E60,2025-04-05,59534.2,debit,INR,Bajaj Finance,NEFT,-274791.23,Financial Expenses::Loan EMI,monthly EMI
usr_e5f82f62,acc_yes_4b9c92,TXN20394382D6A1,2025-04-06,1858.79,debit,INR,Tata Power,UPI,-241089.79,Housing::Utilities,
usr_e5f82f62,acc_yes_4b9c92,TXN943ECF9DE30B,2025-04-06,3327.24,debit,INR,Axis MF,NEFT,-243067.58,Investments::Mutual Fund SIP,emergency fund
usr_e5f82f62,acc_yes_4b9c92,TXND638FEE37D79,2025-04-06,3728.12,debit,INR,Ola,UPI,-260639.02,Transportation::Cab & Auto,office commute
usr_e5f82f62,acc_paytm_b973be,TXNE37BED8974D2,2025-04-09,17460.95,debit,INR,Local Store,cash,-365301.74,Housing::Household Supplies,
usr_e5f82f62,acc_yes_4b9c92,TXNC3AF233B0D1E,2025-04-10,365.22,debit,INR,Local Store,cash,-264974.27,Housing::Household Supplies,
usr_e5f82f62,acc_yes_4b9c92,TXNBCB2E2873771,2025-04-11,119.0,debit,INR,Spotify,UPI,-242948.58,Life & Entertainment::Subscriptions,
usr_e5f82f62,acc_paytm_b973be,TXN5921F7AB3281,2025-04-12,9741.27,debit,INR,Coursera,card,-334325.43,Life & Entertainment::Education,
usr_e5f82f62,acc_yes_4b9c92,TXNCB2EDCF21930,2025-04-12,607.13,debit,INR,Social,card,-264367.14,Food & Drinks::Dining Out,office snacks
usr_e5f82f62,acc_yes_4b9c92,TXN1706F389BBEC,2025-04-13,478.98,debit,INR,JioMart,UPI,-246394.82,Food & Drinks::Groceries,client dinner
usr_e5f82f62,acc_paytm_b973be,TXN85899A1B52BF,2025-04-14,23015.45,debit,INR,Airbnb,card,-399886.92,Life & Entertainment::Travel & Hotels,movie night
usr_e5f82f62,acc_yes_4b9c92,TXN0B3A1A69CCA4,2025-04-15,5347.05,debit,INR,Housing Society,NEFT,-283180.69,Housing::Rent,
usr_e5f82f62,acc_paytm_b973be,TXNA1B77256B3AA,2025-04-16,2801.37,debit,INR,LIC Premium,UPI,-260228.61,Financial Expenses::Insurance Premium,
usr_e5f82f62,acc_paytm_b973be,TXNDD16DB62DF29,2025-04-17,21235.04,debit,INR,Big Bazaar,UPI,-344066.7,Housing::Household Supplies,urgent repair
usr_e5f82f62,acc_yes_4b9c92,TXN9A558038F84C,2025-04-17,13765.22,debit,INR,Adani Electricity,UPI,-246873.8,Housing::Utilities,
usr_e5f82f62,acc_yes_4b9c92,TXNF6438ED540F1,2025-04-20,12925.08,debit,INR,BookMyShow,UPI,-265479.1,Life & Entertainment::Movies & Events,family outing
usr_e5f82f62,acc_paytm_b973be,TXN5120E13D528E,2025-04-23,7027.52,debit,INR,Booking.com,card,-382762.69,Life & Entertainment::Travel & Hotels,trial membership
usr_e5f82f62,acc_paytm_b973be,TXN5C66E751B6F6,2025-04-23,7767.95,debit,INR,Croma,card,-392118.97,Shopping::Electronics,
usr_e5f82f62,acc_paytm_b973be,TXNCC19D49CE1F2,2025-04-24,811.54,debit,INR,Dunzo,UPI,-273979.69,Food & Drinks::Food Delivery,post-gym meal
usr_e5f82f62,acc_yes_4b9c92,TXNBDF131CA0F29,2025-04-30,4776.51,debit,INR,Max Life,UPI,-278404.18,Financial Expenses::Insurance Premium,annual premium
usr_f6155b85,acc_hdfc_5c05e0,TXNE0195E53FD59,2025-01-02,150595.01,credit,INR,Employer NEFT,NEFT,20141.08,Income::Salary,monthly salary
usr_f6155b85,acc_ubi_a8f6a1,TXN399A58ABAC48,2025-01-02,499.0,debit,INR,Airtel,UPI,-42815.71,Life & Entertainment::Subscriptions,
usr_f6155b85,acc_ubi_a8f6a1,TXND96BD9414053,2025-01-03,51600.0,debit,INR,NoBroker Rent,NEFT,23178.21,Housing::Rent,monthly rent
usr_f6155b85,acc_ubi_a8f6a1,TXNDC9B2DB8CD64,2025-01-03,119.0,debit,INR,Spotify,UPI,-42696.71,Life & Entertainment::Subscriptions,
usr_f6155b85,acc_hdfc_5c05e0,TXNB36B33A5EB67,2025-01-03,16852.22,debit,INR,Nykaa,UPI,153705.11,Shopping::Online Shopping,gifting
usr_f6155b85,acc_hdfc_5c05e0,TXN1D922F6C97F9,2025-01-03,57315.2,debit,INR,Cook Salary,cash,46459.48,Housing::Domestic Help,quarterly maintenance
usr_f6155b85,acc_ubi_a8f6a1,TXN63247AB4E599,2025-01-03,13532.29,debit,INR,Apollo Pharmacy,UPI,-318021.91,Shopping::Personal Care,urgent replacement
usr_f6155b85,acc_hdfc_5c05e0,TXNE578E7EB41E7,2025-01-03,40380.15,debit,INR,DMart,UPI,-210482.84,Housing::Household Supplies,quarterly maintenance
usr_f6155b85,acc_hdfc_5c05e0,TXN436D76DBDC7E,2025-01-03,22880.77,debit,INR,Cult.fit,UPI,-271941.95,Life & Entertainment::Gym & Sports,date night
usr_f6155b85,acc_icici_34026f,TXN28AFF5AC3B52,2025-01-03,1774.2,debit,INR,Local Bakery,cash,-349366.53,Food & Drinks::Bakery & Snacks,
usr_f6155b85,acc_ubi_a8f6a1,TXN3D97F1F48FE9,2025-01-04,12500.0,debit,INR,SBI Home Loan,NEFT,-28421.79,Financial Expenses::Loan EMI,monthly EMI
usr_f6155b85,acc_ubi_a8f6a1,TXN9D2B90BEC06F,2025-01-05,129.0,debit,INR,YouTube Premium,UPI,-43314.71,Life & Entertainment::Subscriptions,
usr_f6155b85,acc_hdfc_5c05e0,TXN393158143F89,2025-01-05,735.0,debit,INR,Wine Shop,cash,154440.11,Food & Drinks::Alcohol & Bars,weekend treat
usr_f6155b85,acc_icici_34026f,TXN98FA3608F981,2025-01-05,1117.34,debit,INR,The Beer Cafe,card,29854.16,Food & Drinks::Alcohol & Bars,family dinner
usr_f6155b85,acc_hdfc_5c05e0,TXNCEB3985D40BA,2025-01-05,2659.92,debit,INR,Wine Shop,cash,-119653.56,Food & Drinks::Alcohol & Bars,
usr_f6155b85,acc_icici_34026f,TXN24388ABA7DD4,2025-01-05,7872.96,debit,INR,Myntra,UPI,-351140.73,Shopping::Clothing & Apparel,
usr_f6155b85,acc_ubi_a8f6a1,TXN914B2FD4F9F5,2025-01-05,2959.36,debit,INR,WB Cakes,UPI,-527293.28,Food & Drinks::Bakery & Snacks,
usr_f6155b85,acc_hdfc_5c05e0,TXN5544670A9CFC,2025-01-06,6073.5,debit,INR,PPF Account,NEFT,170337.09,Investments::PPF / NPS,emergency fund
usr_f6155b85,acc_icici_34026f,TXN43198EFDD272,2025-01-06,253.13,debit,INR,YouTube Premium,UPI,-109759.69,Life & Entertainment::Subscriptions,trial membership
usr_f6155b85,acc_ubi_a8f6a1,TXNA1B343547679,2025-01-06,2600.62,debit,INR,SBI Auto Loan,NEFT,-458997.29,Vehicle::Vehicle EMI,
usr_f6155b85,acc_icici_34026f,TXN53638FD98E9C,2025-01-06,21858.84,debit,INR,BEST,UPI,-281727.66,Transportation::Metro & Bus,weekend trip
usr_f6155b85,acc_icici_34026f,TXN2D584DBAEAD3,2025-01-07,6513.04,debit,INR,HDFC RD,NEFT,65076.29,Investments::RD,monthly SIP
usr_f6155b85,acc_hdfc_5c05e0,TXN38E0753BDD90,2025-01-07,117896.82,debit,INR,HDFC Life,UPI,-294822.72,Financial Expenses::Insurance Premium,
usr_f6155b85,acc_hdfc_5c05e0,TXNE8C28036364C,2025-01-07,29503.58,debit,INR,GST Portal,UPI,-439655.77,Financial Expenses::Tax Payment,due payment
usr_f6155b85,acc_icici_34026f,TXNB22BA47E2D74,2025-01-08,53033.02,debit,INR,IKEA,card,-110012.82,Housing::Furniture,quarterly maintenance
usr_f6155b85,acc_ubi_a8f6a1,TXN96777AF7142E,2025-01-08,9241.42,debit,INR,BBMP Parking,UPI,-488539.07,Transportation::Parking,office commute
usr_f6155b85,acc_ubi_a8f6a1,TXNDEE42E0BBCAF,2025-01-09,1774.92,debit,INR,Tata Power,UPI,-40921.79,Housing::Utilities,
usr_f6155b85,acc_hdfc_5c05e0,TXNCF8CB7CBD464,2025-01-09,4716.87,debit,INR,SBI MF,NEFT,164263.59,Investments::Mutual Fund SIP,lump sum
usr_f6155b85,acc_ubi_a8f6a1,TXN7CAA05636B38,2025-01-09,1561.06,debit,INR,Social,card,-246884.21,Food & Drinks::Dining Out,client dinner
usr_f6155b85,acc_icici_34026f,TXN38A4C6C26D9F,2025-01-09,3632.06,debit,INR,Starbucks,card,-278095.6,Food & Drinks::Cafes & Coffee,post-gym meal
usr_f6155b85,acc_icici_34026f,TXN0762000C3BA6,2025-01-09,8053.66,debit,INR,Crossword,card,-303586.5,Shopping::Books & Stationery,sale purchase
usr_f6155b85,acc_icici_34026f,TXN5D2E68D760EE,2025-01-10,199.0,debit,INR,Netflix,card,65275.29,Life & Entertainment::Subscriptions,
usr_f6155b85,acc_hdfc_5c05e0,TXN5C4AE6D195C4,2025-01-10,399.0,debit,INR,Jio Fiber,UPI,170736.09,Life & Entertainment::Subscriptions,
usr_f6155b85,acc_ubi_a8f6a1,TXNE7F56ABA8AE6,2025-01-10,7491.68,debit,INR,HDFC Bank Charges,debit,-89397.3,Financial Expenses::Bank Charges,
usr_f6155b85,acc_ubi_a8f6a1,TXN1E02B8C97D33,2025-01-10,21600.96,debit,INR,FNP Flowers,card,-466938.11,Life & Entertainment::Gifting,movie night
usr_f6155b85,acc_ubi_a8f6a1,TXN9E31165E04BD,2025-01-11,2049.54,debit,INR,Haldiram's,UPI,-379583.24,Food & Drinks::Dining Out,office snacks
usr_f6155b85,acc_hdfc_5c05e0,TXN7110A65D5A7E,2025-01-11,20357.63,debit,INR,Home Centre,card,-251584.32,Shopping::Home & Kitchen,
usr_f6155b85,acc_hdfc_5c05e0,TXN78516E28235C,2025-01-12,7286.66,debit,INR,OYO,UPI,53746.14,Life & Entertainment::Travel & Hotels,movie night
usr_f6155b85,acc_ubi_a8f6a1,TXNE4BAA7F40607,2025-01-12,9418.87,debit,INR,Amazon Electronics,UPI,-434897.76,Shopping::Electronics,sale purchase
usr_f6155b85,acc_hdfc_5c05e0,TXN6A3FC14372FB,2025-01-12,26936.23,debit,INR,Electrician,cash,-412719.54,Housing::Maintenance & Repairs,urgent repair
usr_f6155b85,acc_hdfc_5c05e0,TXN5F2FA5EEB805,2025-01-13,21359.05,debit,INR,Flipkart,UPI,128074.76,Shopping::Online Shopping,
usr_f6155b85,acc_ubi_a8f6a1,TXN3B4BF166D479,2025-01-13,6514.33,debit,INR,Pepperfry,UPI,-240369.88,Housing::Furniture,monthly bill
usr_f6155b85,acc_icici_34026f,TXN9634BA06F0D8,2025-01-13,948.59,debit,INR,Zomato Dine,UPI,-273655.62,Food & Drinks::Dining Out,weekend treat
usr_f6155b85,acc_icici_34026f,TXN87F441BFD208,2025-01-13,2581.14,debit,INR,DMart,UPI,-359013.69,Food & Drinks::Groceries,weekend treat
usr_f6155b85,acc_icici_34026f,TXN9236B38AF543,2025-01-14,30257.91,debit,INR,Gold's Gym,UPI,-243397.71,Life & Entertainment::Gym & Sports,annual plan
usr_f6155b85,acc_ubi_a8f6a1,TXNFB5313C93325,2025-01-14,135.15,debit,INR,Zepto,UPI,-461597.91,Food & Drinks::Groceries,office snacks
usr_f6155b85,acc_hdfc_5c05e0,TXN9324553E5BD6,2025-01-15,3568.46,debit,INR,BBMP Parking,UPI,99551.63,Transportation::Parking,client visit
usr_f6155b85,acc_icici_34026f,TXNA9893FE48EF8,2025-01-16,5139.3,debit,INR,Urban Ladder,card,58563.25,Shopping::Home & Kitchen,sale purchase
usr_f6155b85,acc_icici_34026f,TXN67A4FC51BC52,2025-01-17,31143.07,debit,INR,Maid Salary,cash,9390.49,Housing::Domestic Help,urgent repair
usr_f6155b85,acc_ubi_a8f6a1,TXNAD70D2344527,2025-01-17,19408.81,debit,INR,RTO Online,UPI,-381632.78,Vehicle::Registration & Tax,scheduled service
usr_f6155b85,acc_hdfc_5c05e0,TXNBE8686B82F7F,2025-01-17,721.33,debit,INR,Theobroma,card,-250862.99,Food & Drinks::Bakery & Snacks,family dinner
usr_f6155b85,acc_hdfc_5c05e0,TXN9BF93FF0856B,2025-01-17,2745.85,debit,INR,Nykaa,UPI,-469159.35,Shopping::Online Shopping,planned buy
usr_f6155b85,acc_hdfc_5c05e0,TXN2A12E53BF190,2025-01-20,5106.61,debit,INR,SBI Life,UPI,159546.72,Financial Expenses::Insurance Premium,
usr_f6155b85,acc_hdfc_5c05e0,TXN53BB00256D17,2025-01-20,4975.9,debit,INR,Vijay Sales,card,106715.71,Shopping::Electronics,sale purchase
usr_f6155b85,acc_hdfc_5c05e0,TXN0FD7E2A1D55C,2025-01-20,2188.18,debit,INR,The Beer Cafe,card,101739.81,Food & Drinks::Alcohol & Bars,team lunch
usr_f6155b85,acc_ubi_a8f6a1,TXN17675A43DCD9,2025-01-20,31267.61,debit,INR,Max Life,UPI,-286754.3,Financial Expenses::Insurance Premium,due payment
usr_f6155b85,acc_hdfc_5c05e0,TXN3DB97D61C4A7,2025-01-20,1410.55,debit,INR,Swiggy,UPI,-10855.72,Food & Drinks::Food Delivery,
usr_f6155b85,acc_ubi_a8f6a1,TXN4D0DD4A22775,2025-01-20,9254.42,debit,INR,Big Bazaar,UPI,-518038.86,Housing::Household Supplies,
usr_f6155b85,acc_hdfc_5c05e0,TXN1E7CC25FFFDC,2025-01-21,3054.34,debit,INR,TASMAC,cash,89549.35,Food & Drinks::Alcohol & Bars,birthday dinner
usr_f6155b85,acc_ubi_a8f6a1,TXNAD2DF134738C,2025-01-21,48029.04,debit,INR,Landlord NEFT,NEFT,-331554.2,Housing::Rent,monthly bill
usr_f6155b85,acc_icici_34026f,TXNA37203BC5822,2025-01-22,21331.48,debit,INR,HDFC CC Bill,NEFT,51185.64,Financial Expenses::Credit Card Bill,annual premium
usr_f6155b85,acc_hdfc_5c05e0,TXNA05D2DCF3FC0,2025-01-22,33538.01,debit,INR,Maid Salary,cash,-176944.83,Housing::Domestic Help,
usr_f6155b85,acc_ubi_a8f6a1,TXN57A7D78AFDD6,2025-01-22,33856.17,debit,INR,HDFC Auto Loan,NEFT,-401041.59,Vehicle::Vehicle EMI,accidental repair
usr_f6155b85,acc_icici_34026f,TXNF9EC60F5197D,2025-01-23,19346.33,debit,INR,Jio Fiber,UPI,28736.82,Housing::Utilities,
usr_f6155b85,acc_icici_34026f,TXNFDA1A27BDD47,2025-01-23,36500.99,debit,INR,Jio Fiber,UPI,-176265.72,Housing::Utilities,urgent repair
usr_f6155b85,acc_icici_34026f,TXNC3885DA5BF8C,2025-01-23,30631.0,debit,INR,Adani Electricity,UPI,-212766.71,Housing::Utilities,
usr_f6155b85,acc_hdfc_5c05e0,TXNE01536B579AD,2025-01-24,6433.82,debit,INR,Landlord NEFT,NEFT,95983.17,Housing::Rent,urgent repair
usr_f6155b85,acc_hdfc_5c05e0,TXN36D790B22630,2025-01-25,32748.87,debit,INR,Local Garage,cash,86495.01,Vehicle::Service & Repair,tyre change
usr_f6155b85,acc_icici_34026f,TXNA006327BC24B,2025-01-25,13219.88,debit,INR,Westside,card,-163045.84,Shopping::Clothing & Apparel,gifting
usr_f6155b85,acc_ubi_a8f6a1,TXNEBB2ADC4DFA2,2025-01-25,2548.1,debit,INR,Haldiram's,UPI,-461733.06,Food & Drinks::Dining Out,weekly groceries
usr_f6155b85,acc_ubi_a8f6a1,TXN6F8D55E80037,2025-01-26,45953.59,debit,INR,Maid Salary,cash,-43443.71,Housing::Domestic Help,urgent repair
usr_f6155b85,acc_ubi_a8f6a1,TXN13237AD7F3ED,2025-01-26,107966.57,debit,INR,Bajaj Finance,NEFT,-132403.31,Financial Expenses::Loan EMI,
usr_f6155b85,acc_ubi_a8f6a1,TXN0B7320DB558A,2025-01-26,38309.03,debit,INR,Tata Power,UPI,-248445.27,Housing::Utilities,quarterly maintenance
usr_f6155b85,acc_hdfc_5c05e0,TXNC649E3326E6A,2025-01-26,106706.29,debit,INR,SBI CC Bill,NEFT,-12266.27,Financial Expenses::Credit Card Bill,
usr_f6155b85,acc_hdfc_5c05e0,TXN3F7AA4CD6E19,2025-01-26,681.0,debit,INR,Local Restaurant,cash,-118972.56,Food & Drinks::Dining Out,
usr_f6155b85,acc_ubi_a8f6a1,TXNF6A27E755007,2025-01-26,20258.37,debit,INR,FASTag NHAI,IMPS,-497780.49,Transportation::Toll,
usr_f6155b85,acc_ubi_a8f6a1,TXNC7BA702F21BE,2025-01-26,29770.17,debit,INR,Amazon Gift,UPI,-530252.64,Life & Entertainment::Gifting,date night
usr_f6155b85,acc_icici_34026f,TXN2C4BB76811A6,2025-01-27,2238.31,debit,INR,Dunzo,UPI,53423.95,Food & Drinks::Food Delivery,family dinner
usr_f6155b85,acc_icici_34026f,TXN702857943E28,2025-01-27,28809.61,debit,INR,Airbnb,card,-21752.58,Life & Entertainment::Travel & Hotels,annual plan
usr_f6155b85,acc_icici_34026f,TXNAC5AE07A69C1,2025-01-27,59197.5,debit,INR,Carpenter,cash,-50562.19,Housing::Maintenance & Repairs,quarterly maintenance
usr_f6155b85,acc_ubi_a8f6a1,TXN916D7CA9379C,2025-01-27,2656.95,debit,INR,WB Cakes,UPI,-464281.16,Food & Drinks::Bakery & Snacks,family dinner
usr_f6155b85,acc_icici_34026f,TXN3A17BBE2868A,2025-01-27,35625.71,debit,INR,HDFC ERGO,UPI,-313740.82,Vehicle::Insurance,tyre change
usr_f6155b85,acc_hdfc_5c05e0,TXN72DE656BD064,2025-01-29,8778.13,debit,INR,SpiceJet,card,136852.89,Transportation::Flight & Train,
usr_f6155b85,acc_ubi_a8f6a1,TXN57C8FDABD3A3,2025-01-29,35514.33,debit,INR,Decathlon,card,-96888.98,Life & Entertainment::Gym & Sports,
usr_f6155b85,acc_hdfc_5c05e0,TXN0036D515A4ED,2025-01-29,54631.35,debit,INR,UrbanClap,UPI,-122313.48,Housing::Maintenance & Repairs,
usr_f6155b85,acc_icici_34026f,TXN2FEBB04AF1A0,2025-01-29,3491.39,debit,INR,FASTag NHAI,IMPS,-274604.21,Transportation::Toll,office commute
usr_f6155b85,acc_ubi_a8f6a1,TXNCDE17E7F3AFE,2025-01-30,14680.66,debit,INR,BYJU'S,UPI,-444316.63,Life & Entertainment::Education,
usr_f6155b85,acc_icici_34026f,TXN8F178C8DF486,2025-01-30,2100.66,debit,INR,Theobroma,card,-311640.16,Food & Drinks::Bakery & Snacks,weekend treat
usr_f6155b85,acc_ubi_a8f6a1,TXNB6159912D050,2025-01-31,154308.76,credit,INR,Employer NEFT,NEFT,-560022.81,Income::Salary,
usr_f6155b85,acc_icici_34026f,TXND87B8C9D1EC2,2025-01-31,19904.26,debit,INR,MakeMyTrip,card,-608223.63,Life & Entertainment::Travel & Hotels,trial membership
usr_f6155b85,acc_hdfc_5c05e0,TXN4970FEAEBC04,2025-01-31,33280.7,debit,INR,BYJU'S,UPI,-711950.0,Life & Entertainment::Education,annual plan
usr_f6155b85,acc_ubi_a8f6a1,TXN7B4917CE7E85,2025-02-01,12854.76,debit,INR,Auto,cash,-679348.52,Transportation::Cab & Auto,
usr_f6155b85,acc_hdfc_5c05e0,TXN96CC16B023C3,2025-02-01,3264.23,debit,INR,Swiggy,UPI,-708685.77,Food & Drinks::Food Delivery,family dinner
usr_f6155b85,acc_ubi_a8f6a1,TXN7957B4659048,2025-02-01,27596.69,debit,INR,Meesho,UPI,-708665.18,Shopping::Online Shopping,birthday gift
usr_f6155b85,acc_ubi_a8f6a1,TXNBC94346E730E,2025-02-01,11956.6,debit,INR,Reliance Digital,card,-746913.12,Shopping::Electronics,
usr_f6155b85,acc_hdfc_5c05e0,TXNE03B46B5EE39,2025-02-02,499.0,debit,INR,Airtel,UPI,-471905.2,Life & Entertainment::Subscriptions,
usr_f6155b85,acc_ubi_a8f6a1,TXN28A6BF60B511,2025-02-02,28765.66,debit,INR,Home Centre,card,-459709.53,Shopping::Home & Kitchen,anniversary
usr_f6155b85,acc_ubi_a8f6a1,TXN54E18266C847,2025-02-02,10759.83,debit,INR,UrbanClap,UPI,-559640.05,Housing::Maintenance & Repairs,urgent repair
usr_f6155b85,acc_icici_34026f,TXN13E7A494D88F,2025-02-02,45910.23,debit,INR,Urban Ladder,card,-648823.11,Housing::Furniture,urgent repair
usr_f6155b85,acc_ubi_a8f6a1,TXN23A976CFBC03,2025-02-02,1094.93,debit,INR,BigBasket,UPI,-707570.25,Food & Drinks::Groceries,
usr_f6155b85,acc_ubi_a8f6a1,TXN81E74DC01B49,2025-02-02,10651.25,debit,INR,Nykaa,UPI,-736261.87,Shopping::Online Shopping,
usr_f6155b85,acc_icici_34026f,TXN6FDF5C04C3DC,2025-02-02,58822.0,debit,INR,Amazon,UPI,-807348.9,Housing::Household Supplies,urgent repair
usr_f6155b85,acc_icici_34026f,TXN4EF8599E2017,2025-02-03,51600.0,debit,INR,Housing Society,NEFT,-361594.83,Housing::Rent,monthly rent
usr_f6155b85,acc_hdfc_5c05e0,TXN9668467FFBB0,2025-02-03,21987.79,debit,INR,Amazon Electronics,UPI,-662740.92,Shopping::Electronics,
usr_f6155b85,acc_hdfc_5c05e0,TXN34BB25620B62,2025-02-04,129.0,debit,INR,YouTube Premium,UPI,-472404.2,Life & Entertainment::Subscriptions,
usr_f6155b85,acc_ubi_a8f6a1,TXN262C27004324,2025-02-04,399.0,debit,INR,Jio Fiber,UPI,-408096.3,Life & Entertainment::Subscriptions,
usr_f6155b85,acc_ubi_a8f6a1,TXNBC0A37960242,2025-02-04,6318.33,debit,INR,HDFC RD,NEFT,-408495.3,Investments::RD,
usr_f6155b85,acc_ubi_a8f6a1,TXN76B715FF8E8C,2025-02-04,1675.19,debit,INR,Dunzo,UPI,-432333.35,Food & Drinks::Food Delivery,family dinner
usr_f6155b85,acc_ubi_a8f6a1,TXN0157BDDBDB3C,2025-02-04,14964.77,debit,INR,Rapido,UPI,-517272.62,Transportation::Cab & Auto,airport drop
usr_f6155b85,acc_icici_34026f,TXNAC95C35B1CF6,2025-02-04,26142.12,debit,INR,Mall Parking,cash,-524303.97,Transportation::Parking,office commute
usr_f6155b85,acc_icici_34026f,TXNA33E2A686B17,2025-02-04,28216.15,debit,INR,OYO,UPI,-580007.48,Life & Entertainment::Travel & Hotels,trial membership
usr_f6155b85,acc_ubi_a8f6a1,TXN4491625D47E9,2025-02-04,922.63,debit,INR,Zomato,UPI,-692203.28,Food & Drinks::Food Delivery,family dinner
usr_f6155b85,acc_icici_34026f,TXNEB1391674EB0,2025-02-05,12500.0,debit,INR,SBI Home Loan,NEFT,-413194.83,Financial Expenses::Loan EMI,monthly EMI
usr_f6155b85,acc_hdfc_5c05e0,TXN54307464D8D7,2025-02-05,4874.6,debit,INR,Booking.com,card,-747178.69,Life & Entertainment::Travel & Hotels,movie night
usr_f6155b85,acc_hdfc_5c05e0,TXN13EB1FDC51BA,2025-02-06,6001.45,debit,INR,PPF Account,NEFT,-472533.2,Investments::PPF / NPS,tax saving
usr_f6155b85,acc_ubi_a8f6a1,TXN452AD46D37E3,2025-02-06,8361.71,debit,INR,Reliance Digital,card,-789850.12,Shopping::Electronics,anniversary
usr_f6155b85,acc_icici_34026f,TXND94BC922BCB2,2025-02-06,28119.72,debit,INR,Axis Loan,NEFT,-891137.51,Financial Expenses::Loan EMI,
usr_f6155b85,acc_icici_34026f,TXN2D7E9BCC8863,2025-02-06,10030.07,debit,INR,Zara,card,-919257.23,Shopping::Clothing & Apparel,birthday gift
usr_f6155b85,acc_hdfc_5c05e0,TXNCEC24A54F2EE,2025-02-07,4695.37,debit,INR,SBI MF,NEFT,-478534.65,Investments::Mutual Fund SIP,
usr_f6155b85,acc_ubi_a8f6a1,TXN5B676FAF67F4,2025-02-07,18999.05,debit,INR,Hotstar,UPI,-660349.47,Life & Entertainment::Subscriptions,movie night
usr_f6155b85,acc_ubi_a8f6a1,TXN179E80CA6A45,2025-02-07,18001.55,debit,INR,Home Centre,card,-771848.57,Shopping::Home & Kitchen,
usr_f6155b85,acc_icici_34026f,TXN57C207227799,2025-02-08,119.0,debit,INR,Spotify,UPI,-425694.83,Life & Entertainment::Subscriptions,
usr_f6155b85,acc_hdfc_5c05e0,TXNCA2F5DB98216,2025-02-08,17658.02,debit,INR,ICICI Lombard,UPI,-483230.02,Vehicle::Insurance,scheduled service
usr_f6155b85,acc_hdfc_5c05e0,TXN25D9787BA247,2025-02-08,3295.8,debit,INR,Zomato,UPI,-526571.01,Food & Drinks::Food Delivery,family dinner
usr_f6155b85,acc_icici_34026f,TXNAE60711125AE,2025-02-08,13275.4,debit,INR,SBI Charges,debit,-736650.59,Financial Expenses::Bank Charges,monthly EMI
usr_f6155b85,acc_ubi_a8f6a1,TXN53227DC5DB9D,2025-02-09,199.0,debit,INR,Netflix,card,-407897.3,Life & Entertainment::Subscriptions,
usr_f6155b85,acc_ubi_a8f6a1,TXN7404A870CC06,2025-02-09,25700.99,debit,INR,PVR Cinemas,card,-434008.54,Life & Entertainment::Movies & Events,family outing
usr_f6155b85,acc_icici_34026f,TXN9BC5CEF8A2A3,2025-02-09,6196.42,debit,INR,Amazon,UPI,-718224.47,Shopping::Online Shopping,planned buy
usr_f6155b85,acc_hdfc_5c05e0,TXN1EC2A52E3162,2025-02-09,28095.69,debit,INR,Udemy,card,-752053.29,Life & Entertainment::Education,family outing
usr_f6155b85,acc_icici_34026f,TXNBE6420D341CF,2025-02-09,25266.91,debit,INR,Local Store,cash,-931863.76,Housing::Household Supplies,
usr_f6155b85,acc_icici_34026f,TXN08B8CEAEC3B5,2025-02-10,24256.17,debit,INR,Amazon,UPI,-456371.02,Shopping::Online Shopping,anniversary
usr_f6155b85,acc_hdfc_5c05e0,TXN0DF5F1861A83,2025-02-10,12866.52,debit,INR,Security Tip,cash,-626048.73,Housing::Domestic Help,monthly bill
usr_f6155b85,acc_hdfc_5c05e0,TXN83BBE603367D,2025-02-10,3985.82,debit,INR,Toit Brewpub,card,-638915.25,Food & Drinks::Alcohol & Bars,
usr_f6155b85,acc_hdfc_5c05e0,TXN77FAF6425B7A,2025-02-11,9974.19,debit,INR,Ajio,UPI,-652766.73,Shopping::Clothing & Apparel,
usr_f6155b85,acc_hdfc_5c05e0,TXN0CD734D8D251,2025-02-12,8415.89,debit,INR,BYJU'S,UPI,-529866.81,Life & Entertainment::Education,movie night
usr_f6155b85,acc_ubi_a8f6a1,TXN500B5D9C71B0,2025-02-12,25508.54,debit,INR,Nykaa,UPI,-488475.19,Shopping::Online Shopping,
usr_f6155b85,acc_icici_34026f,TXNB2134153314D,2025-02-12,9838.4,debit,INR,Netflix,card,-514465.57,Life & Entertainment::Subscriptions,
usr_f6155b85,acc_icici_34026f,TXNC41E70AE441C,2025-02-12,29561.39,debit,INR,Urban Ladder,card,-550446.09,Housing::Furniture,
usr_f6155b85,acc_icici_34026f,TXNDAAFEE655CE4,2025-02-12,27783.87,debit,INR,Westside,card,-749925.99,Shopping::Clothing & Apparel,anniversary
usr_f6155b85,acc_ubi_a8f6a1,TXN9A9AEEA60522,2025-02-13,2183.25,debit,INR,BESCOM,UPI,-405714.05,Housing::Utilities,
usr_f6155b85,acc_ubi_a8f6a1,TXN76E1CC9C6E44,2025-02-13,3288.89,debit,INR,Maid Salary,cash,-513983.73,Housing::Domestic Help,
usr_f6155b85,acc_hdfc_5c05e0,TXN496F29403688,2025-02-13,59789.69,debit,INR,Pepperfry,UPI,-566259.04,Housing::Furniture,quarterly maintenance
usr_f6155b85,acc_hdfc_5c05e0,TXNE5BC371D6374,2025-02-13,3275.65,debit,INR,Theobroma,card,-891785.54,Food & Drinks::Bakery & Snacks,
usr_f6155b85,acc_hdfc_5c05e0,TXNEFD590B7F959,2025-02-14,25682.97,debit,INR,Vahan Portal,UPI,-500888.04,Vehicle::Registration & Tax,
usr_f6155b85,acc_ubi_a8f6a1,TXN9A2DD7A64D6B,2025-02-14,12978.85,debit,INR,Ola,UPI,-758869.72,Transportation::Cab & Auto,airport drop
usr_f6155b85,acc_icici_34026f,TXN5B67D44029EB,2025-02-14,22737.09,debit,INR,Indian Oil,UPI,-866170.9,Transportation::Fuel,airport drop
usr_f6155b85,acc_icici_34026f,TXN8756A4B9D9E4,2025-02-15,1435.27,debit,INR,SBI Life,UPI,-425813.83,Financial Expenses::Insurance Premium,
usr_f6155b85,acc_ubi_a8f6a1,TXN9EB8FFB65730,2025-02-15,3261.54,debit,INR,Decathlon,card,-694753.8,Life & Entertainment::Gym & Sports,date night
usr_f6155b85,acc_ubi_a8f6a1,TXN1C133E89D30E,2025-02-16,17519.72,debit,INR,Flipkart,UPI,-414813.63,Shopping::Online Shopping,birthday gift
usr_f6155b85,acc_hdfc_5c05e0,TXN8D46BABC9A86,2025-02-16,27976.34,debit,INR,Reliance Digital,card,-538282.7,Shopping::Electronics,anniversary
usr_f6155b85,acc_ubi_a8f6a1,TXN7CCDBF98F441,2025-02-16,7847.01,debit,INR,Tata Power,UPI,-595993.31,Housing::Utilities,
usr_f6155b85,acc_hdfc_5c05e0,TXNDBA7C3360F02,2025-02-16,111636.56,debit,INR,Income Tax Portal,UPI,-780148.98,Financial Expenses::Tax Payment,annual premium
usr_f6155b85,acc_icici_34026f,TXNDF7B2D8BAA20,2025-02-19,29639.04,debit,INR,BYJU'S,UPI,-777709.86,Life & Entertainment::Education,date night
usr_f6155b85,acc_icici_34026f,TXNFDDFDCC38438,2025-02-20,20695.22,debit,INR,Ajio,UPI,-628127.89,Shopping::Clothing & Apparel,birthday gift
usr_f6155b85,acc_icici_34026f,TXN7108EA8662C9,2025-02-20,12229.7,debit,INR,HDFC Auto Loan,NEFT,-724420.89,Vehicle::Vehicle EMI,
usr_f6155b85,acc_icici_34026f,TXN815482BA73C3,2025-02-20,2073.64,debit,INR,Cafe Coffee Day,UPI,-888907.99,Food & Drinks::Cafes & Coffee,birthday dinner
usr_f6155b85,acc_ubi_a8f6a1,TXN89720CABFBB7,2025-02-21,8915.78,debit,INR,Mamaearth,UPI,-550340.35,Shopping::Personal Care,
usr_f6155b85,acc_hdfc_5c05e0,TXN51A863564836,2025-02-21,6386.1,debit,INR,Housing Society,NEFT,-895061.19,Housing::Rent,
usr_f6155b85,acc_ubi_a8f6a1,TXN701C0ECFDEB4,2025-02-22,56509.15,debit,INR,Maid Salary,cash,-603840.32,Housing::Domestic Help,
usr_f6155b85,acc_ubi_a8f6a1,TXN40169BF6BD22,2025-02-22,6648.16,debit,INR,DMart,UPI,-798211.83,Housing::Household Supplies,
usr_f6155b85,acc_hdfc_5c05e0,TXNAAE11FF488EA,2025-02-22,2643.46,debit,INR,TASMAC,cash,-901447.29,Food & Drinks::Alcohol & Bars,office snacks
usr_f6155b85,acc_icici_34026f,TXN8DDE0981FBD5,2025-02-23,16897.07,debit,INR,Croma,card,-439473.95,Shopping::Electronics,
usr_f6155b85,acc_ubi_a8f6a1,TXN1A12DCF5291D,2025-02-23,18102.96,debit,INR,Local Store,cash,-532237.39,Housing::Household Supplies,
usr_f6155b85,acc_hdfc_5c05e0,TXNB14D14405026,2025-02-24,1947.99,debit,INR,Local Restaurant,cash,-745230.7,Food & Drinks::Dining Out,family dinner
usr_f6155b85,acc_icici_34026f,TXNFE7FE31FE80C,2025-02-25,23491.13,debit,INR,BWSSB,UPI,-694733.34,Housing::Utilities,
usr_f6155b85,acc_icici_34026f,TXN29F567A7A6B7,2025-02-25,2576.46,debit,INR,Flipkart Books,UPI,-929287.3,Shopping::Books & Stationery,
usr_f6155b85,acc_icici_34026f,TXNFE72098545BA,2025-02-26,33838.38,debit,INR,LIC Premium,UPI,-480627.19,Financial Expenses::Insurance Premium,
usr_f6155b85,acc_hdfc_5c05e0,TXN6AFE0D699429,2025-02-26,23957.06,debit,INR,INOX,UPI,-684728.71,Life & Entertainment::Movies & Events,
usr_f6155b85,acc_icici_34026f,TXN18AF0059B44C,2025-02-26,155.88,debit,INR,BMTC,UPI,-890981.63,Transportation::Metro & Bus,client visit
usr_f6155b85,acc_ubi_a8f6a1,TXN0A9DC0DB505F,2025-02-27,25593.43,debit,INR,Flipkart,UPI,-570399.88,Shopping::Online Shopping,
usr_f6155b85,acc_ubi_a8f6a1,TXN41E51D306620,2025-02-28,383.92,debit,INR,Theobroma,card,-559256.13,Food & Drinks::Bakery & Snacks,weekend treat
usr_f6155b85,acc_hdfc_5c05e0,TXN879ADFEA9D98,2025-02-28,2834.58,debit,INR,LIC Premium,UPI,-642901.07,Financial Expenses::Insurance Premium,
usr_f6155b85,acc_ubi_a8f6a1,TXN1CF0DCB173E7,2025-02-28,1627.89,debit,INR,DMart,UPI,-693125.91,Food & Drinks::Groceries,client dinner
usr_f6155b85,acc_ubi_a8f6a1,TXN64C686C2722E,2025-02-28,9554.91,debit,INR,Pepperfry,UPI,-698015.34,Shopping::Home & Kitchen,
usr_f6155b85,acc_icici_34026f,TXN155968860601,2025-03-01,12224.85,debit,INR,NoBroker Rent,UPI,-427249.1,Housing::Rent,
usr_f6155b85,acc_hdfc_5c05e0,TXN714B7FAEA3B0,2025-03-01,7031.08,debit,INR,Mumbai Metro,UPI,-645735.65,Transportation::Metro & Bus,weekend trip
usr_f6155b85,acc_ubi_a8f6a1,TXN3408282DF33B,2025-03-02,107510.22,debit,INR,Advance Tax,NEFT,-943638.11,Financial Expenses::Tax Payment,
usr_f6155b85,acc_hdfc_5c05e0,TXN1B368F55C5E4,2025-03-03,152692.33,credit,INR,Employer NEFT,NEFT,-904090.75,Income::Salary,part-time
usr_f6155b85,acc_ubi_a8f6a1,TXN2D0019912809,2025-03-03,51600.0,debit,INR,Housing Society,NEFT,-804859.99,Housing::Rent,monthly rent
usr_f6155b85,acc_icici_34026f,TXN6E9A7C28DAED,2025-03-03,399.0,debit,INR,Jio Fiber,UPI,-957458.67,Life & Entertainment::Subscriptions,
usr_f6155b85,acc_icici_34026f,TXN32BAB8E1AB8C,2025-03-03,5136.11,debit,INR,Auto,cash,-1019686.5,Transportation::Cab & Auto,client visit
usr_f6155b85,acc_ubi_a8f6a1,TXNB418659900E9,2025-03-03,35015.26,debit,INR,Netflix,card,-886119.78,Life & Entertainment::Subscriptions,
usr_f6155b85,acc_icici_34026f,TXNEA72FFA19AC6,2025-03-04,199.0,debit,INR,Netflix,card,-957130.67,Life & Entertainment::Subscriptions,
usr_f6155b85,acc_icici_34026f,TXN3C3D0E51B013,2025-03-04,23313.31,debit,INR,Local Garage,cash,-1381990.23,Vehicle::Service & Repair,
usr_f6155b85,acc_ubi_a8f6a1,TXN90C20BEDA9B0,2025-03-04,7903.54,debit,INR,Flipkart,UPI,-1125746.89,Shopping::Online Shopping,urgent replacement
usr_f6155b85,acc_icici_34026f,TXNF1F8AB2AA653,2025-03-05,129.0,debit,INR,YouTube Premium,UPI,-957329.67,Life & Entertainment::Subscriptions,
usr_f6155b85,acc_ubi_a8f6a1,TXNBE888AF8344C,2025-03-05,19314.09,debit,INR,Amazon Electronics,UPI,-1414084.15,Shopping::Electronics,urgent replacement
usr_f6155b85,acc_ubi_a8f6a1,TXNE5E6B0E791D4,2025-03-06,45366.75,debit,INR,Local Store,cash,-1368717.4,Housing::Household Supplies,
usr_f6155b85,acc_ubi_a8f6a1,TXNF9212A5E65B1,2025-03-07,12500.0,debit,INR,HDFC Home Loan,NEFT,-856459.99,Financial Expenses::Loan EMI,monthly EMI
usr_f6155b85,acc_hdfc_5c05e0,TXNCC5427947A9D,2025-03-07,6273.93,debit,INR,HDFC RD,NEFT,-760793.16,Investments::RD,lump sum
usr_f6155b85,acc_hdfc_5c05e0,TXN9C98B55EEBA5,2025-03-07,73341.01,debit,INR,Axis Loan,NEFT,-846744.93,Financial Expenses::Loan EMI,due payment
usr_f6155b85,acc_hdfc_5c05e0,TXND5CD79CBE08E,2025-03-07,40888.75,debit,INR,Cook Salary,cash,-920085.94,Housing::Domestic Help,urgent repair
usr_f6155b85,acc_hdfc_5c05e0,TXN4A79473B4C85,2025-03-07,29405.31,debit,INR,MakeMyTrip,card,-1033268.77,Life & Entertainment::Travel & Hotels,date night
usr_f6155b85,acc_icici_34026f,TXNDED8927638C6,2025-03-07,3719.25,debit,INR,Cafe Coffee Day,UPI,-1405303.54,Food & Drinks::Cafes & Coffee,client dinner
usr_f6155b85,acc_hdfc_5c05e0,TXN7B2AFA96857B,2025-03-07,2692.05,debit,INR,Haldiram's,UPI,-1125819.21,Food & Drinks::Dining Out,weekly groceries
usr_f6155b85,acc_hdfc_5c05e0,TXN47CA646A9E0D,2025-03-08,6118.87,debit,INR,PPF Account,NEFT,-754674.29,Investments::PPF / NPS,monthly SIP
usr_f6155b85,acc_icici_34026f,TXN75BE304199DC,2025-03-08,3247.69,debit,INR,Blinkit,UPI,-1068071.71,Food & Drinks::Groceries,post-gym meal
usr_f6155b85,acc_icici_34026f,TXN394C60637797,2025-03-08,6486.26,debit,INR,Flipkart,UPI,-1186125.87,Shopping::Online Shopping,urgent replacement
usr_f6155b85,acc_icici_34026f,TXNC6E6554022C7,2025-03-08,18304.81,debit,INR,Urban Ladder,card,-1247229.5,Housing::Furniture,urgent repair
usr_f6155b85,acc_hdfc_5c05e0,TXNE20BA66EC033,2025-03-08,30914.58,debit,INR,HDFC Auto Loan,NEFT,-1074677.15,Vehicle::Vehicle EMI,
usr_f6155b85,acc_icici_34026f,TXN631BBEF4129B,2025-03-08,4351.79,debit,INR,Insider.in,UPI,-1410298.36,Life & Entertainment::Movies & Events,annual plan
usr_f6155b85,acc_ubi_a8f6a1,TXN98CE9764122A,2025-03-08,47588.14,debit,INR,UrbanClap,UPI,-1142764.71,Housing::Maintenance & Repairs,urgent repair
usr_f6155b85,acc_ubi_a8f6a1,TXN9A4B7F06FB44,2025-03-08,12218.63,debit,INR,HPCL,UPI,-1193760.34,Transportation::Fuel,weekend trip
usr_f6155b85,acc_hdfc_5c05e0,TXNA4625B9DD20D,2025-03-09,2657.87,debit,INR,Adani Electricity,UPI,-751398.42,Housing::Utilities,
usr_f6155b85,acc_icici_34026f,TXND0F7DF4BCAEA,2025-03-09,43249.1,debit,INR,SBI CC Bill,NEFT,-1024822.61,Financial Expenses::Credit Card Bill,
usr_f6155b85,acc_hdfc_5c05e0,TXN4AF41F31A155,2025-03-09,21413.66,debit,INR,Indian Oil,UPI,-986148.51,Transportation::Fuel,airport drop
usr_f6155b85,acc_ubi_a8f6a1,TXNFCEAC343A23B,2025-03-09,45656.27,debit,INR,Income Tax Portal,UPI,-1323061.13,Financial Expenses::Tax Payment,
usr_f6155b85,acc_hdfc_5c05e0,TXN0C0A0E89D1E0,2025-03-10,499.0,debit,INR,Airtel,UPI,-754175.29,Life & Entertainment::Subscriptions,
usr_f6155b85,acc_ubi_a8f6a1,TXNB428C1664E4D,2025-03-10,4620.11,debit,INR,SBI MF,NEFT,-868959.99,Investments::Mutual Fund SIP,emergency fund
usr_f6155b85,acc_icici_34026f,TXNBBC042FEC980,2025-03-10,52991.68,debit,INR,Airtel,UPI,-1192612.13,Housing::Utilities,
usr_f6155b85,acc_ubi_a8f6a1,TXN70531B0C9A73,2025-03-10,114874.42,debit,INR,GST Portal,UPI,-1205978.97,Financial Expenses::Tax Payment,
usr_f6155b85,acc_hdfc_5c05e0,TXNB7DEA096FCEA,2025-03-10,1698.76,debit,INR,Monginis,cash,-1117493.4,Food & Drinks::Bakery & Snacks,family dinner
usr_f6155b85,acc_icici_34026f,TXN2C037F346DF1,2025-03-11,58975.79,debit,INR,Bajaj Finance,NEFT,-957857.67,Financial Expenses::Loan EMI,annual premium
usr_f6155b85,acc_hdfc_5c05e0,TXN3318CC03506C,2025-03-11,22957.96,debit,INR,Mumbai Metro,UPI,-1007562.17,Transportation::Metro & Bus,
usr_f6155b85,acc_icici_34026f,TXNCD0257A739C2,2025-03-11,30680.17,debit,INR,BWSSB,UPI,-1270771.66,Housing::Utilities,
usr_f6155b85,acc_hdfc_5c05e0,TXN850CC8AFA610,2025-03-12,119.0,debit,INR,Spotify,UPI,-754056.29,Life & Entertainment::Subscriptions,
usr_f6155b85,acc_ubi_a8f6a1,TXN4E1B8D7E5943,2025-03-12,2317.43,debit,INR,DMRC,UPI,-935529.71,Transportation::Metro & Bus,
usr_f6155b85,acc_icici_34026f,TXNB9DB15545A83,2025-03-12,77362.47,debit,INR,HDFC Life,UPI,-1304627.76,Financial Expenses::Insurance Premium,
usr_f6155b85,acc_ubi_a8f6a1,TXNEAB99F01518D,2025-03-13,11929.9,debit,INR,HPCL,UPI,-923599.81,Transportation::Fuel,client visit
usr_f6155b85,acc_icici_34026f,TXNFA7D8714CD5F,2025-03-13,557.82,debit,INR,BigBasket,UPI,-1409740.54,Food & Drinks::Groceries,post-gym meal
usr_f6155b85,acc_hdfc_5c05e0,TXN76E2783F472F,2025-03-14,50247.79,debit,INR,Adani Electricity,UPI,-767613.39,Housing::Utilities,monthly bill
usr_f6155b85,acc_hdfc_5c05e0,TXN3C5C19DC516E,2025-03-14,22338.01,debit,INR,Airport Parking,card,-963810.5,Transportation::Parking,weekend trip
usr_f6155b85,acc_icici_34026f,TXN42DD6EEC8FBA,2025-03-14,1450.54,debit,INR,Myntra,UPI,-1269321.12,Shopping::Clothing & Apparel,urgent replacement
usr_f6155b85,acc_icici_34026f,TXNDE4D0BBBA2BD,2025-03-14,3175.93,debit,INR,WB Cakes,UPI,-1301451.83,Food & Drinks::Bakery & Snacks,family dinner
usr_f6155b85,acc_hdfc_5c05e0,TXND81E926E041D,2025-03-15,2748.64,debit,INR,Haldiram's,UPI,-1030520.13,Food & Drinks::Dining Out,
usr_f6155b85,acc_icici_34026f,TXNC47DE48B048B,2025-03-15,717.75,debit,INR,Airtel,UPI,-1409022.79,Housing::Utilities,
usr_f6155b85,acc_icici_34026f,TXNB8D58A0E5DD5,2025-03-15,31272.6,debit,INR,Amazon Gift,UPI,-1414650.15,Life & Entertainment::Gifting,annual plan
usr_f6155b85,acc_hdfc_5c05e0,TXN0AFE915B6BE6,2025-03-16,546.3,debit,INR,UrbanClap,UPI,-767067.09,Housing::Maintenance & Repairs,quarterly maintenance
usr_f6155b85,acc_icici_34026f,TXN5D4B5AA3500C,2025-03-16,29414.48,debit,INR,Goibibo,UPI,-1583149.13,Life & Entertainment::Travel & Hotels,
usr_f6155b85,acc_icici_34026f,TXN5DF93EBD433C,2025-03-17,13853.38,debit,INR,BookMyShow,UPI,-1456687.16,Life & Entertainment::Movies & Events,trial membership
usr_f6155b85,acc_icici_34026f,TXN233E3007B915,2025-03-17,112608.59,debit,INR,HDFC Life,UPI,-1470540.54,Financial Expenses::Insurance Premium,annual premium
usr_f6155b85,acc_hdfc_5c05e0,TXN05EC5B0B6FA8,2025-03-18,1670.29,debit,INR,Chaayos,UPI,-817861.18,Food & Drinks::Cafes & Coffee,
usr_f6155b85,acc_icici_34026f,TXNAA74DDEF4EFC,2025-03-18,1625.69,debit,INR,Blinkit,UPI,-1245603.81,Food & Drinks::Groceries,client dinner
usr_f6155b85,acc_ubi_a8f6a1,TXN92D249092F17,2025-03-18,3407.49,debit,INR,Blue Tokai,UPI,-1190352.85,Food & Drinks::Cafes & Coffee,weekend treat
usr_f6155b85,acc_hdfc_5c05e0,TXN50B4C10FF3AF,2025-03-18,1597.84,debit,INR,TASMAC,cash,-1119192.16,Food & Drinks::Alcohol & Bars,post-gym meal
usr_f6155b85,acc_ubi_a8f6a1,TXN8646C4AAADDB,2025-03-19,2207.74,debit,INR,Monginis,cash,-1320853.39,Food & Drinks::Bakery & Snacks,birthday dinner
usr_f6155b85,acc_icici_34026f,TXND125CF20A05B,2025-03-21,2853.04,debit,INR,Theobroma,card,-1016833.46,Food & Drinks::Bakery & Snacks,family dinner
usr_f6155b85,acc_hdfc_5c05e0,TXNCD4B786A1269,2025-03-21,1345.79,debit,INR,Bosch Car Service,card,-1129422.21,Vehicle::Service & Repair,
usr_f6155b85,acc_hdfc_5c05e0,TXNA3EA2CEC9E33,2025-03-22,27213.46,debit,INR,HDFC Auto Loan,NEFT,-819531.47,Vehicle::Vehicle EMI,tyre change
usr_f6155b85,acc_ubi_a8f6a1,TXNAE4DE5E03E62,2025-03-22,9796.83,debit,INR,H&M,card,-1051148.33,Shopping::Clothing & Apparel,sale purchase
usr_f6155b85,acc_ubi_a8f6a1,TXN6B943A32C143,2025-03-22,2714.36,debit,INR,Social,card,-1090948.85,Food & Drinks::Dining Out,
usr_f6155b85,acc_ubi_a8f6a1,TXN5755246B193F,2025-03-22,5466.7,debit,INR,HDFC Auto Loan,NEFT,-1133650.43,Vehicle::Vehicle EMI,scheduled service
usr_f6155b85,acc_ubi_a8f6a1,TXN7E2E2D172168,2025-03-22,3647.58,debit,INR,Monginis,cash,-1139117.13,Food & Drinks::Bakery & Snacks,office snacks
usr_f6155b85,acc_hdfc_5c05e0,TXN1D204BA305E3,2025-03-22,5029.21,debit,INR,Honda Service,card,-1120790.0,Vehicle::Service & Repair,tyre change
usr_f6155b85,acc_icici_34026f,TXN1D474B40453D,2025-03-23,114806.47,debit,INR,Kotak Charges,debit,-1071319.4,Financial Expenses::Bank Charges,
usr_f6155b85,acc_ubi_a8f6a1,TXN1FB63040A25C,2025-03-23,488.98,debit,INR,Myntra,UPI,-1090459.87,Shopping::Clothing & Apparel,planned buy
usr_f6155b85,acc_ubi_a8f6a1,TXN13D4B3FE82D6,2025-03-23,32083.68,debit,INR,LIC Premium,UPI,-1093663.21,Financial Expenses::Insurance Premium,
usr_f6155b85,acc_icici_34026f,TXN9355E0840737,2025-03-24,3786.81,debit,INR,BBMP Parking,UPI,-1265534.31,Transportation::Parking,airport drop
usr_f6155b85,acc_icici_34026f,TXND213C7B47CD2,2025-03-24,10764.41,debit,INR,Nykaa,UPI,-1445922.75,Shopping::Personal Care,gifting
usr_f6155b85,acc_ubi_a8f6a1,TXN7ACF36BBD538,2025-03-25,16859.05,debit,INR,Toll Plaza,cash,-1073600.82,Transportation::Toll,client visit
usr_f6155b85,acc_ubi_a8f6a1,TXN9F8BC41A1C04,2025-03-25,3114.7,debit,INR,Zomato Dine,UPI,-1440912.85,Food & Drinks::Dining Out,
usr_f6155b85,acc_ubi_a8f6a1,TXN8FAD75AB7BCC,2025-03-26,2464.77,debit,INR,Wine Shop,cash,-921135.04,Food & Drinks::Alcohol & Bars,office snacks
usr_f6155b85,acc_ubi_a8f6a1,TXNDF34D81B43F9,2025-03-27,8969.74,debit,INR,NoBroker Rent,UPI,-1060945.16,Housing::Rent,urgent repair
usr_f6155b85,acc_icici_34026f,TXN806990B4E888,2025-03-27,46246.49,debit,INR,HDFC Home Loan,NEFT,-1612563.61,Financial Expenses::Loan EMI,due payment
usr_f6155b85,acc_hdfc_5c05e0,TXN6E705811C025,2025-03-29,2835.81,debit,INR,TASMAC,cash,-960974.69,Food & Drinks::Alcohol & Bars,weekend treat
usr_f6155b85,acc_hdfc_5c05e0,TXN5AAF92608499,2025-03-29,910.95,debit,INR,Home Centre,card,-1128511.26,Shopping::Home & Kitchen,
usr_f6155b85,acc_ubi_a8f6a1,TXNFED8AC14595E,2025-03-30,3685.92,debit,INR,DMart,UPI,-1069914.9,Housing::Household Supplies,urgent repair
usr_f6155b85,acc_hdfc_5c05e0,TXNB8C676C4E085,2025-03-30,11245.16,debit,INR,BPCL Petrol,UPI,-1106248.24,Transportation::Fuel,
usr_f6155b85,acc_ubi_a8f6a1,TXNA8907A95DA81,2025-03-31,12539.68,debit,INR,Insider.in,UPI,-873580.1,Life & Entertainment::Movies & Events,
usr_f6155b85,acc_ubi_a8f6a1,TXNA5A099FCE464,2025-03-31,5790.97,debit,INR,Decathlon,card,-937847.14,Life & Entertainment::Gym & Sports,
usr_f6155b85,acc_hdfc_5c05e0,TXNDB990D9729A5,2025-03-31,12003.07,debit,INR,Urban Ladder,card,-1062674.08,Shopping::Home & Kitchen,
usr_f6155b85,acc_hdfc_5c05e0,TXN700D57CD36EE,2025-03-31,656.51,debit,INR,Urban Ladder,card,-1105591.73,Shopping::Home & Kitchen,birthday gift
usr_f6155b85,acc_ubi_a8f6a1,TXNF61B3D0E7748,2025-03-31,7514.61,debit,INR,Vahan Portal,UPI,-1433398.24,Vehicle::Registration & Tax,scheduled service
usr_f6155b85,acc_hdfc_5c05e0,TXN16AD2F82FBC9,2025-04-01,22826.74,debit,INR,Uber,UPI,-1549476.58,Transportation::Cab & Auto,office commute
usr_f6155b85,acc_ubi_a8f6a1,TXN03CC113FCE8A,2025-04-01,15681.4,debit,INR,Flipkart Books,UPI,-1876193.26,Shopping::Books & Stationery,urgent replacement
usr_f6155b85,acc_ubi_a8f6a1,TXN74855D8C8E2E,2025-04-01,3000.65,debit,INR,IKEA,card,-1977867.35,Shopping::Home & Kitchen,anniversary
usr_f6155b85,acc_icici_34026f,TXN8ACA265D8CB2,2025-04-02,1711.99,debit,INR,Vijay Sales,card,-1724811.41,Shopping::Electronics,
usr_f6155b85,acc_icici_34026f,TXN4648C23CB7D4,2025-04-03,155048.42,credit,INR,Employer NEFT,NEFT,-1658810.1,Income::Salary,
usr_f6155b85,acc_ubi_a8f6a1,TXNB1D7066BB5B2,2025-04-03,199.0,debit,INR,Netflix,card,-1508127.55,Life & Entertainment::Subscriptions,
usr_f6155b85,acc_ubi_a8f6a1,TXN554B2C900161,2025-04-03,21199.5,debit,INR,Decathlon,card,-1650694.15,Life & Entertainment::Gym & Sports,trial membership
usr_f6155b85,acc_ubi_a8f6a1,TXN0A2A74E18162,2025-04-03,2492.57,debit,INR,Meesho,UPI,-1730401.81,Shopping::Online Shopping,sale purchase
usr_f6155b85,acc_ubi_a8f6a1,TXNA1CF85FFDB76,2025-04-03,3329.71,debit,INR,JioMart,UPI,-1833284.72,Food & Drinks::Groceries,family dinner
usr_f6155b85,acc_ubi_a8f6a1,TXNB149E5D5A170,2025-04-04,12500.0,debit,INR,SBI Home Loan,NEFT,-1495627.55,Financial Expenses::Loan EMI,monthly EMI
usr_f6155b85,acc_hdfc_5c05e0,TXN4359DAD97CC2,2025-04-04,499.0,debit,INR,Airtel,UPI,-1132349.06,Life & Entertainment::Subscriptions,
usr_f6155b85,acc_hdfc_5c05e0,TXN5A6F70FA3874,2025-04-04,3041.8,debit,INR,WB Cakes,UPI,-1461459.05,Food & Drinks::Bakery & Snacks,
usr_f6155b85,acc_ubi_a8f6a1,TXN87B3128D87A5,2025-04-04,92438.17,debit,INR,SBI CC Bill,NEFT,-1738623.51,Financial Expenses::Credit Card Bill,monthly EMI
usr_f6155b85,acc_ubi_a8f6a1,TXN8F967E463141,2025-04-04,71067.76,debit,INR,ICICI Prudential,UPI,-2011983.36,Financial Expenses::Insurance Premium,
usr_f6155b85,acc_ubi_a8f6a1,TXNDC80B2ACEC70,2025-04-05,51600.0,debit,INR,Landlord NEFT,NEFT,-1444027.55,Housing::Rent,monthly rent
usr_f6155b85,acc_hdfc_5c05e0,TXNB060B9773E92,2025-04-05,119.0,debit,INR,Spotify,UPI,-1132230.06,Life & Entertainment::Subscriptions,
usr_f6155b85,acc_icici_34026f,TXNA92365BC47F4,2025-04-05,8296.17,debit,INR,HDFC Auto Loan,NEFT,-1585279.33,Vehicle::Vehicle EMI,
usr_f6155b85,acc_icici_34026f,TXN4FDE8725C36E,2025-04-05,8575.73,debit,INR,Local Bookshop,cash,-1639706.66,Shopping::Books & Stationery,gifting
usr_f6155b85,acc_ubi_a8f6a1,TXN72762B2AEEAC,2025-04-06,5924.19,debit,INR,PPF Account,NEFT,-1508326.55,Investments::PPF / NPS,
usr_f6155b85,acc_hdfc_5c05e0,TXNC62A4569F0F2,2025-04-06,6506.82,debit,INR,HDFC RD,NEFT,-1133376.06,Investments::RD,monthly SIP
usr_f6155b85,acc_ubi_a8f6a1,TXN9BBAB5D45B1E,2025-04-06,17695.89,debit,INR,Urban Ladder,card,-1533094.43,Shopping::Home & Kitchen,
usr_f6155b85,acc_ubi_a8f6a1,TXNFAEFB282D2D1,2025-04-06,2223.04,debit,INR,Theobroma,card,-1831061.68,Food & Drinks::Bakery & Snacks,team lunch
usr_f6155b85,acc_hdfc_5c05e0,TXNB13343474D92,2025-04-07,14948.96,debit,INR,Indian Oil,UPI,-1150338.63,Transportation::Fuel,
usr_f6155b85,acc_ubi_a8f6a1,TXN29AF51508076,2025-04-07,7254.94,debit,INR,Ajio,UPI,-1939207.62,Shopping::Clothing & Apparel,birthday gift
usr_f6155b85,acc_ubi_a8f6a1,TXN61E24B21BCC0,2025-04-07,24102.02,debit,INR,FNP Flowers,card,-1953765.33,Life & Entertainment::Gifting,date night
usr_f6155b85,acc_hdfc_5c05e0,TXNAA5E0AEE413C,2025-04-08,129.0,debit,INR,YouTube Premium,UPI,-1132848.06,Life & Entertainment::Subscriptions,
usr_f6155b85,acc_ubi_a8f6a1,TXN45BD95AA30D0,2025-04-08,4644.46,debit,INR,SBI MF,NEFT,-1514250.74,Investments::Mutual Fund SIP,goal-based
usr_f6155b85,acc_icici_34026f,TXNED578F741714,2025-04-08,21127.11,debit,INR,IRCTC,UPI,-1510335.46,Transportation::Flight & Train,weekend trip
usr_f6155b85,acc_hdfc_5c05e0,TXN19DD99968FE4,2025-04-09,399.0,debit,INR,Jio Fiber,UPI,-1132977.06,Life & Entertainment::Subscriptions,
usr_f6155b85,acc_hdfc_5c05e0,TXN41883C284409,2025-04-10,1462.06,debit,INR,Airtel,UPI,-1130768.0,Housing::Utilities,
usr_f6155b85,acc_ubi_a8f6a1,TXNADA61EE25AA7,2025-04-10,1787.63,debit,INR,Local Bakery,cash,-1550790.32,Food & Drinks::Bakery & Snacks,client dinner
usr_f6155b85,acc_icici_34026f,TXN56A3D79D1653,2025-04-10,13195.8,debit,INR,Mamaearth,UPI,-1593575.5,Shopping::Personal Care,
usr_f6155b85,acc_ubi_a8f6a1,TXN0421BB517C28,2025-04-11,39578.83,debit,INR,Airbnb,card,-1836614.43,Life & Entertainment::Travel & Hotels,family outing
usr_f6155b85,acc_icici_34026f,TXN4276D842E68D,2025-04-11,10601.92,debit,INR,HDFC ERGO,UPI,-1683823.39,Vehicle::Insurance,accidental repair
usr_f6155b85,acc_icici_34026f,TXN75624B3314F6,2025-04-12,5255.55,debit,INR,ICICI Prudential,UPI,-1503761.68,Financial Expenses::Insurance Premium,
usr_f6155b85,acc_ubi_a8f6a1,TXN8EC465DF1E96,2025-04-12,13184.87,debit,INR,Amazon Books,UPI,-1518895.2,Shopping::Books & Stationery,sale purchase
usr_f6155b85,acc_hdfc_5c05e0,TXND1D5F9F3E3AC,2025-04-12,39338.79,debit,INR,Coursera,card,-1249018.37,Life & Entertainment::Education,date night
usr_f6155b85,acc_hdfc_5c05e0,TXN953A541571B3,2025-04-12,14549.25,debit,INR,H&M,card,-1586896.96,Shopping::Clothing & Apparel,anniversary
usr_f6155b85,acc_hdfc_5c05e0,TXNC0C9EE7ABB25,2025-04-12,15032.29,debit,INR,BWSSB,UPI,-1601446.21,Housing::Utilities,monthly bill
usr_f6155b85,acc_icici_34026f,TXNE272D102A5FC,2025-04-12,22104.33,debit,INR,GST Portal,UPI,-1773800.46,Financial Expenses::Tax Payment,annual premium
usr_f6155b85,acc_hdfc_5c05e0,TXN6CA7064561EB,2025-04-12,4852.11,debit,INR,ICICI CC Bill,NEFT,-1765792.48,Financial Expenses::Credit Card Bill,monthly EMI
usr_f6155b85,acc_hdfc_5c05e0,TXNB1C0C5947B7B,2025-04-13,21528.02,debit,INR,Local Store,cash,-1469776.64,Housing::Household Supplies,urgent repair
usr_f6155b85,acc_icici_34026f,TXN5FF6C16188FA,2025-04-13,32877.27,debit,INR,Adani Electricity,UPI,-1550316.05,Housing::Utilities,urgent repair
usr_f6155b85,acc_icici_34026f,TXN008F688A251F,2025-04-13,35541.0,debit,INR,Shell,card,-1648282.39,Transportation::Fuel,client visit
usr_f6155b85,acc_hdfc_5c05e0,TXNF9116559D99C,2025-04-13,2431.65,debit,INR,Nykaa,UPI,-1774341.75,Shopping::Online Shopping,urgent replacement
usr_f6155b85,acc_icici_34026f,TXNDB5AA2D5544D,2025-04-14,1318.23,debit,INR,Home Centre,card,-1509017.23,Shopping::Home & Kitchen,
usr_f6155b85,acc_hdfc_5c05e0,TXNEB5DADE5E9A2,2025-04-14,28044.98,debit,INR,MakeMyTrip,card,-1340503.32,Life & Entertainment::Travel & Hotels,date night
usr_f6155b85,acc_hdfc_5c05e0,TXN4C29548FC42E,2025-04-14,5275.79,debit,INR,Pepperfry,UPI,-1464500.85,Shopping::Home & Kitchen,birthday gift
usr_f6155b85,acc_hdfc_5c05e0,TXN3A5CE95D89E3,2025-04-14,33689.58,debit,INR,Rapido,UPI,-1616478.5,Transportation::Cab & Auto,office commute
usr_f6155b85,acc_hdfc_5c05e0,TXN6D871EADD107,2025-04-15,50110.11,debit,INR,Flipkart Gift,UPI,-1165287.59,Life & Entertainment::Gifting,date night
usr_f6155b85,acc_hdfc_5c05e0,TXN7C626121BC1F,2025-04-15,33620.67,debit,INR,Amazon Prime,card,-1215397.7,Life & Entertainment::Subscriptions,family outing
usr_f6155b85,acc_hdfc_5c05e0,TXN70A179239D4B,2025-04-15,28152.47,debit,INR,Booking.com,card,-1368548.3,Life & Entertainment::Travel & Hotels,trial membership
usr_f6155b85,acc_ubi_a8f6a1,TXNA653E48462B6,2025-04-15,2140.11,debit,INR,PVR Cinemas,card,-1735895.93,Life & Entertainment::Movies & Events,trial membership
usr_f6155b85,acc_ubi_a8f6a1,TXNF6C574BAA7D2,2025-04-16,58508.16,debit,INR,Local Store,cash,-1671893.65,Housing::Household Supplies,monthly bill
usr_f6155b85,acc_hdfc_5c05e0,TXN179A0491A098,2025-04-16,11418.04,debit,INR,Mamaearth,UPI,-1575478.92,Shopping::Personal Care,
usr_f6155b85,acc_hdfc_5c05e0,TXN1345DD044F90,2025-04-17,10455.75,debit,INR,Goibibo,UPI,-1139882.88,Life & Entertainment::Travel & Hotels,movie night
usr_f6155b85,acc_icici_34026f,TXN215F89358558,2025-04-17,18084.73,debit,INR,Honda Service,card,-1531462.57,Vehicle::Service & Repair,scheduled service
usr_f6155b85,acc_ubi_a8f6a1,TXNE6BF5FDF9BD0,2025-04-18,1014.36,debit,INR,JioMart,UPI,-1532080.07,Food & Drinks::Groceries,weekly groceries
usr_f6155b85,acc_icici_34026f,TXN5E92FA1E6050,2025-04-18,6390.32,debit,INR,Local Bookshop,cash,-1699778.78,Shopping::Books & Stationery,
usr_f6155b85,acc_icici_34026f,TXN4D5EAEAFBC84,2025-04-18,16744.95,debit,INR,KSRTC,UPI,-1706169.1,Transportation::Metro & Bus,
usr_f6155b85,acc_ubi_a8f6a1,TXN87B345088C7B,2025-04-19,41925.38,debit,INR,YouTube Premium,UPI,-1591313.99,Life & Entertainment::Subscriptions,movie night
usr_f6155b85,acc_hdfc_5c05e0,TXNC86E21482791,2025-04-19,49544.43,debit,INR,BESCOM,UPI,-1498014.68,Housing::Utilities,
usr_f6155b85,acc_hdfc_5c05e0,TXN9D2BB12B9708,2025-04-20,23883.98,debit,INR,Ola,UPI,-1288357.16,Transportation::Cab & Auto,office commute
usr_f6155b85,acc_ubi_a8f6a1,TXNC68D49734E44,2025-04-20,11059.1,debit,INR,Pepperfry,UPI,-1633239.37,Shopping::Home & Kitchen,gifting
usr_f6155b85,acc_hdfc_5c05e0,TXNC7B83BD50CCE,2025-04-20,3964.64,debit,INR,DMart,UPI,-1491304.66,Food & Drinks::Groceries,
usr_f6155b85,acc_hdfc_5c05e0,TXN3BDC3F003BA8,2025-04-20,1917.47,debit,INR,HDFC Bank Charges,debit,-1547559.11,Financial Expenses::Bank Charges,
usr_f6155b85,acc_hdfc_5c05e0,TXNF94B6E2B4248,2025-04-20,3175.6,debit,INR,Chemist Warehouse,cash,-1572303.32,Shopping::Personal Care,sale purchase
usr_f6155b85,acc_ubi_a8f6a1,TXN73C35C300721,2025-04-21,587.47,debit,INR,Zara,card,-1738036.04,Shopping::Clothing & Apparel,sale purchase
usr_f6155b85,acc_icici_34026f,TXNFC8BD470F0FD,2025-04-21,38398.56,debit,INR,Axis Loan,NEFT,-1735401.9,Financial Expenses::Loan EMI,monthly EMI
usr_f6155b85,acc_hdfc_5c05e0,TXN8D13CA07EE80,2025-04-22,3373.1,debit,INR,Chaayos,UPI,-1396700.77,Food & Drinks::Cafes & Coffee,office snacks
usr_f6155b85,acc_icici_34026f,TXN798C66707714,2025-04-22,768.75,debit,INR,IndiGo,card,-1549547.3,Transportation::Flight & Train,
usr_f6155b85,acc_ubi_a8f6a1,TXNC1A1BB91FC04,2025-04-22,3001.55,debit,INR,Wine Shop,cash,-1732894.38,Food & Drinks::Alcohol & Bars,
usr_f6155b85,acc_icici_34026f,TXNFC9F57283CEB,2025-04-23,32935.36,debit,INR,Vahan Portal,UPI,-1606771.3,Vehicle::Registration & Tax,scheduled service
usr_f6155b85,acc_ubi_a8f6a1,TXN86DE0FB75CAA,2025-04-23,31115.36,debit,INR,SBI Home Loan,NEFT,-1980868.0,Financial Expenses::Loan EMI,
usr_f6155b85,acc_hdfc_5c05e0,TXNDE589DD85A7C,2025-04-25,61385.18,debit,INR,LIC Premium,UPI,-1400073.87,Financial Expenses::Insurance Premium,annual premium
usr_f6155b85,acc_hdfc_5c05e0,TXN5D52DABA3C44,2025-04-25,3697.16,debit,INR,BBMP Parking,UPI,-1770644.59,Transportation::Parking,office commute
usr_f6155b85,acc_hdfc_5c05e0,TXN4CB21523630F,2025-04-26,28262.18,debit,INR,Uber,UPI,-1312241.14,Transportation::Cab & Auto,airport drop
usr_f6155b85,acc_icici_34026f,TXN2A92E53A1C81,2025-04-26,5353.47,debit,INR,Croma,card,-1694425.31,Shopping::Electronics,urgent replacement
usr_f6155b85,acc_hdfc_5c05e0,TXNFC746BA91593,2025-04-27,115624.4,debit,INR,Advance Tax,NEFT,-1650168.08,Financial Expenses::Tax Payment,monthly EMI
usr_f6155b85,acc_ubi_a8f6a1,TXN9229E7A3239E,2025-04-28,6395.68,debit,INR,HDFC ERGO,UPI,-1644298.47,Vehicle::Insurance,scheduled service
usr_f6155b85,acc_hdfc_5c05e0,TXN281CFDF3ED61,2025-04-28,2745.38,debit,INR,Haldiram's,UPI,-1495269.3,Food & Drinks::Dining Out,office snacks
usr_f6155b85,acc_icici_34026f,TXN9BB2DCE76A2B,2025-04-28,1897.36,debit,INR,Amazon Books,UPI,-1722914.05,Shopping::Books & Stationery,
usr_f6155b85,acc_icici_34026f,TXN5F45B15696F5,2025-04-28,8878.5,debit,INR,Apollo Pharmacy,UPI,-1726523.4,Shopping::Personal Care,
usr_f6155b85,acc_ubi_a8f6a1,TXNF7EE86D911C1,2025-04-29,38360.3,debit,INR,Urban Ladder,card,-1552577.95,Housing::Furniture,urgent repair
usr_f6155b85,acc_ubi_a8f6a1,TXNA87CB7D2DF93,2025-04-29,375.74,debit,INR,Chaayos,UPI,-1590938.25,Food & Drinks::Cafes & Coffee,client dinner
usr_f6155b85,acc_ubi_a8f6a1,TXN185517616FE3,2025-04-29,7302.77,debit,INR,H&M,card,-1946462.56,Shopping::Clothing & Apparel,birthday gift
usr_f6155b85,acc_icici_34026f,TXNEEEC6FF8E22C,2025-04-30,2086.01,debit,INR,Local Restaurant,cash,-1583193.32,Food & Drinks::Dining Out,
usr_f6155b85,acc_ubi_a8f6a1,TXNAD501C1F4C55,2025-04-30,47332.96,debit,INR,IKEA,card,-1891874.66,Housing::Furniture,quarterly maintenance
